geo_level,state_alpha,geo_code,geo_name,year,table_row,data_item,short_desc,domain_desc,domaincat_desc,unit_desc,value,value_num,censored,nass_code,row_type,var_name,note
STATE,AK,02,Alaska,1997,1,FARM OPERATIONS - NUMBER OF OPERATIONS,FARM OPERATIONS - NUMBER OF OPERATIONS,TOTAL,NOT SPECIFIED,OPERATIONS,548,548,FALSE,NA,NASS Table 1,farm_operations_number_of_operations,NA
STATE,AK,02,Alaska,2002,1,FARM OPERATIONS - NUMBER OF OPERATIONS,FARM OPERATIONS - NUMBER OF OPERATIONS,TOTAL,NOT SPECIFIED,OPERATIONS,609,609,FALSE,NA,NASS Table 1,farm_operations_number_of_operations,NA
STATE,AK,02,Alaska,2007,1,FARM OPERATIONS - NUMBER OF OPERATIONS,FARM OPERATIONS - NUMBER OF OPERATIONS,TOTAL,NOT SPECIFIED,OPERATIONS,686,686,FALSE,NA,NASS Table 1,farm_operations_number_of_operations,NA
STATE,AK,02,Alaska,2012,1,FARM OPERATIONS - NUMBER OF OPERATIONS,FARM OPERATIONS - NUMBER OF OPERATIONS,TOTAL,NOT SPECIFIED,OPERATIONS,762,762,FALSE,NA,NASS Table 1,farm_operations_number_of_operations,NA
STATE,AK,02,Alaska,2017,1,FARM OPERATIONS - NUMBER OF OPERATIONS,FARM OPERATIONS - NUMBER OF OPERATIONS,TOTAL,NOT SPECIFIED,OPERATIONS,990,990,FALSE,NA,NASS Table 1,farm_operations_number_of_operations,NA
STATE,AK,02,Alaska,2022,1,FARM OPERATIONS - NUMBER OF OPERATIONS,FARM OPERATIONS - NUMBER OF OPERATIONS,TOTAL,NOT SPECIFIED,OPERATIONS,1173,1173,FALSE,NA,NASS Table 1,farm_operations_number_of_operations,NA
STATE,AK,02,Alaska,1997,2,FARM OPERATIONS - ACRES OPERATED,FARM OPERATIONS - ACRES OPERATED,TOTAL,NOT SPECIFIED,ACRES,881045,881045,FALSE,NA,NASS Table 1,farm_operations_acres_operated,NA
STATE,AK,02,Alaska,2002,2,FARM OPERATIONS - ACRES OPERATED,FARM OPERATIONS - ACRES OPERATED,TOTAL,NOT SPECIFIED,ACRES,900715,900715,FALSE,NA,NASS Table 1,farm_operations_acres_operated,NA
STATE,AK,02,Alaska,2007,2,FARM OPERATIONS - ACRES OPERATED,FARM OPERATIONS - ACRES OPERATED,TOTAL,NOT SPECIFIED,ACRES,881585,881585,FALSE,NA,NASS Table 1,farm_operations_acres_operated,NA
STATE,AK,02,Alaska,2012,2,FARM OPERATIONS - ACRES OPERATED,FARM OPERATIONS - ACRES OPERATED,TOTAL,NOT SPECIFIED,ACRES,833861,833861,FALSE,NA,NASS Table 1,farm_operations_acres_operated,NA
STATE,AK,02,Alaska,2017,2,FARM OPERATIONS - ACRES OPERATED,FARM OPERATIONS - ACRES OPERATED,TOTAL,NOT SPECIFIED,ACRES,849753,849753,FALSE,NA,NASS Table 1,farm_operations_acres_operated,NA
STATE,AK,02,Alaska,2022,2,FARM OPERATIONS - ACRES OPERATED,FARM OPERATIONS - ACRES OPERATED,TOTAL,NOT SPECIFIED,ACRES,869852,869852,FALSE,NA,NASS Table 1,farm_operations_acres_operated,NA
STATE,AK,02,Alaska,2002,3,"FARM OPERATIONS - AREA OPERATED, MEASURED IN ACRES / OPERATION","FARM OPERATIONS - AREA OPERATED, MEASURED IN ACRES / OPERATION",TOTAL,NOT SPECIFIED,ACRES / OPERATION,1479,1479,FALSE,NA,NASS Table 1,farm_operations_area_operated_acres_per_operation,NA
STATE,AK,02,Alaska,2007,3,"FARM OPERATIONS - AREA OPERATED, MEASURED IN ACRES / OPERATION","FARM OPERATIONS - AREA OPERATED, MEASURED IN ACRES / OPERATION",TOTAL,NOT SPECIFIED,ACRES / OPERATION,1285,1285,FALSE,NA,NASS Table 1,farm_operations_area_operated_acres_per_operation,NA
STATE,AK,02,Alaska,2012,3,"FARM OPERATIONS - AREA OPERATED, MEASURED IN ACRES / OPERATION","FARM OPERATIONS - AREA OPERATED, MEASURED IN ACRES / OPERATION",TOTAL,NOT SPECIFIED,ACRES / OPERATION,1094,1094,FALSE,NA,NASS Table 1,farm_operations_area_operated_acres_per_operation,NA
STATE,AK,02,Alaska,2017,3,"FARM OPERATIONS - AREA OPERATED, MEASURED IN ACRES / OPERATION","FARM OPERATIONS - AREA OPERATED, MEASURED IN ACRES / OPERATION",TOTAL,NOT SPECIFIED,ACRES / OPERATION,858,858,FALSE,NA,NASS Table 1,farm_operations_area_operated_acres_per_operation,NA
STATE,AK,02,Alaska,2022,3,"FARM OPERATIONS - AREA OPERATED, MEASURED IN ACRES / OPERATION","FARM OPERATIONS - AREA OPERATED, MEASURED IN ACRES / OPERATION",TOTAL,NOT SPECIFIED,ACRES / OPERATION,742,742,FALSE,NA,NASS Table 1,farm_operations_area_operated_acres_per_operation,NA
STATE,AK,02,Alaska,2002,4,"FARM OPERATIONS - AREA OPERATED, MEASURED IN ACRES / OPERATION, MEDIAN","FARM OPERATIONS - AREA OPERATED, MEASURED IN ACRES / OPERATION, MEDIAN",TOTAL,NOT SPECIFIED,"ACRES / OPERATION, MEDIAN",81,81,FALSE,NA,NASS Table 1,farm_operations_area_operated_acres_per_operation_median,NA
STATE,AK,02,Alaska,2007,4,"FARM OPERATIONS - AREA OPERATED, MEASURED IN ACRES / OPERATION, MEDIAN","FARM OPERATIONS - AREA OPERATED, MEASURED IN ACRES / OPERATION, MEDIAN",TOTAL,NOT SPECIFIED,"ACRES / OPERATION, MEDIAN",60,60,FALSE,NA,NASS Table 1,farm_operations_area_operated_acres_per_operation_median,NA
STATE,AK,02,Alaska,2012,4,"FARM OPERATIONS - AREA OPERATED, MEASURED IN ACRES / OPERATION, MEDIAN","FARM OPERATIONS - AREA OPERATED, MEASURED IN ACRES / OPERATION, MEDIAN",TOTAL,NOT SPECIFIED,"ACRES / OPERATION, MEDIAN",33,33,FALSE,NA,NASS Table 1,farm_operations_area_operated_acres_per_operation_median,NA
STATE,AK,02,Alaska,2017,4,"FARM OPERATIONS - AREA OPERATED, MEASURED IN ACRES / OPERATION, MEDIAN","FARM OPERATIONS - AREA OPERATED, MEASURED IN ACRES / OPERATION, MEDIAN",TOTAL,NOT SPECIFIED,"ACRES / OPERATION, MEDIAN",13,13,FALSE,NA,NASS Table 1,farm_operations_area_operated_acres_per_operation_median,NA
STATE,AK,02,Alaska,2022,4,"FARM OPERATIONS - AREA OPERATED, MEASURED IN ACRES / OPERATION, MEDIAN","FARM OPERATIONS - AREA OPERATED, MEASURED IN ACRES / OPERATION, MEDIAN",TOTAL,NOT SPECIFIED,"ACRES / OPERATION, MEDIAN",12,12,FALSE,NA,NASS Table 1,farm_operations_area_operated_acres_per_operation_median,NA
STATE,AK,02,Alaska,1997,5,"AG LAND, INCL BUILDINGS - ASSET VALUE, MEASURED IN $ / OPERATION","AG LAND, INCL BUILDINGS - ASSET VALUE, MEASURED IN $ / OPERATION",TOTAL,NOT SPECIFIED,$ / OPERATION,486827,486827,FALSE,NA,NASS Table 1,ag_land_incl_buildings_asset_value_usd_per_operation,NA
STATE,AK,02,Alaska,2002,5,"AG LAND, INCL BUILDINGS - ASSET VALUE, MEASURED IN $ / OPERATION","AG LAND, INCL BUILDINGS - ASSET VALUE, MEASURED IN $ / OPERATION",TOTAL,NOT SPECIFIED,$ / OPERATION,543213,543213,FALSE,NA,NASS Table 1,ag_land_incl_buildings_asset_value_usd_per_operation,NA
STATE,AK,02,Alaska,2007,5,"AG LAND, INCL BUILDINGS - ASSET VALUE, MEASURED IN $ / OPERATION","AG LAND, INCL BUILDINGS - ASSET VALUE, MEASURED IN $ / OPERATION",TOTAL,NOT SPECIFIED,$ / OPERATION,502342,502342,FALSE,NA,NASS Table 1,ag_land_incl_buildings_asset_value_usd_per_operation,NA
STATE,AK,02,Alaska,2012,5,"AG LAND, INCL BUILDINGS - ASSET VALUE, MEASURED IN $ / OPERATION","AG LAND, INCL BUILDINGS - ASSET VALUE, MEASURED IN $ / OPERATION",TOTAL,NOT SPECIFIED,$ / OPERATION,681479,681479,FALSE,NA,NASS Table 1,ag_land_incl_buildings_asset_value_usd_per_operation,NA
STATE,AK,02,Alaska,2017,5,"AG LAND, INCL BUILDINGS - ASSET VALUE, MEASURED IN $ / OPERATION","AG LAND, INCL BUILDINGS - ASSET VALUE, MEASURED IN $ / OPERATION",TOTAL,NOT SPECIFIED,$ / OPERATION,616112,616112,FALSE,NA,NASS Table 1,ag_land_incl_buildings_asset_value_usd_per_operation,NA
STATE,AK,02,Alaska,2022,5,"AG LAND, INCL BUILDINGS - ASSET VALUE, MEASURED IN $ / OPERATION","AG LAND, INCL BUILDINGS - ASSET VALUE, MEASURED IN $ / OPERATION",TOTAL,NOT SPECIFIED,$ / OPERATION,773460,773460,FALSE,NA,NASS Table 1,ag_land_incl_buildings_asset_value_usd_per_operation,NA
STATE,AK,02,Alaska,1997,6,"AG LAND, INCL BUILDINGS - ASSET VALUE, MEASURED IN $ / ACRE","AG LAND, INCL BUILDINGS - ASSET VALUE, MEASURED IN $ / ACRE",TOTAL,NOT SPECIFIED,$ / ACRE,303,303,FALSE,NA,NASS Table 1,ag_land_incl_buildings_asset_value_usd_per_acre,NA
STATE,AK,02,Alaska,2002,6,"AG LAND, INCL BUILDINGS - ASSET VALUE, MEASURED IN $ / ACRE","AG LAND, INCL BUILDINGS - ASSET VALUE, MEASURED IN $ / ACRE",TOTAL,NOT SPECIFIED,$ / ACRE,367,367,FALSE,NA,NASS Table 1,ag_land_incl_buildings_asset_value_usd_per_acre,NA
STATE,AK,02,Alaska,2007,6,"AG LAND, INCL BUILDINGS - ASSET VALUE, MEASURED IN $ / ACRE","AG LAND, INCL BUILDINGS - ASSET VALUE, MEASURED IN $ / ACRE",TOTAL,NOT SPECIFIED,$ / ACRE,391,391,FALSE,NA,NASS Table 1,ag_land_incl_buildings_asset_value_usd_per_acre,NA
STATE,AK,02,Alaska,2012,6,"AG LAND, INCL BUILDINGS - ASSET VALUE, MEASURED IN $ / ACRE","AG LAND, INCL BUILDINGS - ASSET VALUE, MEASURED IN $ / ACRE",TOTAL,NOT SPECIFIED,$ / ACRE,623,623,FALSE,NA,NASS Table 1,ag_land_incl_buildings_asset_value_usd_per_acre,NA
STATE,AK,02,Alaska,2017,6,"AG LAND, INCL BUILDINGS - ASSET VALUE, MEASURED IN $ / ACRE","AG LAND, INCL BUILDINGS - ASSET VALUE, MEASURED IN $ / ACRE",TOTAL,NOT SPECIFIED,$ / ACRE,718,718,FALSE,NA,NASS Table 1,ag_land_incl_buildings_asset_value_usd_per_acre,NA
STATE,AK,02,Alaska,2022,6,"AG LAND, INCL BUILDINGS - ASSET VALUE, MEASURED IN $ / ACRE","AG LAND, INCL BUILDINGS - ASSET VALUE, MEASURED IN $ / ACRE",TOTAL,NOT SPECIFIED,$ / ACRE,1043,1043,FALSE,NA,NASS Table 1,ag_land_incl_buildings_asset_value_usd_per_acre,NA
STATE,AK,02,Alaska,1997,7,"MACHINERY TOTALS - ASSET VALUE, MEASURED IN $","MACHINERY TOTALS - ASSET VALUE, MEASURED IN $",TOTAL,NOT SPECIFIED,$,28993000,28993000,FALSE,NA,NASS Table 1,machinery_totals_asset_value_usd,NA
STATE,AK,02,Alaska,2002,7,"MACHINERY TOTALS - ASSET VALUE, MEASURED IN $","MACHINERY TOTALS - ASSET VALUE, MEASURED IN $",TOTAL,NOT SPECIFIED,$,41853000,41853000,FALSE,NA,NASS Table 1,machinery_totals_asset_value_usd,NA
STATE,AK,02,Alaska,2007,7,"MACHINERY TOTALS - ASSET VALUE, MEASURED IN $","MACHINERY TOTALS - ASSET VALUE, MEASURED IN $",TOTAL,NOT SPECIFIED,$,54082000,54082000,FALSE,NA,NASS Table 1,machinery_totals_asset_value_usd,NA
STATE,AK,02,Alaska,2012,7,"MACHINERY TOTALS - ASSET VALUE, MEASURED IN $","MACHINERY TOTALS - ASSET VALUE, MEASURED IN $",TOTAL,NOT SPECIFIED,$,66633000,66633000,FALSE,NA,NASS Table 1,machinery_totals_asset_value_usd,NA
STATE,AK,02,Alaska,2017,7,"MACHINERY TOTALS - ASSET VALUE, MEASURED IN $","MACHINERY TOTALS - ASSET VALUE, MEASURED IN $",TOTAL,NOT SPECIFIED,$,90706000,90706000,FALSE,NA,NASS Table 1,machinery_totals_asset_value_usd,NA
STATE,AK,02,Alaska,2022,7,"MACHINERY TOTALS - ASSET VALUE, MEASURED IN $","MACHINERY TOTALS - ASSET VALUE, MEASURED IN $",TOTAL,NOT SPECIFIED,$,83617000,83617000,FALSE,NA,NASS Table 1,machinery_totals_asset_value_usd,NA
STATE,AK,02,Alaska,1997,8,"MACHINERY TOTALS - ASSET VALUE, MEASURED IN $ / OPERATION","MACHINERY TOTALS - ASSET VALUE, MEASURED IN $ / OPERATION",TOTAL,NOT SPECIFIED,$ / OPERATION,53003,53003,FALSE,NA,NASS Table 1,machinery_totals_asset_value_usd_per_operation,NA
STATE,AK,02,Alaska,2002,8,"MACHINERY TOTALS - ASSET VALUE, MEASURED IN $ / OPERATION","MACHINERY TOTALS - ASSET VALUE, MEASURED IN $ / OPERATION",TOTAL,NOT SPECIFIED,$ / OPERATION,71790,71790,FALSE,NA,NASS Table 1,machinery_totals_asset_value_usd_per_operation,NA
STATE,AK,02,Alaska,2007,8,"MACHINERY TOTALS - ASSET VALUE, MEASURED IN $ / OPERATION","MACHINERY TOTALS - ASSET VALUE, MEASURED IN $ / OPERATION",TOTAL,NOT SPECIFIED,$ / OPERATION,78837,78837,FALSE,NA,NASS Table 1,machinery_totals_asset_value_usd_per_operation,NA
STATE,AK,02,Alaska,2012,8,"MACHINERY TOTALS - ASSET VALUE, MEASURED IN $ / OPERATION","MACHINERY TOTALS - ASSET VALUE, MEASURED IN $ / OPERATION",TOTAL,NOT SPECIFIED,$ / OPERATION,87445,87445,FALSE,NA,NASS Table 1,machinery_totals_asset_value_usd_per_operation,NA
STATE,AK,02,Alaska,2017,8,"MACHINERY TOTALS - ASSET VALUE, MEASURED IN $ / OPERATION","MACHINERY TOTALS - ASSET VALUE, MEASURED IN $ / OPERATION",TOTAL,NOT SPECIFIED,$ / OPERATION,91623,91623,FALSE,NA,NASS Table 1,machinery_totals_asset_value_usd_per_operation,NA
STATE,AK,02,Alaska,2022,8,"MACHINERY TOTALS - ASSET VALUE, MEASURED IN $ / OPERATION","MACHINERY TOTALS - ASSET VALUE, MEASURED IN $ / OPERATION",TOTAL,NOT SPECIFIED,$ / OPERATION,71284,71284,FALSE,NA,NASS Table 1,machinery_totals_asset_value_usd_per_operation,NA
STATE,AK,02,Alaska,1997,9,FARM OPERATIONS - NUMBER OF OPERATIONS | AREA OPERATED: (1.0 TO 9.9 ACRES),FARM OPERATIONS - NUMBER OF OPERATIONS,AREA OPERATED,AREA OPERATED: (1.0 TO 9.9 ACRES),OPERATIONS,96,96,FALSE,NA,NASS Table 1,farm_operations_number_of_operations_area_operated_1_0_to_9_9_acres,NA
STATE,AK,02,Alaska,2002,9,FARM OPERATIONS - NUMBER OF OPERATIONS | AREA OPERATED: (1.0 TO 9.9 ACRES),FARM OPERATIONS - NUMBER OF OPERATIONS,AREA OPERATED,AREA OPERATED: (1.0 TO 9.9 ACRES),OPERATIONS,127,127,FALSE,NA,NASS Table 1,farm_operations_number_of_operations_area_operated_1_0_to_9_9_acres,NA
STATE,AK,02,Alaska,2007,9,FARM OPERATIONS - NUMBER OF OPERATIONS | AREA OPERATED: (1.0 TO 9.9 ACRES),FARM OPERATIONS - NUMBER OF OPERATIONS,AREA OPERATED,AREA OPERATED: (1.0 TO 9.9 ACRES),OPERATIONS,165,165,FALSE,NA,NASS Table 1,farm_operations_number_of_operations_area_operated_1_0_to_9_9_acres,NA
STATE,AK,02,Alaska,2012,9,FARM OPERATIONS - NUMBER OF OPERATIONS | AREA OPERATED: (1.0 TO 9.9 ACRES),FARM OPERATIONS - NUMBER OF OPERATIONS,AREA OPERATED,AREA OPERATED: (1.0 TO 9.9 ACRES),OPERATIONS,247,247,FALSE,NA,NASS Table 1,farm_operations_number_of_operations_area_operated_1_0_to_9_9_acres,NA
STATE,AK,02,Alaska,2017,9,FARM OPERATIONS - NUMBER OF OPERATIONS | AREA OPERATED: (1.0 TO 9.9 ACRES),FARM OPERATIONS - NUMBER OF OPERATIONS,AREA OPERATED,AREA OPERATED: (1.0 TO 9.9 ACRES),OPERATIONS,428,428,FALSE,NA,NASS Table 1,farm_operations_number_of_operations_area_operated_1_0_to_9_9_acres,NA
STATE,AK,02,Alaska,2022,9,FARM OPERATIONS - NUMBER OF OPERATIONS | AREA OPERATED: (1.0 TO 9.9 ACRES),FARM OPERATIONS - NUMBER OF OPERATIONS,AREA OPERATED,AREA OPERATED: (1.0 TO 9.9 ACRES),OPERATIONS,500,500,FALSE,NA,NASS Table 1,farm_operations_number_of_operations_area_operated_1_0_to_9_9_acres,NA
STATE,AK,02,Alaska,1997,10,FARM OPERATIONS - NUMBER OF OPERATIONS | AREA OPERATED: (10.0 TO 49.9 ACRES),FARM OPERATIONS - NUMBER OF OPERATIONS,AREA OPERATED,AREA OPERATED: (10.0 TO 49.9 ACRES),OPERATIONS,98,98,FALSE,NA,NASS Table 1,farm_operations_number_of_operations_area_operated_10_0_to_49_9_acres,NA
STATE,AK,02,Alaska,2002,10,FARM OPERATIONS - NUMBER OF OPERATIONS | AREA OPERATED: (10.0 TO 49.9 ACRES),FARM OPERATIONS - NUMBER OF OPERATIONS,AREA OPERATED,AREA OPERATED: (10.0 TO 49.9 ACRES),OPERATIONS,129,129,FALSE,NA,NASS Table 1,farm_operations_number_of_operations_area_operated_10_0_to_49_9_acres,NA
STATE,AK,02,Alaska,2007,10,FARM OPERATIONS - NUMBER OF OPERATIONS | AREA OPERATED: (10.0 TO 49.9 ACRES),FARM OPERATIONS - NUMBER OF OPERATIONS,AREA OPERATED,AREA OPERATED: (10.0 TO 49.9 ACRES),OPERATIONS,164,164,FALSE,NA,NASS Table 1,farm_operations_number_of_operations_area_operated_10_0_to_49_9_acres,NA
STATE,AK,02,Alaska,2012,10,FARM OPERATIONS - NUMBER OF OPERATIONS | AREA OPERATED: (10.0 TO 49.9 ACRES),FARM OPERATIONS - NUMBER OF OPERATIONS,AREA OPERATED,AREA OPERATED: (10.0 TO 49.9 ACRES),OPERATIONS,181,181,FALSE,NA,NASS Table 1,farm_operations_number_of_operations_area_operated_10_0_to_49_9_acres,NA
STATE,AK,02,Alaska,2017,10,FARM OPERATIONS - NUMBER OF OPERATIONS | AREA OPERATED: (10.0 TO 49.9 ACRES),FARM OPERATIONS - NUMBER OF OPERATIONS,AREA OPERATED,AREA OPERATED: (10.0 TO 49.9 ACRES),OPERATIONS,236,236,FALSE,NA,NASS Table 1,farm_operations_number_of_operations_area_operated_10_0_to_49_9_acres,NA
STATE,AK,02,Alaska,2022,10,FARM OPERATIONS - NUMBER OF OPERATIONS | AREA OPERATED: (10.0 TO 49.9 ACRES),FARM OPERATIONS - NUMBER OF OPERATIONS,AREA OPERATED,AREA OPERATED: (10.0 TO 49.9 ACRES),OPERATIONS,319,319,FALSE,NA,NASS Table 1,farm_operations_number_of_operations_area_operated_10_0_to_49_9_acres,NA
STATE,AK,02,Alaska,1997,11,FARM OPERATIONS - NUMBER OF OPERATIONS | AREA OPERATED: (50 TO 179 ACRES),FARM OPERATIONS - NUMBER OF OPERATIONS,AREA OPERATED,AREA OPERATED: (50 TO 179 ACRES),OPERATIONS,171,171,FALSE,NA,NASS Table 1,farm_operations_number_of_operations_area_operated_50_to_179_acres,NA
STATE,AK,02,Alaska,2002,11,FARM OPERATIONS - NUMBER OF OPERATIONS | AREA OPERATED: (50 TO 179 ACRES),FARM OPERATIONS - NUMBER OF OPERATIONS,AREA OPERATED,AREA OPERATED: (50 TO 179 ACRES),OPERATIONS,162,162,FALSE,NA,NASS Table 1,farm_operations_number_of_operations_area_operated_50_to_179_acres,NA
STATE,AK,02,Alaska,2007,11,FARM OPERATIONS - NUMBER OF OPERATIONS | AREA OPERATED: (50 TO 179 ACRES),FARM OPERATIONS - NUMBER OF OPERATIONS,AREA OPERATED,AREA OPERATED: (50 TO 179 ACRES),OPERATIONS,156,156,FALSE,NA,NASS Table 1,farm_operations_number_of_operations_area_operated_50_to_179_acres,NA
STATE,AK,02,Alaska,2012,11,FARM OPERATIONS - NUMBER OF OPERATIONS | AREA OPERATED: (50 TO 179 ACRES),FARM OPERATIONS - NUMBER OF OPERATIONS,AREA OPERATED,AREA OPERATED: (50 TO 179 ACRES),OPERATIONS,145,145,FALSE,NA,NASS Table 1,farm_operations_number_of_operations_area_operated_50_to_179_acres,NA
STATE,AK,02,Alaska,2017,11,FARM OPERATIONS - NUMBER OF OPERATIONS | AREA OPERATED: (50 TO 179 ACRES),FARM OPERATIONS - NUMBER OF OPERATIONS,AREA OPERATED,AREA OPERATED: (50 TO 179 ACRES),OPERATIONS,159,159,FALSE,NA,NASS Table 1,farm_operations_number_of_operations_area_operated_50_to_179_acres,NA
STATE,AK,02,Alaska,2022,11,FARM OPERATIONS - NUMBER OF OPERATIONS | AREA OPERATED: (50 TO 179 ACRES),FARM OPERATIONS - NUMBER OF OPERATIONS,AREA OPERATED,AREA OPERATED: (50 TO 179 ACRES),OPERATIONS,183,183,FALSE,NA,NASS Table 1,farm_operations_number_of_operations_area_operated_50_to_179_acres,NA
STATE,AK,02,Alaska,1997,12,FARM OPERATIONS - NUMBER OF OPERATIONS | AREA OPERATED: (180 TO 499 ACRES),FARM OPERATIONS - NUMBER OF OPERATIONS,AREA OPERATED,AREA OPERATED: (180 TO 499 ACRES),OPERATIONS,93,93,FALSE,NA,NASS Table 1,farm_operations_number_of_operations_area_operated_180_to_499_acres,NA
STATE,AK,02,Alaska,2002,12,FARM OPERATIONS - NUMBER OF OPERATIONS | AREA OPERATED: (180 TO 499 ACRES),FARM OPERATIONS - NUMBER OF OPERATIONS,AREA OPERATED,AREA OPERATED: (180 TO 499 ACRES),OPERATIONS,93,93,FALSE,NA,NASS Table 1,farm_operations_number_of_operations_area_operated_180_to_499_acres,NA
STATE,AK,02,Alaska,2007,12,FARM OPERATIONS - NUMBER OF OPERATIONS | AREA OPERATED: (180 TO 499 ACRES),FARM OPERATIONS - NUMBER OF OPERATIONS,AREA OPERATED,AREA OPERATED: (180 TO 499 ACRES),OPERATIONS,111,111,FALSE,NA,NASS Table 1,farm_operations_number_of_operations_area_operated_180_to_499_acres,NA
STATE,AK,02,Alaska,2012,12,FARM OPERATIONS - NUMBER OF OPERATIONS | AREA OPERATED: (180 TO 499 ACRES),FARM OPERATIONS - NUMBER OF OPERATIONS,AREA OPERATED,AREA OPERATED: (180 TO 499 ACRES),OPERATIONS,103,103,FALSE,NA,NASS Table 1,farm_operations_number_of_operations_area_operated_180_to_499_acres,NA
STATE,AK,02,Alaska,2017,12,FARM OPERATIONS - NUMBER OF OPERATIONS | AREA OPERATED: (180 TO 499 ACRES),FARM OPERATIONS - NUMBER OF OPERATIONS,AREA OPERATED,AREA OPERATED: (180 TO 499 ACRES),OPERATIONS,89,89,FALSE,NA,NASS Table 1,farm_operations_number_of_operations_area_operated_180_to_499_acres,NA
STATE,AK,02,Alaska,2022,12,FARM OPERATIONS - NUMBER OF OPERATIONS | AREA OPERATED: (180 TO 499 ACRES),FARM OPERATIONS - NUMBER OF OPERATIONS,AREA OPERATED,AREA OPERATED: (180 TO 499 ACRES),OPERATIONS,86,86,FALSE,NA,NASS Table 1,farm_operations_number_of_operations_area_operated_180_to_499_acres,NA
STATE,AK,02,Alaska,1997,13,FARM OPERATIONS - NUMBER OF OPERATIONS | AREA OPERATED: (500 TO 999 ACRES),FARM OPERATIONS - NUMBER OF OPERATIONS,AREA OPERATED,AREA OPERATED: (500 TO 999 ACRES),OPERATIONS,33,33,FALSE,NA,NASS Table 1,farm_operations_number_of_operations_area_operated_500_to_999_acres,NA
STATE,AK,02,Alaska,2002,13,FARM OPERATIONS - NUMBER OF OPERATIONS | AREA OPERATED: (500 TO 999 ACRES),FARM OPERATIONS - NUMBER OF OPERATIONS,AREA OPERATED,AREA OPERATED: (500 TO 999 ACRES),OPERATIONS,41,41,FALSE,NA,NASS Table 1,farm_operations_number_of_operations_area_operated_500_to_999_acres,NA
STATE,AK,02,Alaska,2007,13,FARM OPERATIONS - NUMBER OF OPERATIONS | AREA OPERATED: (500 TO 999 ACRES),FARM OPERATIONS - NUMBER OF OPERATIONS,AREA OPERATED,AREA OPERATED: (500 TO 999 ACRES),OPERATIONS,38,38,FALSE,NA,NASS Table 1,farm_operations_number_of_operations_area_operated_500_to_999_acres,NA
STATE,AK,02,Alaska,2012,13,FARM OPERATIONS - NUMBER OF OPERATIONS | AREA OPERATED: (500 TO 999 ACRES),FARM OPERATIONS - NUMBER OF OPERATIONS,AREA OPERATED,AREA OPERATED: (500 TO 999 ACRES),OPERATIONS,37,37,FALSE,NA,NASS Table 1,farm_operations_number_of_operations_area_operated_500_to_999_acres,NA
STATE,AK,02,Alaska,2017,13,FARM OPERATIONS - NUMBER OF OPERATIONS | AREA OPERATED: (500 TO 999 ACRES),FARM OPERATIONS - NUMBER OF OPERATIONS,AREA OPERATED,AREA OPERATED: (500 TO 999 ACRES),OPERATIONS,35,35,FALSE,NA,NASS Table 1,farm_operations_number_of_operations_area_operated_500_to_999_acres,NA
STATE,AK,02,Alaska,2022,13,FARM OPERATIONS - NUMBER OF OPERATIONS | AREA OPERATED: (500 TO 999 ACRES),FARM OPERATIONS - NUMBER OF OPERATIONS,AREA OPERATED,AREA OPERATED: (500 TO 999 ACRES),OPERATIONS,43,43,FALSE,NA,NASS Table 1,farm_operations_number_of_operations_area_operated_500_to_999_acres,NA
STATE,AK,02,Alaska,2002,14,"FARM OPERATIONS - NUMBER OF OPERATIONS | AREA OPERATED: (1,000 OR MORE ACRES)",FARM OPERATIONS - NUMBER OF OPERATIONS,AREA OPERATED,"AREA OPERATED: (1,000 OR MORE ACRES)",OPERATIONS,57,57,FALSE,NA,NASS Table 1,farm_operations_number_of_operations_area_operated_1_000_or_more_acres,NA
STATE,AK,02,Alaska,2007,14,"FARM OPERATIONS - NUMBER OF OPERATIONS | AREA OPERATED: (1,000 OR MORE ACRES)",FARM OPERATIONS - NUMBER OF OPERATIONS,AREA OPERATED,"AREA OPERATED: (1,000 OR MORE ACRES)",OPERATIONS,52,52,FALSE,NA,NASS Table 1,farm_operations_number_of_operations_area_operated_1_000_or_more_acres,NA
STATE,AK,02,Alaska,2012,14,"FARM OPERATIONS - NUMBER OF OPERATIONS | AREA OPERATED: (1,000 OR MORE ACRES)",FARM OPERATIONS - NUMBER OF OPERATIONS,AREA OPERATED,"AREA OPERATED: (1,000 OR MORE ACRES)",OPERATIONS,49,49,FALSE,NA,NASS Table 1,farm_operations_number_of_operations_area_operated_1_000_or_more_acres,NA
STATE,AK,02,Alaska,2017,14,"FARM OPERATIONS - NUMBER OF OPERATIONS | AREA OPERATED: (1,000 OR MORE ACRES)",FARM OPERATIONS - NUMBER OF OPERATIONS,AREA OPERATED,"AREA OPERATED: (1,000 OR MORE ACRES)",OPERATIONS,43,43,FALSE,NA,NASS Table 1,farm_operations_number_of_operations_area_operated_1_000_or_more_acres,NA
STATE,AK,02,Alaska,2022,14,"FARM OPERATIONS - NUMBER OF OPERATIONS | AREA OPERATED: (1,000 OR MORE ACRES)",FARM OPERATIONS - NUMBER OF OPERATIONS,AREA OPERATED,"AREA OPERATED: (1,000 OR MORE ACRES)",OPERATIONS,42,42,FALSE,NA,NASS Table 1,farm_operations_number_of_operations_area_operated_1_000_or_more_acres,NA
STATE,AK,02,Alaska,1997,15,"AG LAND, CROPLAND - NUMBER OF OPERATIONS","AG LAND, CROPLAND - NUMBER OF OPERATIONS",TOTAL,NOT SPECIFIED,OPERATIONS,434,434,FALSE,NA,NASS Table 1,ag_land_cropland_number_of_operations,NA
STATE,AK,02,Alaska,2002,15,"AG LAND, CROPLAND - NUMBER OF OPERATIONS","AG LAND, CROPLAND - NUMBER OF OPERATIONS",TOTAL,NOT SPECIFIED,OPERATIONS,479,479,FALSE,NA,NASS Table 1,ag_land_cropland_number_of_operations,NA
STATE,AK,02,Alaska,2007,15,"AG LAND, CROPLAND - NUMBER OF OPERATIONS","AG LAND, CROPLAND - NUMBER OF OPERATIONS",TOTAL,NOT SPECIFIED,OPERATIONS,512,512,FALSE,NA,NASS Table 1,ag_land_cropland_number_of_operations,NA
STATE,AK,02,Alaska,2012,15,"AG LAND, CROPLAND - NUMBER OF OPERATIONS","AG LAND, CROPLAND - NUMBER OF OPERATIONS",TOTAL,NOT SPECIFIED,OPERATIONS,561,561,FALSE,NA,NASS Table 1,ag_land_cropland_number_of_operations,NA
STATE,AK,02,Alaska,2017,15,"AG LAND, CROPLAND - NUMBER OF OPERATIONS","AG LAND, CROPLAND - NUMBER OF OPERATIONS",TOTAL,NOT SPECIFIED,OPERATIONS,777,777,FALSE,NA,NASS Table 1,ag_land_cropland_number_of_operations,NA
STATE,AK,02,Alaska,2022,15,"AG LAND, CROPLAND - NUMBER OF OPERATIONS","AG LAND, CROPLAND - NUMBER OF OPERATIONS",TOTAL,NOT SPECIFIED,OPERATIONS,909,909,FALSE,NA,NASS Table 1,ag_land_cropland_number_of_operations,NA
STATE,AK,02,Alaska,1997,16,"AG LAND, CROPLAND - ACRES","AG LAND, CROPLAND - ACRES",TOTAL,NOT SPECIFIED,ACRES,94810,94810,FALSE,NA,NASS Table 1,ag_land_cropland_acres,NA
STATE,AK,02,Alaska,2002,16,"AG LAND, CROPLAND - ACRES","AG LAND, CROPLAND - ACRES",TOTAL,NOT SPECIFIED,ACRES,98131,98131,FALSE,NA,NASS Table 1,ag_land_cropland_acres,NA
STATE,AK,02,Alaska,2007,16,"AG LAND, CROPLAND - ACRES","AG LAND, CROPLAND - ACRES",TOTAL,NOT SPECIFIED,ACRES,86238,86238,FALSE,NA,NASS Table 1,ag_land_cropland_acres,NA
STATE,AK,02,Alaska,2012,16,"AG LAND, CROPLAND - ACRES","AG LAND, CROPLAND - ACRES",TOTAL,NOT SPECIFIED,ACRES,84114,84114,FALSE,NA,NASS Table 1,ag_land_cropland_acres,NA
STATE,AK,02,Alaska,2017,16,"AG LAND, CROPLAND - ACRES","AG LAND, CROPLAND - ACRES",TOTAL,NOT SPECIFIED,ACRES,83732,83732,FALSE,NA,NASS Table 1,ag_land_cropland_acres,NA
STATE,AK,02,Alaska,2022,16,"AG LAND, CROPLAND - ACRES","AG LAND, CROPLAND - ACRES",TOTAL,NOT SPECIFIED,ACRES,72708,72708,FALSE,NA,NASS Table 1,ag_land_cropland_acres,NA
STATE,AK,02,Alaska,1997,17,"AG LAND, CROPLAND, HARVESTED - NUMBER OF OPERATIONS","AG LAND, CROPLAND, HARVESTED - NUMBER OF OPERATIONS",TOTAL,NOT SPECIFIED,OPERATIONS,381,381,FALSE,NA,NASS Table 1,ag_land_cropland_harvested_number_of_operations,NA
STATE,AK,02,Alaska,2002,17,"AG LAND, CROPLAND, HARVESTED - NUMBER OF OPERATIONS","AG LAND, CROPLAND, HARVESTED - NUMBER OF OPERATIONS",TOTAL,NOT SPECIFIED,OPERATIONS,393,393,FALSE,NA,NASS Table 1,ag_land_cropland_harvested_number_of_operations,NA
STATE,AK,02,Alaska,2007,17,"AG LAND, CROPLAND, HARVESTED - NUMBER OF OPERATIONS","AG LAND, CROPLAND, HARVESTED - NUMBER OF OPERATIONS",TOTAL,NOT SPECIFIED,OPERATIONS,424,424,FALSE,NA,NASS Table 1,ag_land_cropland_harvested_number_of_operations,NA
STATE,AK,02,Alaska,2012,17,"AG LAND, CROPLAND, HARVESTED - NUMBER OF OPERATIONS","AG LAND, CROPLAND, HARVESTED - NUMBER OF OPERATIONS",TOTAL,NOT SPECIFIED,OPERATIONS,495,495,FALSE,NA,NASS Table 1,ag_land_cropland_harvested_number_of_operations,NA
STATE,AK,02,Alaska,2017,17,"AG LAND, CROPLAND, HARVESTED - NUMBER OF OPERATIONS","AG LAND, CROPLAND, HARVESTED - NUMBER OF OPERATIONS",TOTAL,NOT SPECIFIED,OPERATIONS,692,692,FALSE,NA,NASS Table 1,ag_land_cropland_harvested_number_of_operations,NA
STATE,AK,02,Alaska,2022,17,"AG LAND, CROPLAND, HARVESTED - NUMBER OF OPERATIONS","AG LAND, CROPLAND, HARVESTED - NUMBER OF OPERATIONS",TOTAL,NOT SPECIFIED,OPERATIONS,817,817,FALSE,NA,NASS Table 1,ag_land_cropland_harvested_number_of_operations,NA
STATE,AK,02,Alaska,1997,18,"AG LAND, CROPLAND, HARVESTED - ACRES","AG LAND, CROPLAND, HARVESTED - ACRES",TOTAL,NOT SPECIFIED,ACRES,34227,34227,FALSE,NA,NASS Table 1,ag_land_cropland_harvested_acres,NA
STATE,AK,02,Alaska,2002,18,"AG LAND, CROPLAND, HARVESTED - ACRES","AG LAND, CROPLAND, HARVESTED - ACRES",TOTAL,NOT SPECIFIED,ACRES,31824,31824,FALSE,NA,NASS Table 1,ag_land_cropland_harvested_acres,NA
STATE,AK,02,Alaska,2007,18,"AG LAND, CROPLAND, HARVESTED - ACRES","AG LAND, CROPLAND, HARVESTED - ACRES",TOTAL,NOT SPECIFIED,ACRES,30772,30772,FALSE,NA,NASS Table 1,ag_land_cropland_harvested_acres,NA
STATE,AK,02,Alaska,2012,18,"AG LAND, CROPLAND, HARVESTED - ACRES","AG LAND, CROPLAND, HARVESTED - ACRES",TOTAL,NOT SPECIFIED,ACRES,31315,31315,FALSE,NA,NASS Table 1,ag_land_cropland_harvested_acres,NA
STATE,AK,02,Alaska,2017,18,"AG LAND, CROPLAND, HARVESTED - ACRES","AG LAND, CROPLAND, HARVESTED - ACRES",TOTAL,NOT SPECIFIED,ACRES,31877,31877,FALSE,NA,NASS Table 1,ag_land_cropland_harvested_acres,NA
STATE,AK,02,Alaska,2022,18,"AG LAND, CROPLAND, HARVESTED - ACRES","AG LAND, CROPLAND, HARVESTED - ACRES",TOTAL,NOT SPECIFIED,ACRES,36211,36211,FALSE,NA,NASS Table 1,ag_land_cropland_harvested_acres,NA
STATE,AK,02,Alaska,1997,19,"AG LAND, IRRIGATED - NUMBER OF OPERATIONS","AG LAND, IRRIGATED - NUMBER OF OPERATIONS",TOTAL,NOT SPECIFIED,OPERATIONS,114,114,FALSE,NA,NASS Table 1,ag_land_irrigated_number_of_operations,NA
STATE,AK,02,Alaska,2002,19,"AG LAND, IRRIGATED - NUMBER OF OPERATIONS","AG LAND, IRRIGATED - NUMBER OF OPERATIONS",TOTAL,NOT SPECIFIED,OPERATIONS,150,150,FALSE,NA,NASS Table 1,ag_land_irrigated_number_of_operations,NA
STATE,AK,02,Alaska,2007,19,"AG LAND, IRRIGATED - NUMBER OF OPERATIONS","AG LAND, IRRIGATED - NUMBER OF OPERATIONS",TOTAL,NOT SPECIFIED,OPERATIONS,184,184,FALSE,NA,NASS Table 1,ag_land_irrigated_number_of_operations,NA
STATE,AK,02,Alaska,2012,19,"AG LAND, IRRIGATED - NUMBER OF OPERATIONS","AG LAND, IRRIGATED - NUMBER OF OPERATIONS",TOTAL,NOT SPECIFIED,OPERATIONS,230,230,FALSE,NA,NASS Table 1,ag_land_irrigated_number_of_operations,NA
STATE,AK,02,Alaska,2017,19,"AG LAND, IRRIGATED - NUMBER OF OPERATIONS","AG LAND, IRRIGATED - NUMBER OF OPERATIONS",TOTAL,NOT SPECIFIED,OPERATIONS,377,377,FALSE,NA,NASS Table 1,ag_land_irrigated_number_of_operations,NA
STATE,AK,02,Alaska,2022,19,"AG LAND, IRRIGATED - NUMBER OF OPERATIONS","AG LAND, IRRIGATED - NUMBER OF OPERATIONS",TOTAL,NOT SPECIFIED,OPERATIONS,465,465,FALSE,NA,NASS Table 1,ag_land_irrigated_number_of_operations,NA
STATE,AK,02,Alaska,1997,20,"AG LAND, IRRIGATED - ACRES","AG LAND, IRRIGATED - ACRES",TOTAL,NOT SPECIFIED,ACRES,2667,2667,FALSE,NA,NASS Table 1,ag_land_irrigated_acres,NA
STATE,AK,02,Alaska,2002,20,"AG LAND, IRRIGATED - ACRES","AG LAND, IRRIGATED - ACRES",TOTAL,NOT SPECIFIED,ACRES,2742,2742,FALSE,NA,NASS Table 1,ag_land_irrigated_acres,NA
STATE,AK,02,Alaska,2007,20,"AG LAND, IRRIGATED - ACRES","AG LAND, IRRIGATED - ACRES",TOTAL,NOT SPECIFIED,ACRES,3730,3730,FALSE,NA,NASS Table 1,ag_land_irrigated_acres,NA
STATE,AK,02,Alaska,2012,20,"AG LAND, IRRIGATED - ACRES","AG LAND, IRRIGATED - ACRES",TOTAL,NOT SPECIFIED,ACRES,2451,2451,FALSE,NA,NASS Table 1,ag_land_irrigated_acres,NA
STATE,AK,02,Alaska,2017,20,"AG LAND, IRRIGATED - ACRES","AG LAND, IRRIGATED - ACRES",TOTAL,NOT SPECIFIED,ACRES,2400,2400,FALSE,NA,NASS Table 1,ag_land_irrigated_acres,NA
STATE,AK,02,Alaska,2022,20,"AG LAND, IRRIGATED - ACRES","AG LAND, IRRIGATED - ACRES",TOTAL,NOT SPECIFIED,ACRES,2398,2398,FALSE,NA,NASS Table 1,ag_land_irrigated_acres,NA
STATE,AK,02,Alaska,1997,21,"COMMODITY TOTALS - SALES, MEASURED IN $","COMMODITY TOTALS - SALES, MEASURED IN $",TOTAL,NOT SPECIFIED,$,24650000,24650000,FALSE,NA,NASS Table 1,commodity_totals_sales_usd,NA
STATE,AK,02,Alaska,2002,21,"COMMODITY TOTALS - SALES, MEASURED IN $","COMMODITY TOTALS - SALES, MEASURED IN $",TOTAL,NOT SPECIFIED,$,46143000,46143000,FALSE,NA,NASS Table 1,commodity_totals_sales_usd,NA
STATE,AK,02,Alaska,2007,21,"COMMODITY TOTALS - SALES, MEASURED IN $","COMMODITY TOTALS - SALES, MEASURED IN $",TOTAL,NOT SPECIFIED,$,57019000,57019000,FALSE,NA,NASS Table 1,commodity_totals_sales_usd,NA
STATE,AK,02,Alaska,2012,21,"COMMODITY TOTALS - SALES, MEASURED IN $","COMMODITY TOTALS - SALES, MEASURED IN $",TOTAL,NOT SPECIFIED,$,58925000,58925000,FALSE,NA,NASS Table 1,commodity_totals_sales_usd,NA
STATE,AK,02,Alaska,2017,21,"COMMODITY TOTALS - SALES, MEASURED IN $","COMMODITY TOTALS - SALES, MEASURED IN $",TOTAL,NOT SPECIFIED,$,70459000,70459000,FALSE,NA,NASS Table 1,commodity_totals_sales_usd,NA
STATE,AK,02,Alaska,2022,21,"COMMODITY TOTALS - SALES, MEASURED IN $","COMMODITY TOTALS - SALES, MEASURED IN $",TOTAL,NOT SPECIFIED,$,90850000,90850000,FALSE,NA,NASS Table 1,commodity_totals_sales_usd,NA
STATE,AK,02,Alaska,1997,22,"COMMODITY TOTALS - SALES, MEASURED IN $ / OPERATION","COMMODITY TOTALS - SALES, MEASURED IN $ / OPERATION",TOTAL,NOT SPECIFIED,$ / OPERATION,44982,44982,FALSE,NA,NASS Table 1,commodity_totals_sales_usd_per_operation,NA
STATE,AK,02,Alaska,2002,22,"COMMODITY TOTALS - SALES, MEASURED IN $ / OPERATION","COMMODITY TOTALS - SALES, MEASURED IN $ / OPERATION",TOTAL,NOT SPECIFIED,$ / OPERATION,75768,75768,FALSE,NA,NASS Table 1,commodity_totals_sales_usd_per_operation,NA
STATE,AK,02,Alaska,2007,22,"COMMODITY TOTALS - SALES, MEASURED IN $ / OPERATION","COMMODITY TOTALS - SALES, MEASURED IN $ / OPERATION",TOTAL,NOT SPECIFIED,$ / OPERATION,83119,83119,FALSE,NA,NASS Table 1,commodity_totals_sales_usd_per_operation,NA
STATE,AK,02,Alaska,2012,22,"COMMODITY TOTALS - SALES, MEASURED IN $ / OPERATION","COMMODITY TOTALS - SALES, MEASURED IN $ / OPERATION",TOTAL,NOT SPECIFIED,$ / OPERATION,77329,77329,FALSE,NA,NASS Table 1,commodity_totals_sales_usd_per_operation,NA
STATE,AK,02,Alaska,2017,22,"COMMODITY TOTALS - SALES, MEASURED IN $ / OPERATION","COMMODITY TOTALS - SALES, MEASURED IN $ / OPERATION",TOTAL,NOT SPECIFIED,$ / OPERATION,71171,71171,FALSE,NA,NASS Table 1,commodity_totals_sales_usd_per_operation,NA
STATE,AK,02,Alaska,2022,22,"COMMODITY TOTALS - SALES, MEASURED IN $ / OPERATION","COMMODITY TOTALS - SALES, MEASURED IN $ / OPERATION",TOTAL,NOT SPECIFIED,$ / OPERATION,77451,77451,FALSE,NA,NASS Table 1,commodity_totals_sales_usd_per_operation,NA
STATE,AK,02,Alaska,1997,23,"CROP TOTALS - SALES, MEASURED IN $","CROP TOTALS - SALES, MEASURED IN $",TOTAL,NOT SPECIFIED,$,15968000,15968000,FALSE,NA,NASS Table 1,crop_totals_sales_usd,NA
STATE,AK,02,Alaska,2002,23,"CROP TOTALS - SALES, MEASURED IN $","CROP TOTALS - SALES, MEASURED IN $",TOTAL,NOT SPECIFIED,$,20543000,20543000,FALSE,NA,NASS Table 1,crop_totals_sales_usd,NA
STATE,AK,02,Alaska,2007,23,"CROP TOTALS - SALES, MEASURED IN $","CROP TOTALS - SALES, MEASURED IN $",TOTAL,NOT SPECIFIED,$,24749000,24749000,FALSE,NA,NASS Table 1,crop_totals_sales_usd,NA
STATE,AK,02,Alaska,2012,23,"CROP TOTALS - SALES, MEASURED IN $","CROP TOTALS - SALES, MEASURED IN $",TOTAL,NOT SPECIFIED,$,24857000,24857000,FALSE,NA,NASS Table 1,crop_totals_sales_usd,NA
STATE,AK,02,Alaska,2017,23,"CROP TOTALS - SALES, MEASURED IN $","CROP TOTALS - SALES, MEASURED IN $",TOTAL,NOT SPECIFIED,$,29642000,29642000,FALSE,NA,NASS Table 1,crop_totals_sales_usd,NA
STATE,AK,02,Alaska,2022,23,"CROP TOTALS - SALES, MEASURED IN $","CROP TOTALS - SALES, MEASURED IN $",TOTAL,NOT SPECIFIED,$,39693000,39693000,FALSE,NA,NASS Table 1,crop_totals_sales_usd,NA
STATE,AK,02,Alaska,1997,24,"ANIMAL TOTALS, INCL PRODUCTS - SALES, MEASURED IN $","ANIMAL TOTALS, INCL PRODUCTS - SALES, MEASURED IN $",TOTAL,NOT SPECIFIED,$,8682000,8682000,FALSE,NA,NASS Table 1,animal_totals_incl_products_sales_usd,NA
STATE,AK,02,Alaska,2002,24,"ANIMAL TOTALS, INCL PRODUCTS - SALES, MEASURED IN $","ANIMAL TOTALS, INCL PRODUCTS - SALES, MEASURED IN $",TOTAL,NOT SPECIFIED,$,25600000,25600000,FALSE,NA,NASS Table 1,animal_totals_incl_products_sales_usd,NA
STATE,AK,02,Alaska,2007,24,"ANIMAL TOTALS, INCL PRODUCTS - SALES, MEASURED IN $","ANIMAL TOTALS, INCL PRODUCTS - SALES, MEASURED IN $",TOTAL,NOT SPECIFIED,$,32271000,32271000,FALSE,NA,NASS Table 1,animal_totals_incl_products_sales_usd,NA
STATE,AK,02,Alaska,2012,24,"ANIMAL TOTALS, INCL PRODUCTS - SALES, MEASURED IN $","ANIMAL TOTALS, INCL PRODUCTS - SALES, MEASURED IN $",TOTAL,NOT SPECIFIED,$,34068000,34068000,FALSE,NA,NASS Table 1,animal_totals_incl_products_sales_usd,NA
STATE,AK,02,Alaska,2017,24,"ANIMAL TOTALS, INCL PRODUCTS - SALES, MEASURED IN $","ANIMAL TOTALS, INCL PRODUCTS - SALES, MEASURED IN $",TOTAL,NOT SPECIFIED,$,40817000,40817000,FALSE,NA,NASS Table 1,animal_totals_incl_products_sales_usd,NA
STATE,AK,02,Alaska,2022,24,"ANIMAL TOTALS, INCL PRODUCTS - SALES, MEASURED IN $","ANIMAL TOTALS, INCL PRODUCTS - SALES, MEASURED IN $",TOTAL,NOT SPECIFIED,$,51157000,51157000,FALSE,NA,NASS Table 1,animal_totals_incl_products_sales_usd,NA
STATE,AK,02,Alaska,1997,25,"COMMODITY TOTALS - OPERATIONS WITH SALES | FARM SALES: (LESS THAN 2,500 $)",COMMODITY TOTALS - OPERATIONS WITH SALES,FARM SALES,"FARM SALES: (LESS THAN 2,500 $)",OPERATIONS,187,187,FALSE,NA,NASS Table 1,commodity_totals_operations_with_sales_farm_sales_less_than_2_500_usd,NA
STATE,AK,02,Alaska,2002,25,"COMMODITY TOTALS - OPERATIONS WITH SALES | FARM SALES: (LESS THAN 2,500 $)",COMMODITY TOTALS - OPERATIONS WITH SALES,FARM SALES,"FARM SALES: (LESS THAN 2,500 $)",OPERATIONS,207,207,FALSE,NA,NASS Table 1,commodity_totals_operations_with_sales_farm_sales_less_than_2_500_usd,NA
STATE,AK,02,Alaska,2007,25,"COMMODITY TOTALS - OPERATIONS WITH SALES | FARM SALES: (LESS THAN 2,500 $)",COMMODITY TOTALS - OPERATIONS WITH SALES,FARM SALES,"FARM SALES: (LESS THAN 2,500 $)",OPERATIONS,231,231,FALSE,NA,NASS Table 1,commodity_totals_operations_with_sales_farm_sales_less_than_2_500_usd,NA
STATE,AK,02,Alaska,2012,25,"COMMODITY TOTALS - OPERATIONS WITH SALES | FARM SALES: (LESS THAN 2,500 $)",COMMODITY TOTALS - OPERATIONS WITH SALES,FARM SALES,"FARM SALES: (LESS THAN 2,500 $)",OPERATIONS,238,238,FALSE,NA,NASS Table 1,commodity_totals_operations_with_sales_farm_sales_less_than_2_500_usd,NA
STATE,AK,02,Alaska,2017,25,"COMMODITY TOTALS - OPERATIONS WITH SALES | FARM SALES: (LESS THAN 2,500 $)",COMMODITY TOTALS - OPERATIONS WITH SALES,FARM SALES,"FARM SALES: (LESS THAN 2,500 $)",OPERATIONS,312,312,FALSE,NA,NASS Table 1,commodity_totals_operations_with_sales_farm_sales_less_than_2_500_usd,NA
STATE,AK,02,Alaska,2022,25,"COMMODITY TOTALS - OPERATIONS WITH SALES | FARM SALES: (LESS THAN 2,500 $)",COMMODITY TOTALS - OPERATIONS WITH SALES,FARM SALES,"FARM SALES: (LESS THAN 2,500 $)",OPERATIONS,276,276,FALSE,NA,NASS Table 1,commodity_totals_operations_with_sales_farm_sales_less_than_2_500_usd,NA
STATE,AK,02,Alaska,1997,26,"COMMODITY TOTALS - OPERATIONS WITH SALES | FARM SALES: (2,500 TO 4,999 $)",COMMODITY TOTALS - OPERATIONS WITH SALES,FARM SALES,"FARM SALES: (2,500 TO 4,999 $)",OPERATIONS,75,75,FALSE,NA,NASS Table 1,commodity_totals_operations_with_sales_farm_sales_2_500_to_4_999_usd,NA
STATE,AK,02,Alaska,2002,26,"COMMODITY TOTALS - OPERATIONS WITH SALES | FARM SALES: (2,500 TO 4,999 $)",COMMODITY TOTALS - OPERATIONS WITH SALES,FARM SALES,"FARM SALES: (2,500 TO 4,999 $)",OPERATIONS,59,59,FALSE,NA,NASS Table 1,commodity_totals_operations_with_sales_farm_sales_2_500_to_4_999_usd,NA
STATE,AK,02,Alaska,2007,26,"COMMODITY TOTALS - OPERATIONS WITH SALES | FARM SALES: (2,500 TO 4,999 $)",COMMODITY TOTALS - OPERATIONS WITH SALES,FARM SALES,"FARM SALES: (2,500 TO 4,999 $)",OPERATIONS,81,81,FALSE,NA,NASS Table 1,commodity_totals_operations_with_sales_farm_sales_2_500_to_4_999_usd,NA
STATE,AK,02,Alaska,2012,26,"COMMODITY TOTALS - OPERATIONS WITH SALES | FARM SALES: (2,500 TO 4,999 $)",COMMODITY TOTALS - OPERATIONS WITH SALES,FARM SALES,"FARM SALES: (2,500 TO 4,999 $)",OPERATIONS,95,95,FALSE,NA,NASS Table 1,commodity_totals_operations_with_sales_farm_sales_2_500_to_4_999_usd,NA
STATE,AK,02,Alaska,2017,26,"COMMODITY TOTALS - OPERATIONS WITH SALES | FARM SALES: (2,500 TO 4,999 $)",COMMODITY TOTALS - OPERATIONS WITH SALES,FARM SALES,"FARM SALES: (2,500 TO 4,999 $)",OPERATIONS,130,130,FALSE,NA,NASS Table 1,commodity_totals_operations_with_sales_farm_sales_2_500_to_4_999_usd,NA
STATE,AK,02,Alaska,2022,26,"COMMODITY TOTALS - OPERATIONS WITH SALES | FARM SALES: (2,500 TO 4,999 $)",COMMODITY TOTALS - OPERATIONS WITH SALES,FARM SALES,"FARM SALES: (2,500 TO 4,999 $)",OPERATIONS,149,149,FALSE,NA,NASS Table 1,commodity_totals_operations_with_sales_farm_sales_2_500_to_4_999_usd,NA
STATE,AK,02,Alaska,1997,27,"COMMODITY TOTALS - OPERATIONS WITH SALES | FARM SALES: (5,000 TO 9,999 $)",COMMODITY TOTALS - OPERATIONS WITH SALES,FARM SALES,"FARM SALES: (5,000 TO 9,999 $)",OPERATIONS,66,66,FALSE,NA,NASS Table 1,commodity_totals_operations_with_sales_farm_sales_5_000_to_9_999_usd,NA
STATE,AK,02,Alaska,2002,27,"COMMODITY TOTALS - OPERATIONS WITH SALES | FARM SALES: (5,000 TO 9,999 $)",COMMODITY TOTALS - OPERATIONS WITH SALES,FARM SALES,"FARM SALES: (5,000 TO 9,999 $)",OPERATIONS,96,96,FALSE,NA,NASS Table 1,commodity_totals_operations_with_sales_farm_sales_5_000_to_9_999_usd,NA
STATE,AK,02,Alaska,2007,27,"COMMODITY TOTALS - OPERATIONS WITH SALES | FARM SALES: (5,000 TO 9,999 $)",COMMODITY TOTALS - OPERATIONS WITH SALES,FARM SALES,"FARM SALES: (5,000 TO 9,999 $)",OPERATIONS,91,91,FALSE,NA,NASS Table 1,commodity_totals_operations_with_sales_farm_sales_5_000_to_9_999_usd,NA
STATE,AK,02,Alaska,2012,27,"COMMODITY TOTALS - OPERATIONS WITH SALES | FARM SALES: (5,000 TO 9,999 $)",COMMODITY TOTALS - OPERATIONS WITH SALES,FARM SALES,"FARM SALES: (5,000 TO 9,999 $)",OPERATIONS,107,107,FALSE,NA,NASS Table 1,commodity_totals_operations_with_sales_farm_sales_5_000_to_9_999_usd,NA
STATE,AK,02,Alaska,2017,27,"COMMODITY TOTALS - OPERATIONS WITH SALES | FARM SALES: (5,000 TO 9,999 $)",COMMODITY TOTALS - OPERATIONS WITH SALES,FARM SALES,"FARM SALES: (5,000 TO 9,999 $)",OPERATIONS,140,140,FALSE,NA,NASS Table 1,commodity_totals_operations_with_sales_farm_sales_5_000_to_9_999_usd,NA
STATE,AK,02,Alaska,2022,27,"COMMODITY TOTALS - OPERATIONS WITH SALES | FARM SALES: (5,000 TO 9,999 $)",COMMODITY TOTALS - OPERATIONS WITH SALES,FARM SALES,"FARM SALES: (5,000 TO 9,999 $)",OPERATIONS,216,216,FALSE,NA,NASS Table 1,commodity_totals_operations_with_sales_farm_sales_5_000_to_9_999_usd,NA
STATE,AK,02,Alaska,1997,28,"COMMODITY TOTALS - OPERATIONS WITH SALES | FARM SALES: (10,000 TO 24,999 $)",COMMODITY TOTALS - OPERATIONS WITH SALES,FARM SALES,"FARM SALES: (10,000 TO 24,999 $)",OPERATIONS,99,99,FALSE,NA,NASS Table 1,commodity_totals_operations_with_sales_farm_sales_10_000_to_24_999_usd,NA
STATE,AK,02,Alaska,2002,28,"COMMODITY TOTALS - OPERATIONS WITH SALES | FARM SALES: (10,000 TO 24,999 $)",COMMODITY TOTALS - OPERATIONS WITH SALES,FARM SALES,"FARM SALES: (10,000 TO 24,999 $)",OPERATIONS,89,89,FALSE,NA,NASS Table 1,commodity_totals_operations_with_sales_farm_sales_10_000_to_24_999_usd,NA
STATE,AK,02,Alaska,2007,28,"COMMODITY TOTALS - OPERATIONS WITH SALES | FARM SALES: (10,000 TO 24,999 $)",COMMODITY TOTALS - OPERATIONS WITH SALES,FARM SALES,"FARM SALES: (10,000 TO 24,999 $)",OPERATIONS,91,91,FALSE,NA,NASS Table 1,commodity_totals_operations_with_sales_farm_sales_10_000_to_24_999_usd,NA
STATE,AK,02,Alaska,2012,28,"COMMODITY TOTALS - OPERATIONS WITH SALES | FARM SALES: (10,000 TO 24,999 $)",COMMODITY TOTALS - OPERATIONS WITH SALES,FARM SALES,"FARM SALES: (10,000 TO 24,999 $)",OPERATIONS,140,140,FALSE,NA,NASS Table 1,commodity_totals_operations_with_sales_farm_sales_10_000_to_24_999_usd,NA
STATE,AK,02,Alaska,2017,28,"COMMODITY TOTALS - OPERATIONS WITH SALES | FARM SALES: (10,000 TO 24,999 $)",COMMODITY TOTALS - OPERATIONS WITH SALES,FARM SALES,"FARM SALES: (10,000 TO 24,999 $)",OPERATIONS,191,191,FALSE,NA,NASS Table 1,commodity_totals_operations_with_sales_farm_sales_10_000_to_24_999_usd,NA
STATE,AK,02,Alaska,2022,28,"COMMODITY TOTALS - OPERATIONS WITH SALES | FARM SALES: (10,000 TO 24,999 $)",COMMODITY TOTALS - OPERATIONS WITH SALES,FARM SALES,"FARM SALES: (10,000 TO 24,999 $)",OPERATIONS,243,243,FALSE,NA,NASS Table 1,commodity_totals_operations_with_sales_farm_sales_10_000_to_24_999_usd,NA
STATE,AK,02,Alaska,1997,29,"COMMODITY TOTALS - OPERATIONS WITH SALES | FARM SALES: (25,000 TO 49,999 $)",COMMODITY TOTALS - OPERATIONS WITH SALES,FARM SALES,"FARM SALES: (25,000 TO 49,999 $)",OPERATIONS,44,44,FALSE,NA,NASS Table 1,commodity_totals_operations_with_sales_farm_sales_25_000_to_49_999_usd,NA
STATE,AK,02,Alaska,2002,29,"COMMODITY TOTALS - OPERATIONS WITH SALES | FARM SALES: (25,000 TO 49,999 $)",COMMODITY TOTALS - OPERATIONS WITH SALES,FARM SALES,"FARM SALES: (25,000 TO 49,999 $)",OPERATIONS,53,53,FALSE,NA,NASS Table 1,commodity_totals_operations_with_sales_farm_sales_25_000_to_49_999_usd,NA
STATE,AK,02,Alaska,2007,29,"COMMODITY TOTALS - OPERATIONS WITH SALES | FARM SALES: (25,000 TO 49,999 $)",COMMODITY TOTALS - OPERATIONS WITH SALES,FARM SALES,"FARM SALES: (25,000 TO 49,999 $)",OPERATIONS,68,68,FALSE,NA,NASS Table 1,commodity_totals_operations_with_sales_farm_sales_25_000_to_49_999_usd,NA
STATE,AK,02,Alaska,2012,29,"COMMODITY TOTALS - OPERATIONS WITH SALES | FARM SALES: (25,000 TO 49,999 $)",COMMODITY TOTALS - OPERATIONS WITH SALES,FARM SALES,"FARM SALES: (25,000 TO 49,999 $)",OPERATIONS,55,55,FALSE,NA,NASS Table 1,commodity_totals_operations_with_sales_farm_sales_25_000_to_49_999_usd,NA
STATE,AK,02,Alaska,2017,29,"COMMODITY TOTALS - OPERATIONS WITH SALES | FARM SALES: (25,000 TO 49,999 $)",COMMODITY TOTALS - OPERATIONS WITH SALES,FARM SALES,"FARM SALES: (25,000 TO 49,999 $)",OPERATIONS,68,68,FALSE,NA,NASS Table 1,commodity_totals_operations_with_sales_farm_sales_25_000_to_49_999_usd,NA
STATE,AK,02,Alaska,2022,29,"COMMODITY TOTALS - OPERATIONS WITH SALES | FARM SALES: (25,000 TO 49,999 $)",COMMODITY TOTALS - OPERATIONS WITH SALES,FARM SALES,"FARM SALES: (25,000 TO 49,999 $)",OPERATIONS,108,108,FALSE,NA,NASS Table 1,commodity_totals_operations_with_sales_farm_sales_25_000_to_49_999_usd,NA
STATE,AK,02,Alaska,1997,30,"COMMODITY TOTALS - OPERATIONS WITH SALES | FARM SALES: (50,000 TO 99,999 $)",COMMODITY TOTALS - OPERATIONS WITH SALES,FARM SALES,"FARM SALES: (50,000 TO 99,999 $)",OPERATIONS,30,30,FALSE,NA,NASS Table 1,commodity_totals_operations_with_sales_farm_sales_50_000_to_99_999_usd,NA
STATE,AK,02,Alaska,2002,30,"COMMODITY TOTALS - OPERATIONS WITH SALES | FARM SALES: (50,000 TO 99,999 $)",COMMODITY TOTALS - OPERATIONS WITH SALES,FARM SALES,"FARM SALES: (50,000 TO 99,999 $)",OPERATIONS,34,34,FALSE,NA,NASS Table 1,commodity_totals_operations_with_sales_farm_sales_50_000_to_99_999_usd,NA
STATE,AK,02,Alaska,2007,30,"COMMODITY TOTALS - OPERATIONS WITH SALES | FARM SALES: (50,000 TO 99,999 $)",COMMODITY TOTALS - OPERATIONS WITH SALES,FARM SALES,"FARM SALES: (50,000 TO 99,999 $)",OPERATIONS,47,47,FALSE,NA,NASS Table 1,commodity_totals_operations_with_sales_farm_sales_50_000_to_99_999_usd,NA
STATE,AK,02,Alaska,2012,30,"COMMODITY TOTALS - OPERATIONS WITH SALES | FARM SALES: (50,000 TO 99,999 $)",COMMODITY TOTALS - OPERATIONS WITH SALES,FARM SALES,"FARM SALES: (50,000 TO 99,999 $)",OPERATIONS,40,40,FALSE,NA,NASS Table 1,commodity_totals_operations_with_sales_farm_sales_50_000_to_99_999_usd,NA
STATE,AK,02,Alaska,2017,30,"COMMODITY TOTALS - OPERATIONS WITH SALES | FARM SALES: (50,000 TO 99,999 $)",COMMODITY TOTALS - OPERATIONS WITH SALES,FARM SALES,"FARM SALES: (50,000 TO 99,999 $)",OPERATIONS,59,59,FALSE,NA,NASS Table 1,commodity_totals_operations_with_sales_farm_sales_50_000_to_99_999_usd,NA
STATE,AK,02,Alaska,2022,30,"COMMODITY TOTALS - OPERATIONS WITH SALES | FARM SALES: (50,000 TO 99,999 $)",COMMODITY TOTALS - OPERATIONS WITH SALES,FARM SALES,"FARM SALES: (50,000 TO 99,999 $)",OPERATIONS,68,68,FALSE,NA,NASS Table 1,commodity_totals_operations_with_sales_farm_sales_50_000_to_99_999_usd,NA
STATE,AK,02,Alaska,2002,31,"COMMODITY TOTALS - OPERATIONS WITH SALES | FARM SALES: (100,000 OR MORE $)",COMMODITY TOTALS - OPERATIONS WITH SALES,FARM SALES,"FARM SALES: (100,000 OR MORE $)",OPERATIONS,71,71,FALSE,NA,NASS Table 1,commodity_totals_operations_with_sales_farm_sales_100_000_or_more_usd,NA
STATE,AK,02,Alaska,2007,31,"COMMODITY TOTALS - OPERATIONS WITH SALES | FARM SALES: (100,000 OR MORE $)",COMMODITY TOTALS - OPERATIONS WITH SALES,FARM SALES,"FARM SALES: (100,000 OR MORE $)",OPERATIONS,77,77,FALSE,NA,NASS Table 1,commodity_totals_operations_with_sales_farm_sales_100_000_or_more_usd,NA
STATE,AK,02,Alaska,2012,31,"COMMODITY TOTALS - OPERATIONS WITH SALES | FARM SALES: (100,000 OR MORE $)",COMMODITY TOTALS - OPERATIONS WITH SALES,FARM SALES,"FARM SALES: (100,000 OR MORE $)",OPERATIONS,87,87,FALSE,NA,NASS Table 1,commodity_totals_operations_with_sales_farm_sales_100_000_or_more_usd,NA
STATE,AK,02,Alaska,2017,31,"COMMODITY TOTALS - OPERATIONS WITH SALES | FARM SALES: (100,000 OR MORE $)",COMMODITY TOTALS - OPERATIONS WITH SALES,FARM SALES,"FARM SALES: (100,000 OR MORE $)",OPERATIONS,90,90,FALSE,NA,NASS Table 1,commodity_totals_operations_with_sales_farm_sales_100_000_or_more_usd,NA
STATE,AK,02,Alaska,2022,31,"COMMODITY TOTALS - OPERATIONS WITH SALES | FARM SALES: (100,000 OR MORE $)",COMMODITY TOTALS - OPERATIONS WITH SALES,FARM SALES,"FARM SALES: (100,000 OR MORE $)",OPERATIONS,113,113,FALSE,NA,NASS Table 1,commodity_totals_operations_with_sales_farm_sales_100_000_or_more_usd,NA
STATE,AK,02,Alaska,1997,32,"GOVT PROGRAMS, FEDERAL - OPERATIONS WITH RECEIPTS","GOVT PROGRAMS, FEDERAL - OPERATIONS WITH RECEIPTS",TOTAL,NOT SPECIFIED,OPERATIONS,116,116,FALSE,NA,NASS Table 1,govt_programs_federal_operations_with_receipts,NA
STATE,AK,02,Alaska,2002,32,"GOVT PROGRAMS, FEDERAL - OPERATIONS WITH RECEIPTS","GOVT PROGRAMS, FEDERAL - OPERATIONS WITH RECEIPTS",TOTAL,NOT SPECIFIED,OPERATIONS,72,72,FALSE,NA,NASS Table 1,govt_programs_federal_operations_with_receipts,NA
STATE,AK,02,Alaska,2007,32,"GOVT PROGRAMS, FEDERAL - OPERATIONS WITH RECEIPTS","GOVT PROGRAMS, FEDERAL - OPERATIONS WITH RECEIPTS",TOTAL,NOT SPECIFIED,OPERATIONS,78,78,FALSE,NA,NASS Table 1,govt_programs_federal_operations_with_receipts,NA
STATE,AK,02,Alaska,2012,32,"GOVT PROGRAMS, FEDERAL - OPERATIONS WITH RECEIPTS","GOVT PROGRAMS, FEDERAL - OPERATIONS WITH RECEIPTS",TOTAL,NOT SPECIFIED,OPERATIONS,195,195,FALSE,NA,NASS Table 1,govt_programs_federal_operations_with_receipts,NA
STATE,AK,02,Alaska,2017,32,"GOVT PROGRAMS, FEDERAL - OPERATIONS WITH RECEIPTS","GOVT PROGRAMS, FEDERAL - OPERATIONS WITH RECEIPTS",TOTAL,NOT SPECIFIED,OPERATIONS,225,225,FALSE,NA,NASS Table 1,govt_programs_federal_operations_with_receipts,NA
STATE,AK,02,Alaska,2022,32,"GOVT PROGRAMS, FEDERAL - OPERATIONS WITH RECEIPTS","GOVT PROGRAMS, FEDERAL - OPERATIONS WITH RECEIPTS",TOTAL,NOT SPECIFIED,OPERATIONS,185,185,FALSE,NA,NASS Table 1,govt_programs_federal_operations_with_receipts,NA
STATE,AK,02,Alaska,1997,33,"GOVT PROGRAMS, FEDERAL - RECEIPTS, MEASURED IN $","GOVT PROGRAMS, FEDERAL - RECEIPTS, MEASURED IN $",TOTAL,NOT SPECIFIED,$,1195000,1195000,FALSE,NA,NASS Table 1,govt_programs_federal_receipts_usd,NA
STATE,AK,02,Alaska,2002,33,"GOVT PROGRAMS, FEDERAL - RECEIPTS, MEASURED IN $","GOVT PROGRAMS, FEDERAL - RECEIPTS, MEASURED IN $",TOTAL,NOT SPECIFIED,$,1765000,1765000,FALSE,NA,NASS Table 1,govt_programs_federal_receipts_usd,NA
STATE,AK,02,Alaska,2007,33,"GOVT PROGRAMS, FEDERAL - RECEIPTS, MEASURED IN $","GOVT PROGRAMS, FEDERAL - RECEIPTS, MEASURED IN $",TOTAL,NOT SPECIFIED,$,1645000,1645000,FALSE,NA,NASS Table 1,govt_programs_federal_receipts_usd,NA
STATE,AK,02,Alaska,2012,33,"GOVT PROGRAMS, FEDERAL - RECEIPTS, MEASURED IN $","GOVT PROGRAMS, FEDERAL - RECEIPTS, MEASURED IN $",TOTAL,NOT SPECIFIED,$,2432000,2432000,FALSE,NA,NASS Table 1,govt_programs_federal_receipts_usd,NA
STATE,AK,02,Alaska,2017,33,"GOVT PROGRAMS, FEDERAL - RECEIPTS, MEASURED IN $","GOVT PROGRAMS, FEDERAL - RECEIPTS, MEASURED IN $",TOTAL,NOT SPECIFIED,$,2091000,2091000,FALSE,NA,NASS Table 1,govt_programs_federal_receipts_usd,NA
STATE,AK,02,Alaska,2022,33,"GOVT PROGRAMS, FEDERAL - RECEIPTS, MEASURED IN $","GOVT PROGRAMS, FEDERAL - RECEIPTS, MEASURED IN $",TOTAL,NOT SPECIFIED,$,1845000,1845000,FALSE,NA,NASS Table 1,govt_programs_federal_receipts_usd,NA
STATE,AK,02,Alaska,1997,34,"INCOME, FARM-RELATED - OPERATIONS WITH RECEIPTS","INCOME, FARM-RELATED - OPERATIONS WITH RECEIPTS",TOTAL,NOT SPECIFIED,OPERATIONS,88,88,FALSE,NA,NASS Table 1,income_farm_related_operations_with_receipts,NA
STATE,AK,02,Alaska,2002,34,"INCOME, FARM-RELATED - OPERATIONS WITH RECEIPTS","INCOME, FARM-RELATED - OPERATIONS WITH RECEIPTS",TOTAL,NOT SPECIFIED,OPERATIONS,100,100,FALSE,NA,NASS Table 1,income_farm_related_operations_with_receipts,NA
STATE,AK,02,Alaska,2007,34,"INCOME, FARM-RELATED - OPERATIONS WITH RECEIPTS","INCOME, FARM-RELATED - OPERATIONS WITH RECEIPTS",TOTAL,NOT SPECIFIED,OPERATIONS,117,117,FALSE,NA,NASS Table 1,income_farm_related_operations_with_receipts,NA
STATE,AK,02,Alaska,2012,34,"INCOME, FARM-RELATED - OPERATIONS WITH RECEIPTS","INCOME, FARM-RELATED - OPERATIONS WITH RECEIPTS",TOTAL,NOT SPECIFIED,OPERATIONS,176,176,FALSE,NA,NASS Table 1,income_farm_related_operations_with_receipts,NA
STATE,AK,02,Alaska,2017,34,"INCOME, FARM-RELATED - OPERATIONS WITH RECEIPTS","INCOME, FARM-RELATED - OPERATIONS WITH RECEIPTS",TOTAL,NOT SPECIFIED,OPERATIONS,197,197,FALSE,NA,NASS Table 1,income_farm_related_operations_with_receipts,NA
STATE,AK,02,Alaska,2022,34,"INCOME, FARM-RELATED - OPERATIONS WITH RECEIPTS","INCOME, FARM-RELATED - OPERATIONS WITH RECEIPTS",TOTAL,NOT SPECIFIED,OPERATIONS,194,194,FALSE,NA,NASS Table 1,income_farm_related_operations_with_receipts,NA
STATE,AK,02,Alaska,1997,35,"INCOME, FARM-RELATED - RECEIPTS, MEASURED IN $","INCOME, FARM-RELATED - RECEIPTS, MEASURED IN $",TOTAL,NOT SPECIFIED,$,673000,673000,FALSE,NA,NASS Table 1,income_farm_related_receipts_usd,NA
STATE,AK,02,Alaska,2002,35,"INCOME, FARM-RELATED - RECEIPTS, MEASURED IN $","INCOME, FARM-RELATED - RECEIPTS, MEASURED IN $",TOTAL,NOT SPECIFIED,$,1727000,1727000,FALSE,NA,NASS Table 1,income_farm_related_receipts_usd,NA
STATE,AK,02,Alaska,2007,35,"INCOME, FARM-RELATED - RECEIPTS, MEASURED IN $","INCOME, FARM-RELATED - RECEIPTS, MEASURED IN $",TOTAL,NOT SPECIFIED,$,3224000,3224000,FALSE,NA,NASS Table 1,income_farm_related_receipts_usd,NA
STATE,AK,02,Alaska,2012,35,"INCOME, FARM-RELATED - RECEIPTS, MEASURED IN $","INCOME, FARM-RELATED - RECEIPTS, MEASURED IN $",TOTAL,NOT SPECIFIED,$,3150000,3150000,FALSE,NA,NASS Table 1,income_farm_related_receipts_usd,NA
STATE,AK,02,Alaska,2017,35,"INCOME, FARM-RELATED - RECEIPTS, MEASURED IN $","INCOME, FARM-RELATED - RECEIPTS, MEASURED IN $",TOTAL,NOT SPECIFIED,$,5674000,5674000,FALSE,NA,NASS Table 1,income_farm_related_receipts_usd,NA
STATE,AK,02,Alaska,2022,35,"INCOME, FARM-RELATED - RECEIPTS, MEASURED IN $","INCOME, FARM-RELATED - RECEIPTS, MEASURED IN $",TOTAL,NOT SPECIFIED,$,4579000,4579000,FALSE,NA,NASS Table 1,income_farm_related_receipts_usd,NA
STATE,AK,02,Alaska,1997,36,"EXPENSE TOTALS, OPERATING - EXPENSE, MEASURED IN $","EXPENSE TOTALS, OPERATING - EXPENSE, MEASURED IN $",TOTAL,NOT SPECIFIED,$,21821000,21821000,FALSE,NA,NASS Table 1,expense_totals_operating_expense_usd,NA
STATE,AK,02,Alaska,2002,36,"EXPENSE TOTALS, OPERATING - EXPENSE, MEASURED IN $","EXPENSE TOTALS, OPERATING - EXPENSE, MEASURED IN $",TOTAL,NOT SPECIFIED,$,39123000,39123000,FALSE,NA,NASS Table 1,expense_totals_operating_expense_usd,NA
STATE,AK,02,Alaska,2007,36,"EXPENSE TOTALS, OPERATING - EXPENSE, MEASURED IN $","EXPENSE TOTALS, OPERATING - EXPENSE, MEASURED IN $",TOTAL,NOT SPECIFIED,$,50547000,50547000,FALSE,NA,NASS Table 1,expense_totals_operating_expense_usd,NA
STATE,AK,02,Alaska,2012,36,"EXPENSE TOTALS, OPERATING - EXPENSE, MEASURED IN $","EXPENSE TOTALS, OPERATING - EXPENSE, MEASURED IN $",TOTAL,NOT SPECIFIED,$,55918000,55918000,FALSE,NA,NASS Table 1,expense_totals_operating_expense_usd,NA
STATE,AK,02,Alaska,2017,36,"EXPENSE TOTALS, OPERATING - EXPENSE, MEASURED IN $","EXPENSE TOTALS, OPERATING - EXPENSE, MEASURED IN $",TOTAL,NOT SPECIFIED,$,63833000,63833000,FALSE,NA,NASS Table 1,expense_totals_operating_expense_usd,NA
STATE,AK,02,Alaska,2022,36,"EXPENSE TOTALS, OPERATING - EXPENSE, MEASURED IN $","EXPENSE TOTALS, OPERATING - EXPENSE, MEASURED IN $",TOTAL,NOT SPECIFIED,$,84745000,84745000,FALSE,NA,NASS Table 1,expense_totals_operating_expense_usd,NA
STATE,AK,02,Alaska,1997,37,"EXPENSE TOTALS, OPERATING - EXPENSE, MEASURED IN $ / OPERATION","EXPENSE TOTALS, OPERATING - EXPENSE, MEASURED IN $ / OPERATION",TOTAL,NOT SPECIFIED,$ / OPERATION,39820,39820,FALSE,NA,NASS Table 1,expense_totals_operating_expense_usd_per_operation,NA
STATE,AK,02,Alaska,2002,37,"EXPENSE TOTALS, OPERATING - EXPENSE, MEASURED IN $ / OPERATION","EXPENSE TOTALS, OPERATING - EXPENSE, MEASURED IN $ / OPERATION",TOTAL,NOT SPECIFIED,$ / OPERATION,64242,64242,FALSE,NA,NASS Table 1,expense_totals_operating_expense_usd_per_operation,NA
STATE,AK,02,Alaska,2007,37,"EXPENSE TOTALS, OPERATING - EXPENSE, MEASURED IN $ / OPERATION","EXPENSE TOTALS, OPERATING - EXPENSE, MEASURED IN $ / OPERATION",TOTAL,NOT SPECIFIED,$ / OPERATION,73683,73683,FALSE,NA,NASS Table 1,expense_totals_operating_expense_usd_per_operation,NA
STATE,AK,02,Alaska,2012,37,"EXPENSE TOTALS, OPERATING - EXPENSE, MEASURED IN $ / OPERATION","EXPENSE TOTALS, OPERATING - EXPENSE, MEASURED IN $ / OPERATION",TOTAL,NOT SPECIFIED,$ / OPERATION,73383,73383,FALSE,NA,NASS Table 1,expense_totals_operating_expense_usd_per_operation,NA
STATE,AK,02,Alaska,2017,37,"EXPENSE TOTALS, OPERATING - EXPENSE, MEASURED IN $ / OPERATION","EXPENSE TOTALS, OPERATING - EXPENSE, MEASURED IN $ / OPERATION",TOTAL,NOT SPECIFIED,$ / OPERATION,64478,64478,FALSE,NA,NASS Table 1,expense_totals_operating_expense_usd_per_operation,NA
STATE,AK,02,Alaska,2022,37,"EXPENSE TOTALS, OPERATING - EXPENSE, MEASURED IN $ / OPERATION","EXPENSE TOTALS, OPERATING - EXPENSE, MEASURED IN $ / OPERATION",TOTAL,NOT SPECIFIED,$ / OPERATION,72247,72247,FALSE,NA,NASS Table 1,expense_totals_operating_expense_usd_per_operation,NA
STATE,AK,02,Alaska,2002,38,"INCOME, NET CASH FARM, OF OPERATIONS - OPERATIONS WITH NET INCOME","INCOME, NET CASH FARM, OF OPERATIONS - OPERATIONS WITH NET INCOME",TOTAL,NOT SPECIFIED,OPERATIONS,609,609,FALSE,NA,NASS Table 1,income_net_cash_farm_of_operations_operations_with_net_income,NA
STATE,AK,02,Alaska,2007,38,"INCOME, NET CASH FARM, OF OPERATIONS - OPERATIONS WITH NET INCOME","INCOME, NET CASH FARM, OF OPERATIONS - OPERATIONS WITH NET INCOME",TOTAL,NOT SPECIFIED,OPERATIONS,686,686,FALSE,NA,NASS Table 1,income_net_cash_farm_of_operations_operations_with_net_income,NA
STATE,AK,02,Alaska,2012,38,"INCOME, NET CASH FARM, OF OPERATIONS - OPERATIONS WITH NET INCOME","INCOME, NET CASH FARM, OF OPERATIONS - OPERATIONS WITH NET INCOME",TOTAL,NOT SPECIFIED,OPERATIONS,762,762,FALSE,NA,NASS Table 1,income_net_cash_farm_of_operations_operations_with_net_income,NA
STATE,AK,02,Alaska,2017,38,"INCOME, NET CASH FARM, OF OPERATIONS - OPERATIONS WITH NET INCOME","INCOME, NET CASH FARM, OF OPERATIONS - OPERATIONS WITH NET INCOME",TOTAL,NOT SPECIFIED,OPERATIONS,990,990,FALSE,NA,NASS Table 1,income_net_cash_farm_of_operations_operations_with_net_income,NA
STATE,AK,02,Alaska,2022,38,"INCOME, NET CASH FARM, OF OPERATIONS - OPERATIONS WITH NET INCOME","INCOME, NET CASH FARM, OF OPERATIONS - OPERATIONS WITH NET INCOME",TOTAL,NOT SPECIFIED,OPERATIONS,1173,1173,FALSE,NA,NASS Table 1,income_net_cash_farm_of_operations_operations_with_net_income,NA
STATE,AK,02,Alaska,2002,39,"INCOME, NET CASH FARM, OF OPERATIONS - NET INCOME, MEASURED IN $","INCOME, NET CASH FARM, OF OPERATIONS - NET INCOME, MEASURED IN $",TOTAL,NOT SPECIFIED,$,10511000,10511000,FALSE,NA,NASS Table 1,income_net_cash_farm_of_operations_net_income_usd,NA
STATE,AK,02,Alaska,2007,39,"INCOME, NET CASH FARM, OF OPERATIONS - NET INCOME, MEASURED IN $","INCOME, NET CASH FARM, OF OPERATIONS - NET INCOME, MEASURED IN $",TOTAL,NOT SPECIFIED,$,11341000,11341000,FALSE,NA,NASS Table 1,income_net_cash_farm_of_operations_net_income_usd,NA
STATE,AK,02,Alaska,2012,39,"INCOME, NET CASH FARM, OF OPERATIONS - NET INCOME, MEASURED IN $","INCOME, NET CASH FARM, OF OPERATIONS - NET INCOME, MEASURED IN $",TOTAL,NOT SPECIFIED,$,8589000,8589000,FALSE,NA,NASS Table 1,income_net_cash_farm_of_operations_net_income_usd,NA
STATE,AK,02,Alaska,2017,39,"INCOME, NET CASH FARM, OF OPERATIONS - NET INCOME, MEASURED IN $","INCOME, NET CASH FARM, OF OPERATIONS - NET INCOME, MEASURED IN $",TOTAL,NOT SPECIFIED,$,14392000,14392000,FALSE,NA,NASS Table 1,income_net_cash_farm_of_operations_net_income_usd,NA
STATE,AK,02,Alaska,2022,39,"INCOME, NET CASH FARM, OF OPERATIONS - NET INCOME, MEASURED IN $","INCOME, NET CASH FARM, OF OPERATIONS - NET INCOME, MEASURED IN $",TOTAL,NOT SPECIFIED,$,12528000,12528000,FALSE,NA,NASS Table 1,income_net_cash_farm_of_operations_net_income_usd,NA
STATE,AK,02,Alaska,2002,40,"INCOME, NET CASH FARM, OF OPERATIONS - NET INCOME, MEASURED IN $ / OPERATION","INCOME, NET CASH FARM, OF OPERATIONS - NET INCOME, MEASURED IN $ / OPERATION",TOTAL,NOT SPECIFIED,$ / OPERATION,17260,17260,FALSE,NA,NASS Table 1,income_net_cash_farm_of_operations_net_income_usd_per_operation,NA
STATE,AK,02,Alaska,2007,40,"INCOME, NET CASH FARM, OF OPERATIONS - NET INCOME, MEASURED IN $ / OPERATION","INCOME, NET CASH FARM, OF OPERATIONS - NET INCOME, MEASURED IN $ / OPERATION",TOTAL,NOT SPECIFIED,$ / OPERATION,16532,16532,FALSE,NA,NASS Table 1,income_net_cash_farm_of_operations_net_income_usd_per_operation,NA
STATE,AK,02,Alaska,2012,40,"INCOME, NET CASH FARM, OF OPERATIONS - NET INCOME, MEASURED IN $ / OPERATION","INCOME, NET CASH FARM, OF OPERATIONS - NET INCOME, MEASURED IN $ / OPERATION",TOTAL,NOT SPECIFIED,$ / OPERATION,11271,11271,FALSE,NA,NASS Table 1,income_net_cash_farm_of_operations_net_income_usd_per_operation,NA
STATE,AK,02,Alaska,2017,40,"INCOME, NET CASH FARM, OF OPERATIONS - NET INCOME, MEASURED IN $ / OPERATION","INCOME, NET CASH FARM, OF OPERATIONS - NET INCOME, MEASURED IN $ / OPERATION",TOTAL,NOT SPECIFIED,$ / OPERATION,14537,14537,FALSE,NA,NASS Table 1,income_net_cash_farm_of_operations_net_income_usd_per_operation,NA
STATE,AK,02,Alaska,2022,40,"INCOME, NET CASH FARM, OF OPERATIONS - NET INCOME, MEASURED IN $ / OPERATION","INCOME, NET CASH FARM, OF OPERATIONS - NET INCOME, MEASURED IN $ / OPERATION",TOTAL,NOT SPECIFIED,$ / OPERATION,10681,10681,FALSE,NA,NASS Table 1,income_net_cash_farm_of_operations_net_income_usd_per_operation,NA
STATE,AK,02,Alaska,1997,41,"CATTLE, INCL CALVES - OPERATIONS WITH INVENTORY","CATTLE, INCL CALVES - OPERATIONS WITH INVENTORY",TOTAL,NOT SPECIFIED,OPERATIONS,120,120,FALSE,NA,NASS Table 1,cattle_incl_calves_operations_with_inventory,NA
STATE,AK,02,Alaska,2002,41,"CATTLE, INCL CALVES - OPERATIONS WITH INVENTORY","CATTLE, INCL CALVES - OPERATIONS WITH INVENTORY",TOTAL,NOT SPECIFIED,OPERATIONS,113,113,FALSE,NA,NASS Table 1,cattle_incl_calves_operations_with_inventory,NA
STATE,AK,02,Alaska,2007,41,"CATTLE, INCL CALVES - OPERATIONS WITH INVENTORY","CATTLE, INCL CALVES - OPERATIONS WITH INVENTORY",TOTAL,NOT SPECIFIED,OPERATIONS,130,130,FALSE,NA,NASS Table 1,cattle_incl_calves_operations_with_inventory,NA
STATE,AK,02,Alaska,2012,41,"CATTLE, INCL CALVES - OPERATIONS WITH INVENTORY","CATTLE, INCL CALVES - OPERATIONS WITH INVENTORY",TOTAL,NOT SPECIFIED,OPERATIONS,134,134,FALSE,NA,NASS Table 1,cattle_incl_calves_operations_with_inventory,NA
STATE,AK,02,Alaska,2017,41,"CATTLE, INCL CALVES - OPERATIONS WITH INVENTORY","CATTLE, INCL CALVES - OPERATIONS WITH INVENTORY",TOTAL,NOT SPECIFIED,OPERATIONS,118,118,FALSE,NA,NASS Table 1,cattle_incl_calves_operations_with_inventory,NA
STATE,AK,02,Alaska,2022,41,"CATTLE, INCL CALVES - OPERATIONS WITH INVENTORY","CATTLE, INCL CALVES - OPERATIONS WITH INVENTORY",TOTAL,NOT SPECIFIED,OPERATIONS,142,142,FALSE,NA,NASS Table 1,cattle_incl_calves_operations_with_inventory,NA
STATE,AK,02,Alaska,1997,42,"CATTLE, INCL CALVES - INVENTORY","CATTLE, INCL CALVES - INVENTORY",TOTAL,NOT SPECIFIED,HEAD,11111,11111,FALSE,NA,NASS Table 1,cattle_incl_calves_inventory,NA
STATE,AK,02,Alaska,2002,42,"CATTLE, INCL CALVES - INVENTORY","CATTLE, INCL CALVES - INVENTORY",TOTAL,NOT SPECIFIED,HEAD,12609,12609,FALSE,NA,NASS Table 1,cattle_incl_calves_inventory,NA
STATE,AK,02,Alaska,2007,42,"CATTLE, INCL CALVES - INVENTORY","CATTLE, INCL CALVES - INVENTORY",TOTAL,NOT SPECIFIED,HEAD,14823,14823,FALSE,NA,NASS Table 1,cattle_incl_calves_inventory,NA
STATE,AK,02,Alaska,2012,42,"CATTLE, INCL CALVES - INVENTORY","CATTLE, INCL CALVES - INVENTORY",TOTAL,NOT SPECIFIED,HEAD,10667,10667,FALSE,NA,NASS Table 1,cattle_incl_calves_inventory,NA
STATE,AK,02,Alaska,2017,42,"CATTLE, INCL CALVES - INVENTORY","CATTLE, INCL CALVES - INVENTORY",TOTAL,NOT SPECIFIED,HEAD,14960,14960,FALSE,NA,NASS Table 1,cattle_incl_calves_inventory,NA
STATE,AK,02,Alaska,2022,42,"CATTLE, INCL CALVES - INVENTORY","CATTLE, INCL CALVES - INVENTORY",TOTAL,NOT SPECIFIED,HEAD,16840,16840,FALSE,NA,NASS Table 1,cattle_incl_calves_inventory,NA
STATE,AK,02,Alaska,1997,43,"CATTLE, COWS, BEEF - OPERATIONS WITH INVENTORY","CATTLE, COWS, BEEF - OPERATIONS WITH INVENTORY",TOTAL,NOT SPECIFIED,OPERATIONS,84,84,FALSE,NA,NASS Table 1,cattle_cows_beef_operations_with_inventory,NA
STATE,AK,02,Alaska,2002,43,"CATTLE, COWS, BEEF - OPERATIONS WITH INVENTORY","CATTLE, COWS, BEEF - OPERATIONS WITH INVENTORY",TOTAL,NOT SPECIFIED,OPERATIONS,86,86,FALSE,NA,NASS Table 1,cattle_cows_beef_operations_with_inventory,NA
STATE,AK,02,Alaska,2007,43,"CATTLE, COWS, BEEF - OPERATIONS WITH INVENTORY","CATTLE, COWS, BEEF - OPERATIONS WITH INVENTORY",TOTAL,NOT SPECIFIED,OPERATIONS,98,98,FALSE,NA,NASS Table 1,cattle_cows_beef_operations_with_inventory,NA
STATE,AK,02,Alaska,2012,43,"CATTLE, COWS, BEEF - OPERATIONS WITH INVENTORY","CATTLE, COWS, BEEF - OPERATIONS WITH INVENTORY",TOTAL,NOT SPECIFIED,OPERATIONS,98,98,FALSE,NA,NASS Table 1,cattle_cows_beef_operations_with_inventory,NA
STATE,AK,02,Alaska,2017,43,"CATTLE, COWS, BEEF - OPERATIONS WITH INVENTORY","CATTLE, COWS, BEEF - OPERATIONS WITH INVENTORY",TOTAL,NOT SPECIFIED,OPERATIONS,92,92,FALSE,NA,NASS Table 1,cattle_cows_beef_operations_with_inventory,NA
STATE,AK,02,Alaska,2022,43,"CATTLE, COWS, BEEF - OPERATIONS WITH INVENTORY","CATTLE, COWS, BEEF - OPERATIONS WITH INVENTORY",TOTAL,NOT SPECIFIED,OPERATIONS,112,112,FALSE,NA,NASS Table 1,cattle_cows_beef_operations_with_inventory,NA
STATE,AK,02,Alaska,1997,44,"CATTLE, COWS, BEEF - INVENTORY","CATTLE, COWS, BEEF - INVENTORY",TOTAL,NOT SPECIFIED,HEAD,3694,3694,FALSE,NA,NASS Table 1,cattle_cows_beef_inventory,NA
STATE,AK,02,Alaska,2002,44,"CATTLE, COWS, BEEF - INVENTORY","CATTLE, COWS, BEEF - INVENTORY",TOTAL,NOT SPECIFIED,HEAD,5408,5408,FALSE,NA,NASS Table 1,cattle_cows_beef_inventory,NA
STATE,AK,02,Alaska,2007,44,"CATTLE, COWS, BEEF - INVENTORY","CATTLE, COWS, BEEF - INVENTORY",TOTAL,NOT SPECIFIED,HEAD,6468,6468,FALSE,NA,NASS Table 1,cattle_cows_beef_inventory,NA
STATE,AK,02,Alaska,2012,44,"CATTLE, COWS, BEEF - INVENTORY","CATTLE, COWS, BEEF - INVENTORY",TOTAL,NOT SPECIFIED,HEAD,NA,NA,TRUE,(D),NASS Table 1,cattle_cows_beef_inventory,NA
STATE,AK,02,Alaska,2017,44,"CATTLE, COWS, BEEF - INVENTORY","CATTLE, COWS, BEEF - INVENTORY",TOTAL,NOT SPECIFIED,HEAD,NA,NA,TRUE,(D),NASS Table 1,cattle_cows_beef_inventory,NA
STATE,AK,02,Alaska,2022,44,"CATTLE, COWS, BEEF - INVENTORY","CATTLE, COWS, BEEF - INVENTORY",TOTAL,NOT SPECIFIED,HEAD,8113,8113,FALSE,NA,NASS Table 1,cattle_cows_beef_inventory,NA
STATE,AK,02,Alaska,1997,45,"CATTLE, COWS, MILK - OPERATIONS WITH INVENTORY","CATTLE, COWS, MILK - OPERATIONS WITH INVENTORY",TOTAL,NOT SPECIFIED,OPERATIONS,30,30,FALSE,NA,NASS Table 1,cattle_cows_milk_operations_with_inventory,NA
STATE,AK,02,Alaska,2002,45,"CATTLE, COWS, MILK - OPERATIONS WITH INVENTORY","CATTLE, COWS, MILK - OPERATIONS WITH INVENTORY",TOTAL,NOT SPECIFIED,OPERATIONS,31,31,FALSE,NA,NASS Table 1,cattle_cows_milk_operations_with_inventory,NA
STATE,AK,02,Alaska,2007,45,"CATTLE, COWS, MILK - OPERATIONS WITH INVENTORY","CATTLE, COWS, MILK - OPERATIONS WITH INVENTORY",TOTAL,NOT SPECIFIED,OPERATIONS,28,28,FALSE,NA,NASS Table 1,cattle_cows_milk_operations_with_inventory,NA
STATE,AK,02,Alaska,2012,45,"CATTLE, COWS, MILK - OPERATIONS WITH INVENTORY","CATTLE, COWS, MILK - OPERATIONS WITH INVENTORY",TOTAL,NOT SPECIFIED,OPERATIONS,28,28,FALSE,NA,NASS Table 1,cattle_cows_milk_operations_with_inventory,NA
STATE,AK,02,Alaska,2017,45,"CATTLE, COWS, MILK - OPERATIONS WITH INVENTORY","CATTLE, COWS, MILK - OPERATIONS WITH INVENTORY",TOTAL,NOT SPECIFIED,OPERATIONS,27,27,FALSE,NA,NASS Table 1,cattle_cows_milk_operations_with_inventory,NA
STATE,AK,02,Alaska,2022,45,"CATTLE, COWS, MILK - OPERATIONS WITH INVENTORY","CATTLE, COWS, MILK - OPERATIONS WITH INVENTORY",TOTAL,NOT SPECIFIED,OPERATIONS,28,28,FALSE,NA,NASS Table 1,cattle_cows_milk_operations_with_inventory,NA
STATE,AK,02,Alaska,1997,46,"CATTLE, COWS, MILK - INVENTORY","CATTLE, COWS, MILK - INVENTORY",TOTAL,NOT SPECIFIED,HEAD,1101,1101,FALSE,NA,NASS Table 1,cattle_cows_milk_inventory,NA
STATE,AK,02,Alaska,2002,46,"CATTLE, COWS, MILK - INVENTORY","CATTLE, COWS, MILK - INVENTORY",TOTAL,NOT SPECIFIED,HEAD,1253,1253,FALSE,NA,NASS Table 1,cattle_cows_milk_inventory,NA
STATE,AK,02,Alaska,2007,46,"CATTLE, COWS, MILK - INVENTORY","CATTLE, COWS, MILK - INVENTORY",TOTAL,NOT SPECIFIED,HEAD,577,577,FALSE,NA,NASS Table 1,cattle_cows_milk_inventory,NA
STATE,AK,02,Alaska,2012,46,"CATTLE, COWS, MILK - INVENTORY","CATTLE, COWS, MILK - INVENTORY",TOTAL,NOT SPECIFIED,HEAD,NA,NA,TRUE,(D),NASS Table 1,cattle_cows_milk_inventory,NA
STATE,AK,02,Alaska,2017,46,"CATTLE, COWS, MILK - INVENTORY","CATTLE, COWS, MILK - INVENTORY",TOTAL,NOT SPECIFIED,HEAD,NA,NA,TRUE,(D),NASS Table 1,cattle_cows_milk_inventory,NA
STATE,AK,02,Alaska,2022,46,"CATTLE, COWS, MILK - INVENTORY","CATTLE, COWS, MILK - INVENTORY",TOTAL,NOT SPECIFIED,HEAD,134,134,FALSE,NA,NASS Table 1,cattle_cows_milk_inventory,NA
STATE,AK,02,Alaska,1997,47,"CATTLE, INCL CALVES - OPERATIONS WITH SALES","CATTLE, INCL CALVES - OPERATIONS WITH SALES",TOTAL,NOT SPECIFIED,OPERATIONS,92,92,FALSE,NA,NASS Table 1,cattle_incl_calves_operations_with_sales,NA
STATE,AK,02,Alaska,2002,47,"CATTLE, INCL CALVES - OPERATIONS WITH SALES","CATTLE, INCL CALVES - OPERATIONS WITH SALES",TOTAL,NOT SPECIFIED,OPERATIONS,83,83,FALSE,NA,NASS Table 1,cattle_incl_calves_operations_with_sales,NA
STATE,AK,02,Alaska,2007,47,"CATTLE, INCL CALVES - OPERATIONS WITH SALES","CATTLE, INCL CALVES - OPERATIONS WITH SALES",TOTAL,NOT SPECIFIED,OPERATIONS,75,75,FALSE,NA,NASS Table 1,cattle_incl_calves_operations_with_sales,NA
STATE,AK,02,Alaska,2012,47,"CATTLE, INCL CALVES - OPERATIONS WITH SALES","CATTLE, INCL CALVES - OPERATIONS WITH SALES",TOTAL,NOT SPECIFIED,OPERATIONS,71,71,FALSE,NA,NASS Table 1,cattle_incl_calves_operations_with_sales,NA
STATE,AK,02,Alaska,2017,47,"CATTLE, INCL CALVES - OPERATIONS WITH SALES","CATTLE, INCL CALVES - OPERATIONS WITH SALES",TOTAL,NOT SPECIFIED,OPERATIONS,86,86,FALSE,NA,NASS Table 1,cattle_incl_calves_operations_with_sales,NA
STATE,AK,02,Alaska,2022,47,"CATTLE, INCL CALVES - OPERATIONS WITH SALES","CATTLE, INCL CALVES - OPERATIONS WITH SALES",TOTAL,NOT SPECIFIED,OPERATIONS,102,102,FALSE,NA,NASS Table 1,cattle_incl_calves_operations_with_sales,NA
STATE,AK,02,Alaska,1997,48,"CATTLE, INCL CALVES - SALES, MEASURED IN HEAD","CATTLE, INCL CALVES - SALES, MEASURED IN HEAD",TOTAL,NOT SPECIFIED,HEAD,2847,2847,FALSE,NA,NASS Table 1,cattle_incl_calves_sales_head,NA
STATE,AK,02,Alaska,2002,48,"CATTLE, INCL CALVES - SALES, MEASURED IN HEAD","CATTLE, INCL CALVES - SALES, MEASURED IN HEAD",TOTAL,NOT SPECIFIED,HEAD,1356,1356,FALSE,NA,NASS Table 1,cattle_incl_calves_sales_head,NA
STATE,AK,02,Alaska,2007,48,"CATTLE, INCL CALVES - SALES, MEASURED IN HEAD","CATTLE, INCL CALVES - SALES, MEASURED IN HEAD",TOTAL,NOT SPECIFIED,HEAD,1026,1026,FALSE,NA,NASS Table 1,cattle_incl_calves_sales_head,NA
STATE,AK,02,Alaska,2012,48,"CATTLE, INCL CALVES - SALES, MEASURED IN HEAD","CATTLE, INCL CALVES - SALES, MEASURED IN HEAD",TOTAL,NOT SPECIFIED,HEAD,1000,1000,FALSE,NA,NASS Table 1,cattle_incl_calves_sales_head,NA
STATE,AK,02,Alaska,2017,48,"CATTLE, INCL CALVES - SALES, MEASURED IN HEAD","CATTLE, INCL CALVES - SALES, MEASURED IN HEAD",TOTAL,NOT SPECIFIED,HEAD,1813,1813,FALSE,NA,NASS Table 1,cattle_incl_calves_sales_head,NA
STATE,AK,02,Alaska,2022,48,"CATTLE, INCL CALVES - SALES, MEASURED IN HEAD","CATTLE, INCL CALVES - SALES, MEASURED IN HEAD",TOTAL,NOT SPECIFIED,HEAD,2098,2098,FALSE,NA,NASS Table 1,cattle_incl_calves_sales_head,NA
STATE,AK,02,Alaska,1997,49,HOGS - OPERATIONS WITH INVENTORY,HOGS - OPERATIONS WITH INVENTORY,TOTAL,NOT SPECIFIED,OPERATIONS,53,53,FALSE,NA,NASS Table 1,hogs_operations_with_inventory,NA
STATE,AK,02,Alaska,2002,49,HOGS - OPERATIONS WITH INVENTORY,HOGS - OPERATIONS WITH INVENTORY,TOTAL,NOT SPECIFIED,OPERATIONS,48,48,FALSE,NA,NASS Table 1,hogs_operations_with_inventory,NA
STATE,AK,02,Alaska,2007,49,HOGS - OPERATIONS WITH INVENTORY,HOGS - OPERATIONS WITH INVENTORY,TOTAL,NOT SPECIFIED,OPERATIONS,43,43,FALSE,NA,NASS Table 1,hogs_operations_with_inventory,NA
STATE,AK,02,Alaska,2012,49,HOGS - OPERATIONS WITH INVENTORY,HOGS - OPERATIONS WITH INVENTORY,TOTAL,NOT SPECIFIED,OPERATIONS,37,37,FALSE,NA,NASS Table 1,hogs_operations_with_inventory,NA
STATE,AK,02,Alaska,2017,49,HOGS - OPERATIONS WITH INVENTORY,HOGS - OPERATIONS WITH INVENTORY,TOTAL,NOT SPECIFIED,OPERATIONS,64,64,FALSE,NA,NASS Table 1,hogs_operations_with_inventory,NA
STATE,AK,02,Alaska,2022,49,HOGS - OPERATIONS WITH INVENTORY,HOGS - OPERATIONS WITH INVENTORY,TOTAL,NOT SPECIFIED,OPERATIONS,78,78,FALSE,NA,NASS Table 1,hogs_operations_with_inventory,NA
STATE,AK,02,Alaska,1997,50,HOGS - INVENTORY,HOGS - INVENTORY,TOTAL,NOT SPECIFIED,HEAD,2112,2112,FALSE,NA,NASS Table 1,hogs_inventory,NA
STATE,AK,02,Alaska,2002,50,HOGS - INVENTORY,HOGS - INVENTORY,TOTAL,NOT SPECIFIED,HEAD,1201,1201,FALSE,NA,NASS Table 1,hogs_inventory,NA
STATE,AK,02,Alaska,2007,50,HOGS - INVENTORY,HOGS - INVENTORY,TOTAL,NOT SPECIFIED,HEAD,757,757,FALSE,NA,NASS Table 1,hogs_inventory,NA
STATE,AK,02,Alaska,2012,50,HOGS - INVENTORY,HOGS - INVENTORY,TOTAL,NOT SPECIFIED,HEAD,1009,1009,FALSE,NA,NASS Table 1,hogs_inventory,NA
STATE,AK,02,Alaska,2017,50,HOGS - INVENTORY,HOGS - INVENTORY,TOTAL,NOT SPECIFIED,HEAD,1502,1502,FALSE,NA,NASS Table 1,hogs_inventory,NA
STATE,AK,02,Alaska,2022,50,HOGS - INVENTORY,HOGS - INVENTORY,TOTAL,NOT SPECIFIED,HEAD,1604,1604,FALSE,NA,NASS Table 1,hogs_inventory,NA
STATE,AK,02,Alaska,1997,51,HOGS - OPERATIONS WITH SALES,HOGS - OPERATIONS WITH SALES,TOTAL,NOT SPECIFIED,OPERATIONS,33,33,FALSE,NA,NASS Table 1,hogs_operations_with_sales,NA
STATE,AK,02,Alaska,2002,51,HOGS - OPERATIONS WITH SALES,HOGS - OPERATIONS WITH SALES,TOTAL,NOT SPECIFIED,OPERATIONS,47,47,FALSE,NA,NASS Table 1,hogs_operations_with_sales,NA
STATE,AK,02,Alaska,2007,51,HOGS - OPERATIONS WITH SALES,HOGS - OPERATIONS WITH SALES,TOTAL,NOT SPECIFIED,OPERATIONS,50,50,FALSE,NA,NASS Table 1,hogs_operations_with_sales,NA
STATE,AK,02,Alaska,2012,51,HOGS - OPERATIONS WITH SALES,HOGS - OPERATIONS WITH SALES,TOTAL,NOT SPECIFIED,OPERATIONS,42,42,FALSE,NA,NASS Table 1,hogs_operations_with_sales,NA
STATE,AK,02,Alaska,2017,51,HOGS - OPERATIONS WITH SALES,HOGS - OPERATIONS WITH SALES,TOTAL,NOT SPECIFIED,OPERATIONS,61,61,FALSE,NA,NASS Table 1,hogs_operations_with_sales,NA
STATE,AK,02,Alaska,2022,51,HOGS - OPERATIONS WITH SALES,HOGS - OPERATIONS WITH SALES,TOTAL,NOT SPECIFIED,OPERATIONS,63,63,FALSE,NA,NASS Table 1,hogs_operations_with_sales,NA
STATE,AK,02,Alaska,1997,52,"HOGS - SALES, MEASURED IN HEAD","HOGS - SALES, MEASURED IN HEAD",TOTAL,NOT SPECIFIED,HEAD,2532,2532,FALSE,NA,NASS Table 1,hogs_sales_head,NA
STATE,AK,02,Alaska,2002,52,"HOGS - SALES, MEASURED IN HEAD","HOGS - SALES, MEASURED IN HEAD",TOTAL,NOT SPECIFIED,HEAD,2002,2002,FALSE,NA,NASS Table 1,hogs_sales_head,NA
STATE,AK,02,Alaska,2007,52,"HOGS - SALES, MEASURED IN HEAD","HOGS - SALES, MEASURED IN HEAD",TOTAL,NOT SPECIFIED,HEAD,2053,2053,FALSE,NA,NASS Table 1,hogs_sales_head,NA
STATE,AK,02,Alaska,2012,52,"HOGS - SALES, MEASURED IN HEAD","HOGS - SALES, MEASURED IN HEAD",TOTAL,NOT SPECIFIED,HEAD,2042,2042,FALSE,NA,NASS Table 1,hogs_sales_head,NA
STATE,AK,02,Alaska,2017,52,"HOGS - SALES, MEASURED IN HEAD","HOGS - SALES, MEASURED IN HEAD",TOTAL,NOT SPECIFIED,HEAD,3492,3492,FALSE,NA,NASS Table 1,hogs_sales_head,NA
STATE,AK,02,Alaska,2022,52,"HOGS - SALES, MEASURED IN HEAD","HOGS - SALES, MEASURED IN HEAD",TOTAL,NOT SPECIFIED,HEAD,4432,4432,FALSE,NA,NASS Table 1,hogs_sales_head,NA
STATE,AK,02,Alaska,1997,53,"SHEEP, INCL LAMBS - OPERATIONS WITH INVENTORY","SHEEP, INCL LAMBS - OPERATIONS WITH INVENTORY",TOTAL,NOT SPECIFIED,OPERATIONS,40,40,FALSE,NA,NASS Table 1,sheep_incl_lambs_operations_with_inventory,NA
STATE,AK,02,Alaska,2002,53,"SHEEP, INCL LAMBS - OPERATIONS WITH INVENTORY","SHEEP, INCL LAMBS - OPERATIONS WITH INVENTORY",TOTAL,NOT SPECIFIED,OPERATIONS,36,36,FALSE,NA,NASS Table 1,sheep_incl_lambs_operations_with_inventory,NA
STATE,AK,02,Alaska,2007,53,"SHEEP, INCL LAMBS - OPERATIONS WITH INVENTORY","SHEEP, INCL LAMBS - OPERATIONS WITH INVENTORY",TOTAL,NOT SPECIFIED,OPERATIONS,49,49,FALSE,NA,NASS Table 1,sheep_incl_lambs_operations_with_inventory,NA
STATE,AK,02,Alaska,2012,53,"SHEEP, INCL LAMBS - OPERATIONS WITH INVENTORY","SHEEP, INCL LAMBS - OPERATIONS WITH INVENTORY",TOTAL,NOT SPECIFIED,OPERATIONS,50,50,FALSE,NA,NASS Table 1,sheep_incl_lambs_operations_with_inventory,NA
STATE,AK,02,Alaska,2017,53,"SHEEP, INCL LAMBS - OPERATIONS WITH INVENTORY","SHEEP, INCL LAMBS - OPERATIONS WITH INVENTORY",TOTAL,NOT SPECIFIED,OPERATIONS,49,49,FALSE,NA,NASS Table 1,sheep_incl_lambs_operations_with_inventory,NA
STATE,AK,02,Alaska,2022,53,"SHEEP, INCL LAMBS - OPERATIONS WITH INVENTORY","SHEEP, INCL LAMBS - OPERATIONS WITH INVENTORY",TOTAL,NOT SPECIFIED,OPERATIONS,58,58,FALSE,NA,NASS Table 1,sheep_incl_lambs_operations_with_inventory,NA
STATE,AK,02,Alaska,1997,54,"SHEEP, INCL LAMBS - INVENTORY","SHEEP, INCL LAMBS - INVENTORY",TOTAL,NOT SPECIFIED,HEAD,1605,1605,FALSE,NA,NASS Table 1,sheep_incl_lambs_inventory,NA
STATE,AK,02,Alaska,2002,54,"SHEEP, INCL LAMBS - INVENTORY","SHEEP, INCL LAMBS - INVENTORY",TOTAL,NOT SPECIFIED,HEAD,530,530,FALSE,NA,NASS Table 1,sheep_incl_lambs_inventory,NA
STATE,AK,02,Alaska,2007,54,"SHEEP, INCL LAMBS - INVENTORY","SHEEP, INCL LAMBS - INVENTORY",TOTAL,NOT SPECIFIED,HEAD,951,951,FALSE,NA,NASS Table 1,sheep_incl_lambs_inventory,NA
STATE,AK,02,Alaska,2012,54,"SHEEP, INCL LAMBS - INVENTORY","SHEEP, INCL LAMBS - INVENTORY",TOTAL,NOT SPECIFIED,HEAD,773,773,FALSE,NA,NASS Table 1,sheep_incl_lambs_inventory,NA
STATE,AK,02,Alaska,2017,54,"SHEEP, INCL LAMBS - INVENTORY","SHEEP, INCL LAMBS - INVENTORY",TOTAL,NOT SPECIFIED,HEAD,833,833,FALSE,NA,NASS Table 1,sheep_incl_lambs_inventory,NA
STATE,AK,02,Alaska,2022,54,"SHEEP, INCL LAMBS - INVENTORY","SHEEP, INCL LAMBS - INVENTORY",TOTAL,NOT SPECIFIED,HEAD,1143,1143,FALSE,NA,NASS Table 1,sheep_incl_lambs_inventory,NA
STATE,AK,02,Alaska,1997,55,"CHICKENS, LAYERS - OPERATIONS WITH INVENTORY","CHICKENS, LAYERS - OPERATIONS WITH INVENTORY",TOTAL,NOT SPECIFIED,OPERATIONS,63,63,FALSE,NA,NASS Table 1,chickens_layers_operations_with_inventory,NA
STATE,AK,02,Alaska,2002,55,"CHICKENS, LAYERS - OPERATIONS WITH INVENTORY","CHICKENS, LAYERS - OPERATIONS WITH INVENTORY",TOTAL,NOT SPECIFIED,OPERATIONS,82,82,FALSE,NA,NASS Table 1,chickens_layers_operations_with_inventory,NA
STATE,AK,02,Alaska,2007,55,"CHICKENS, LAYERS - OPERATIONS WITH INVENTORY","CHICKENS, LAYERS - OPERATIONS WITH INVENTORY",TOTAL,NOT SPECIFIED,OPERATIONS,86,86,FALSE,NA,NASS Table 1,chickens_layers_operations_with_inventory,NA
STATE,AK,02,Alaska,2012,55,"CHICKENS, LAYERS - OPERATIONS WITH INVENTORY","CHICKENS, LAYERS - OPERATIONS WITH INVENTORY",TOTAL,NOT SPECIFIED,OPERATIONS,141,141,FALSE,NA,NASS Table 1,chickens_layers_operations_with_inventory,NA
STATE,AK,02,Alaska,2017,55,"CHICKENS, LAYERS - OPERATIONS WITH INVENTORY","CHICKENS, LAYERS - OPERATIONS WITH INVENTORY",TOTAL,NOT SPECIFIED,OPERATIONS,189,189,FALSE,NA,NASS Table 1,chickens_layers_operations_with_inventory,NA
STATE,AK,02,Alaska,2022,55,"CHICKENS, LAYERS - OPERATIONS WITH INVENTORY","CHICKENS, LAYERS - OPERATIONS WITH INVENTORY",TOTAL,NOT SPECIFIED,OPERATIONS,265,265,FALSE,NA,NASS Table 1,chickens_layers_operations_with_inventory,NA
STATE,AK,02,Alaska,1997,56,"CHICKENS, LAYERS - INVENTORY","CHICKENS, LAYERS - INVENTORY",TOTAL,NOT SPECIFIED,HEAD,1826,1826,FALSE,NA,NASS Table 1,chickens_layers_inventory,NA
STATE,AK,02,Alaska,2002,56,"CHICKENS, LAYERS - INVENTORY","CHICKENS, LAYERS - INVENTORY",TOTAL,NOT SPECIFIED,HEAD,2872,2872,FALSE,NA,NASS Table 1,chickens_layers_inventory,NA
STATE,AK,02,Alaska,2007,56,"CHICKENS, LAYERS - INVENTORY","CHICKENS, LAYERS - INVENTORY",TOTAL,NOT SPECIFIED,HEAD,3623,3623,FALSE,NA,NASS Table 1,chickens_layers_inventory,NA
STATE,AK,02,Alaska,2012,56,"CHICKENS, LAYERS - INVENTORY","CHICKENS, LAYERS - INVENTORY",TOTAL,NOT SPECIFIED,HEAD,8265,8265,FALSE,NA,NASS Table 1,chickens_layers_inventory,NA
STATE,AK,02,Alaska,2017,56,"CHICKENS, LAYERS - INVENTORY","CHICKENS, LAYERS - INVENTORY",TOTAL,NOT SPECIFIED,HEAD,8360,8360,FALSE,NA,NASS Table 1,chickens_layers_inventory,NA
STATE,AK,02,Alaska,2022,56,"CHICKENS, LAYERS - INVENTORY","CHICKENS, LAYERS - INVENTORY",TOTAL,NOT SPECIFIED,HEAD,10134,10134,FALSE,NA,NASS Table 1,chickens_layers_inventory,NA
STATE,AK,02,Alaska,1997,57,"CHICKENS, BROILERS - OPERATIONS WITH SALES","CHICKENS, BROILERS - OPERATIONS WITH SALES",TOTAL,NOT SPECIFIED,OPERATIONS,9,9,FALSE,NA,NASS Table 1,chickens_broilers_operations_with_sales,NA
STATE,AK,02,Alaska,2002,57,"CHICKENS, BROILERS - OPERATIONS WITH SALES","CHICKENS, BROILERS - OPERATIONS WITH SALES",TOTAL,NOT SPECIFIED,OPERATIONS,11,11,FALSE,NA,NASS Table 1,chickens_broilers_operations_with_sales,NA
STATE,AK,02,Alaska,2007,57,"CHICKENS, BROILERS - OPERATIONS WITH SALES","CHICKENS, BROILERS - OPERATIONS WITH SALES",TOTAL,NOT SPECIFIED,OPERATIONS,12,12,FALSE,NA,NASS Table 1,chickens_broilers_operations_with_sales,NA
STATE,AK,02,Alaska,2012,57,"CHICKENS, BROILERS - OPERATIONS WITH SALES","CHICKENS, BROILERS - OPERATIONS WITH SALES",TOTAL,NOT SPECIFIED,OPERATIONS,23,23,FALSE,NA,NASS Table 1,chickens_broilers_operations_with_sales,NA
STATE,AK,02,Alaska,2017,57,"CHICKENS, BROILERS - OPERATIONS WITH SALES","CHICKENS, BROILERS - OPERATIONS WITH SALES",TOTAL,NOT SPECIFIED,OPERATIONS,34,34,FALSE,NA,NASS Table 1,chickens_broilers_operations_with_sales,NA
STATE,AK,02,Alaska,2022,57,"CHICKENS, BROILERS - OPERATIONS WITH SALES","CHICKENS, BROILERS - OPERATIONS WITH SALES",TOTAL,NOT SPECIFIED,OPERATIONS,48,48,FALSE,NA,NASS Table 1,chickens_broilers_operations_with_sales,NA
STATE,AK,02,Alaska,1997,58,"CHICKENS, BROILERS - SALES, MEASURED IN HEAD","CHICKENS, BROILERS - SALES, MEASURED IN HEAD",TOTAL,NOT SPECIFIED,HEAD,1860,1860,FALSE,NA,NASS Table 1,chickens_broilers_sales_head,NA
STATE,AK,02,Alaska,2002,58,"CHICKENS, BROILERS - SALES, MEASURED IN HEAD","CHICKENS, BROILERS - SALES, MEASURED IN HEAD",TOTAL,NOT SPECIFIED,HEAD,4262,4262,FALSE,NA,NASS Table 1,chickens_broilers_sales_head,NA
STATE,AK,02,Alaska,2007,58,"CHICKENS, BROILERS - SALES, MEASURED IN HEAD","CHICKENS, BROILERS - SALES, MEASURED IN HEAD",TOTAL,NOT SPECIFIED,HEAD,NA,NA,TRUE,(D),NASS Table 1,chickens_broilers_sales_head,NA
STATE,AK,02,Alaska,2012,58,"CHICKENS, BROILERS - SALES, MEASURED IN HEAD","CHICKENS, BROILERS - SALES, MEASURED IN HEAD",TOTAL,NOT SPECIFIED,HEAD,2044,2044,FALSE,NA,NASS Table 1,chickens_broilers_sales_head,NA
STATE,AK,02,Alaska,2017,58,"CHICKENS, BROILERS - SALES, MEASURED IN HEAD","CHICKENS, BROILERS - SALES, MEASURED IN HEAD",TOTAL,NOT SPECIFIED,HEAD,9727,9727,FALSE,NA,NASS Table 1,chickens_broilers_sales_head,NA
STATE,AK,02,Alaska,2022,58,"CHICKENS, BROILERS - SALES, MEASURED IN HEAD","CHICKENS, BROILERS - SALES, MEASURED IN HEAD",TOTAL,NOT SPECIFIED,HEAD,11666,11666,FALSE,NA,NASS Table 1,chickens_broilers_sales_head,NA
STATE,AK,02,Alaska,2012,65,WHEAT - OPERATIONS WITH AREA HARVESTED,WHEAT - OPERATIONS WITH AREA HARVESTED,TOTAL,NOT SPECIFIED,OPERATIONS,4,4,FALSE,NA,NASS Table 1,wheat_operations_with_area_harvested,NA
STATE,AK,02,Alaska,2017,65,WHEAT - OPERATIONS WITH AREA HARVESTED,WHEAT - OPERATIONS WITH AREA HARVESTED,TOTAL,NOT SPECIFIED,OPERATIONS,4,4,FALSE,NA,NASS Table 1,wheat_operations_with_area_harvested,NA
STATE,AK,02,Alaska,2022,65,WHEAT - OPERATIONS WITH AREA HARVESTED,WHEAT - OPERATIONS WITH AREA HARVESTED,TOTAL,NOT SPECIFIED,OPERATIONS,3,3,FALSE,NA,NASS Table 1,wheat_operations_with_area_harvested,NA
STATE,AK,02,Alaska,2012,66,WHEAT - ACRES HARVESTED,WHEAT - ACRES HARVESTED,TOTAL,NOT SPECIFIED,ACRES,182,182,FALSE,NA,NASS Table 1,wheat_acres_harvested,NA
STATE,AK,02,Alaska,2017,66,WHEAT - ACRES HARVESTED,WHEAT - ACRES HARVESTED,TOTAL,NOT SPECIFIED,ACRES,62,62,FALSE,NA,NASS Table 1,wheat_acres_harvested,NA
STATE,AK,02,Alaska,2022,66,WHEAT - ACRES HARVESTED,WHEAT - ACRES HARVESTED,TOTAL,NOT SPECIFIED,ACRES,102,102,FALSE,NA,NASS Table 1,wheat_acres_harvested,NA
STATE,AK,02,Alaska,2012,67,"WHEAT - PRODUCTION, MEASURED IN BU","WHEAT - PRODUCTION, MEASURED IN BU",TOTAL,NOT SPECIFIED,BU,NA,NA,TRUE,(D),NASS Table 1,wheat_production_bu,NA
STATE,AK,02,Alaska,2017,67,"WHEAT - PRODUCTION, MEASURED IN BU","WHEAT - PRODUCTION, MEASURED IN BU",TOTAL,NOT SPECIFIED,BU,1810,1810,FALSE,NA,NASS Table 1,wheat_production_bu,NA
STATE,AK,02,Alaska,2022,67,"WHEAT - PRODUCTION, MEASURED IN BU","WHEAT - PRODUCTION, MEASURED IN BU",TOTAL,NOT SPECIFIED,BU,2580,2580,FALSE,NA,NASS Table 1,wheat_production_bu,NA
STATE,AK,02,Alaska,2012,71,"WHEAT, SPRING, (EXCL DURUM) - OPERATIONS WITH AREA HARVESTED","WHEAT, SPRING, (EXCL DURUM) - OPERATIONS WITH AREA HARVESTED",TOTAL,NOT SPECIFIED,OPERATIONS,4,4,FALSE,NA,NASS Table 1,wheat_spring_excl_durum_operations_with_area_harvested,NA
STATE,AK,02,Alaska,2017,71,"WHEAT, SPRING, (EXCL DURUM) - OPERATIONS WITH AREA HARVESTED","WHEAT, SPRING, (EXCL DURUM) - OPERATIONS WITH AREA HARVESTED",TOTAL,NOT SPECIFIED,OPERATIONS,4,4,FALSE,NA,NASS Table 1,wheat_spring_excl_durum_operations_with_area_harvested,NA
STATE,AK,02,Alaska,2022,71,"WHEAT, SPRING, (EXCL DURUM) - OPERATIONS WITH AREA HARVESTED","WHEAT, SPRING, (EXCL DURUM) - OPERATIONS WITH AREA HARVESTED",TOTAL,NOT SPECIFIED,OPERATIONS,3,3,FALSE,NA,NASS Table 1,wheat_spring_excl_durum_operations_with_area_harvested,NA
STATE,AK,02,Alaska,2012,72,"WHEAT, SPRING, (EXCL DURUM) - ACRES HARVESTED","WHEAT, SPRING, (EXCL DURUM) - ACRES HARVESTED",TOTAL,NOT SPECIFIED,ACRES,182,182,FALSE,NA,NASS Table 1,wheat_spring_excl_durum_acres_harvested,NA
STATE,AK,02,Alaska,2017,72,"WHEAT, SPRING, (EXCL DURUM) - ACRES HARVESTED","WHEAT, SPRING, (EXCL DURUM) - ACRES HARVESTED",TOTAL,NOT SPECIFIED,ACRES,62,62,FALSE,NA,NASS Table 1,wheat_spring_excl_durum_acres_harvested,NA
STATE,AK,02,Alaska,2022,72,"WHEAT, SPRING, (EXCL DURUM) - ACRES HARVESTED","WHEAT, SPRING, (EXCL DURUM) - ACRES HARVESTED",TOTAL,NOT SPECIFIED,ACRES,102,102,FALSE,NA,NASS Table 1,wheat_spring_excl_durum_acres_harvested,NA
STATE,AK,02,Alaska,2012,73,"WHEAT, SPRING, (EXCL DURUM) - PRODUCTION, MEASURED IN BU","WHEAT, SPRING, (EXCL DURUM) - PRODUCTION, MEASURED IN BU",TOTAL,NOT SPECIFIED,BU,NA,NA,TRUE,(D),NASS Table 1,wheat_spring_excl_durum_production_bu,NA
STATE,AK,02,Alaska,2017,73,"WHEAT, SPRING, (EXCL DURUM) - PRODUCTION, MEASURED IN BU","WHEAT, SPRING, (EXCL DURUM) - PRODUCTION, MEASURED IN BU",TOTAL,NOT SPECIFIED,BU,1810,1810,FALSE,NA,NASS Table 1,wheat_spring_excl_durum_production_bu,NA
STATE,AK,02,Alaska,2022,73,"WHEAT, SPRING, (EXCL DURUM) - PRODUCTION, MEASURED IN BU","WHEAT, SPRING, (EXCL DURUM) - PRODUCTION, MEASURED IN BU",TOTAL,NOT SPECIFIED,BU,2580,2580,FALSE,NA,NASS Table 1,wheat_spring_excl_durum_production_bu,NA
STATE,AK,02,Alaska,1997,77,OATS - OPERATIONS WITH AREA HARVESTED,OATS - OPERATIONS WITH AREA HARVESTED,TOTAL,NOT SPECIFIED,OPERATIONS,22,22,FALSE,NA,NASS Table 1,oats_operations_with_area_harvested,NA
STATE,AK,02,Alaska,2002,77,OATS - OPERATIONS WITH AREA HARVESTED,OATS - OPERATIONS WITH AREA HARVESTED,TOTAL,NOT SPECIFIED,OPERATIONS,10,10,FALSE,NA,NASS Table 1,oats_operations_with_area_harvested,NA
STATE,AK,02,Alaska,2007,77,OATS - OPERATIONS WITH AREA HARVESTED,OATS - OPERATIONS WITH AREA HARVESTED,TOTAL,NOT SPECIFIED,OPERATIONS,8,8,FALSE,NA,NASS Table 1,oats_operations_with_area_harvested,NA
STATE,AK,02,Alaska,2012,77,OATS - OPERATIONS WITH AREA HARVESTED,OATS - OPERATIONS WITH AREA HARVESTED,TOTAL,NOT SPECIFIED,OPERATIONS,8,8,FALSE,NA,NASS Table 1,oats_operations_with_area_harvested,NA
STATE,AK,02,Alaska,2017,77,OATS - OPERATIONS WITH AREA HARVESTED,OATS - OPERATIONS WITH AREA HARVESTED,TOTAL,NOT SPECIFIED,OPERATIONS,10,10,FALSE,NA,NASS Table 1,oats_operations_with_area_harvested,NA
STATE,AK,02,Alaska,2022,77,OATS - OPERATIONS WITH AREA HARVESTED,OATS - OPERATIONS WITH AREA HARVESTED,TOTAL,NOT SPECIFIED,OPERATIONS,6,6,FALSE,NA,NASS Table 1,oats_operations_with_area_harvested,NA
STATE,AK,02,Alaska,1997,78,OATS - ACRES HARVESTED,OATS - ACRES HARVESTED,TOTAL,NOT SPECIFIED,ACRES,1463,1463,FALSE,NA,NASS Table 1,oats_acres_harvested,NA
STATE,AK,02,Alaska,2002,78,OATS - ACRES HARVESTED,OATS - ACRES HARVESTED,TOTAL,NOT SPECIFIED,ACRES,1107,1107,FALSE,NA,NASS Table 1,oats_acres_harvested,NA
STATE,AK,02,Alaska,2007,78,OATS - ACRES HARVESTED,OATS - ACRES HARVESTED,TOTAL,NOT SPECIFIED,ACRES,1017,1017,FALSE,NA,NASS Table 1,oats_acres_harvested,NA
STATE,AK,02,Alaska,2012,78,OATS - ACRES HARVESTED,OATS - ACRES HARVESTED,TOTAL,NOT SPECIFIED,ACRES,903,903,FALSE,NA,NASS Table 1,oats_acres_harvested,NA
STATE,AK,02,Alaska,2017,78,OATS - ACRES HARVESTED,OATS - ACRES HARVESTED,TOTAL,NOT SPECIFIED,ACRES,749,749,FALSE,NA,NASS Table 1,oats_acres_harvested,NA
STATE,AK,02,Alaska,2022,78,OATS - ACRES HARVESTED,OATS - ACRES HARVESTED,TOTAL,NOT SPECIFIED,ACRES,829,829,FALSE,NA,NASS Table 1,oats_acres_harvested,NA
STATE,AK,02,Alaska,1997,79,"OATS - PRODUCTION, MEASURED IN BU","OATS - PRODUCTION, MEASURED IN BU",TOTAL,NOT SPECIFIED,BU,64140,64140,FALSE,NA,NASS Table 1,oats_production_bu,NA
STATE,AK,02,Alaska,2002,79,"OATS - PRODUCTION, MEASURED IN BU","OATS - PRODUCTION, MEASURED IN BU",TOTAL,NOT SPECIFIED,BU,46033,46033,FALSE,NA,NASS Table 1,oats_production_bu,NA
STATE,AK,02,Alaska,2007,79,"OATS - PRODUCTION, MEASURED IN BU","OATS - PRODUCTION, MEASURED IN BU",TOTAL,NOT SPECIFIED,BU,49230,49230,FALSE,NA,NASS Table 1,oats_production_bu,NA
STATE,AK,02,Alaska,2012,79,"OATS - PRODUCTION, MEASURED IN BU","OATS - PRODUCTION, MEASURED IN BU",TOTAL,NOT SPECIFIED,BU,56810,56810,FALSE,NA,NASS Table 1,oats_production_bu,NA
STATE,AK,02,Alaska,2017,79,"OATS - PRODUCTION, MEASURED IN BU","OATS - PRODUCTION, MEASURED IN BU",TOTAL,NOT SPECIFIED,BU,60300,60300,FALSE,NA,NASS Table 1,oats_production_bu,NA
STATE,AK,02,Alaska,2022,79,"OATS - PRODUCTION, MEASURED IN BU","OATS - PRODUCTION, MEASURED IN BU",TOTAL,NOT SPECIFIED,BU,62964,62964,FALSE,NA,NASS Table 1,oats_production_bu,NA
STATE,AK,02,Alaska,1997,80,BARLEY - OPERATIONS WITH AREA HARVESTED,BARLEY - OPERATIONS WITH AREA HARVESTED,TOTAL,NOT SPECIFIED,OPERATIONS,31,31,FALSE,NA,NASS Table 1,barley_operations_with_area_harvested,NA
STATE,AK,02,Alaska,2002,80,BARLEY - OPERATIONS WITH AREA HARVESTED,BARLEY - OPERATIONS WITH AREA HARVESTED,TOTAL,NOT SPECIFIED,OPERATIONS,23,23,FALSE,NA,NASS Table 1,barley_operations_with_area_harvested,NA
STATE,AK,02,Alaska,2007,80,BARLEY - OPERATIONS WITH AREA HARVESTED,BARLEY - OPERATIONS WITH AREA HARVESTED,TOTAL,NOT SPECIFIED,OPERATIONS,22,22,FALSE,NA,NASS Table 1,barley_operations_with_area_harvested,NA
STATE,AK,02,Alaska,2012,80,BARLEY - OPERATIONS WITH AREA HARVESTED,BARLEY - OPERATIONS WITH AREA HARVESTED,TOTAL,NOT SPECIFIED,OPERATIONS,18,18,FALSE,NA,NASS Table 1,barley_operations_with_area_harvested,NA
STATE,AK,02,Alaska,2017,80,BARLEY - OPERATIONS WITH AREA HARVESTED,BARLEY - OPERATIONS WITH AREA HARVESTED,TOTAL,NOT SPECIFIED,OPERATIONS,22,22,FALSE,NA,NASS Table 1,barley_operations_with_area_harvested,NA
STATE,AK,02,Alaska,2022,80,BARLEY - OPERATIONS WITH AREA HARVESTED,BARLEY - OPERATIONS WITH AREA HARVESTED,TOTAL,NOT SPECIFIED,OPERATIONS,22,22,FALSE,NA,NASS Table 1,barley_operations_with_area_harvested,NA
STATE,AK,02,Alaska,1997,81,BARLEY - ACRES HARVESTED,BARLEY - ACRES HARVESTED,TOTAL,NOT SPECIFIED,ACRES,7106,7106,FALSE,NA,NASS Table 1,barley_acres_harvested,NA
STATE,AK,02,Alaska,2002,81,BARLEY - ACRES HARVESTED,BARLEY - ACRES HARVESTED,TOTAL,NOT SPECIFIED,ACRES,3672,3672,FALSE,NA,NASS Table 1,barley_acres_harvested,NA
STATE,AK,02,Alaska,2007,81,BARLEY - ACRES HARVESTED,BARLEY - ACRES HARVESTED,TOTAL,NOT SPECIFIED,ACRES,4322,4322,FALSE,NA,NASS Table 1,barley_acres_harvested,NA
STATE,AK,02,Alaska,2012,81,BARLEY - ACRES HARVESTED,BARLEY - ACRES HARVESTED,TOTAL,NOT SPECIFIED,ACRES,4445,4445,FALSE,NA,NASS Table 1,barley_acres_harvested,NA
STATE,AK,02,Alaska,2017,81,BARLEY - ACRES HARVESTED,BARLEY - ACRES HARVESTED,TOTAL,NOT SPECIFIED,ACRES,4847,4847,FALSE,NA,NASS Table 1,barley_acres_harvested,NA
STATE,AK,02,Alaska,2022,81,BARLEY - ACRES HARVESTED,BARLEY - ACRES HARVESTED,TOTAL,NOT SPECIFIED,ACRES,4563,4563,FALSE,NA,NASS Table 1,barley_acres_harvested,NA
STATE,AK,02,Alaska,1997,82,"BARLEY - PRODUCTION, MEASURED IN BU","BARLEY - PRODUCTION, MEASURED IN BU",TOTAL,NOT SPECIFIED,BU,164015,164015,FALSE,NA,NASS Table 1,barley_production_bu,NA
STATE,AK,02,Alaska,2002,82,"BARLEY - PRODUCTION, MEASURED IN BU","BARLEY - PRODUCTION, MEASURED IN BU",TOTAL,NOT SPECIFIED,BU,143679,143679,FALSE,NA,NASS Table 1,barley_production_bu,NA
STATE,AK,02,Alaska,2007,82,"BARLEY - PRODUCTION, MEASURED IN BU","BARLEY - PRODUCTION, MEASURED IN BU",TOTAL,NOT SPECIFIED,BU,167170,167170,FALSE,NA,NASS Table 1,barley_production_bu,NA
STATE,AK,02,Alaska,2012,82,"BARLEY - PRODUCTION, MEASURED IN BU","BARLEY - PRODUCTION, MEASURED IN BU",TOTAL,NOT SPECIFIED,BU,212116,212116,FALSE,NA,NASS Table 1,barley_production_bu,NA
STATE,AK,02,Alaska,2017,82,"BARLEY - PRODUCTION, MEASURED IN BU","BARLEY - PRODUCTION, MEASURED IN BU",TOTAL,NOT SPECIFIED,BU,225217,225217,FALSE,NA,NASS Table 1,barley_production_bu,NA
STATE,AK,02,Alaska,2022,82,"BARLEY - PRODUCTION, MEASURED IN BU","BARLEY - PRODUCTION, MEASURED IN BU",TOTAL,NOT SPECIFIED,BU,147812,147812,FALSE,NA,NASS Table 1,barley_production_bu,NA
STATE,AK,02,Alaska,2002,107,HAY & HAYLAGE - OPERATIONS WITH AREA HARVESTED,HAY & HAYLAGE - OPERATIONS WITH AREA HARVESTED,TOTAL,NOT SPECIFIED,OPERATIONS,255,255,FALSE,NA,NASS Table 1,hay_and_haylage_operations_with_area_harvested,NA
STATE,AK,02,Alaska,2007,107,HAY & HAYLAGE - OPERATIONS WITH AREA HARVESTED,HAY & HAYLAGE - OPERATIONS WITH AREA HARVESTED,TOTAL,NOT SPECIFIED,OPERATIONS,243,243,FALSE,NA,NASS Table 1,hay_and_haylage_operations_with_area_harvested,NA
STATE,AK,02,Alaska,2012,107,HAY & HAYLAGE - OPERATIONS WITH AREA HARVESTED,HAY & HAYLAGE - OPERATIONS WITH AREA HARVESTED,TOTAL,NOT SPECIFIED,OPERATIONS,226,226,FALSE,NA,NASS Table 1,hay_and_haylage_operations_with_area_harvested,NA
STATE,AK,02,Alaska,2017,107,HAY & HAYLAGE - OPERATIONS WITH AREA HARVESTED,HAY & HAYLAGE - OPERATIONS WITH AREA HARVESTED,TOTAL,NOT SPECIFIED,OPERATIONS,217,217,FALSE,NA,NASS Table 1,hay_and_haylage_operations_with_area_harvested,NA
STATE,AK,02,Alaska,2022,107,HAY & HAYLAGE - OPERATIONS WITH AREA HARVESTED,HAY & HAYLAGE - OPERATIONS WITH AREA HARVESTED,TOTAL,NOT SPECIFIED,OPERATIONS,254,254,FALSE,NA,NASS Table 1,hay_and_haylage_operations_with_area_harvested,NA
STATE,AK,02,Alaska,2002,108,HAY & HAYLAGE - ACRES HARVESTED,HAY & HAYLAGE - ACRES HARVESTED,TOTAL,NOT SPECIFIED,ACRES,25051,25051,FALSE,NA,NASS Table 1,hay_and_haylage_acres_harvested,NA
STATE,AK,02,Alaska,2007,108,HAY & HAYLAGE - ACRES HARVESTED,HAY & HAYLAGE - ACRES HARVESTED,TOTAL,NOT SPECIFIED,ACRES,23315,23315,FALSE,NA,NASS Table 1,hay_and_haylage_acres_harvested,NA
STATE,AK,02,Alaska,2012,108,HAY & HAYLAGE - ACRES HARVESTED,HAY & HAYLAGE - ACRES HARVESTED,TOTAL,NOT SPECIFIED,ACRES,24155,24155,FALSE,NA,NASS Table 1,hay_and_haylage_acres_harvested,NA
STATE,AK,02,Alaska,2017,108,HAY & HAYLAGE - ACRES HARVESTED,HAY & HAYLAGE - ACRES HARVESTED,TOTAL,NOT SPECIFIED,ACRES,24238,24238,FALSE,NA,NASS Table 1,hay_and_haylage_acres_harvested,NA
STATE,AK,02,Alaska,2022,108,HAY & HAYLAGE - ACRES HARVESTED,HAY & HAYLAGE - ACRES HARVESTED,TOTAL,NOT SPECIFIED,ACRES,29055,29055,FALSE,NA,NASS Table 1,hay_and_haylage_acres_harvested,NA
STATE,AK,02,Alaska,2002,109,"HAY & HAYLAGE - PRODUCTION, MEASURED IN TONS, DRY BASIS","HAY & HAYLAGE - PRODUCTION, MEASURED IN TONS, DRY BASIS",TOTAL,NOT SPECIFIED,"TONS, DRY BASIS",28154,28154,FALSE,NA,NASS Table 1,hay_and_haylage_production_tons_dry_basis,NA
STATE,AK,02,Alaska,2007,109,"HAY & HAYLAGE - PRODUCTION, MEASURED IN TONS, DRY BASIS","HAY & HAYLAGE - PRODUCTION, MEASURED IN TONS, DRY BASIS",TOTAL,NOT SPECIFIED,"TONS, DRY BASIS",33336,33336,FALSE,NA,NASS Table 1,hay_and_haylage_production_tons_dry_basis,NA
STATE,AK,02,Alaska,2012,109,"HAY & HAYLAGE - PRODUCTION, MEASURED IN TONS, DRY BASIS","HAY & HAYLAGE - PRODUCTION, MEASURED IN TONS, DRY BASIS",TOTAL,NOT SPECIFIED,"TONS, DRY BASIS",29461,29461,FALSE,NA,NASS Table 1,hay_and_haylage_production_tons_dry_basis,NA
STATE,AK,02,Alaska,2017,109,"HAY & HAYLAGE - PRODUCTION, MEASURED IN TONS, DRY BASIS","HAY & HAYLAGE - PRODUCTION, MEASURED IN TONS, DRY BASIS",TOTAL,NOT SPECIFIED,"TONS, DRY BASIS",28786,28786,FALSE,NA,NASS Table 1,hay_and_haylage_production_tons_dry_basis,NA
STATE,AK,02,Alaska,2022,109,"HAY & HAYLAGE - PRODUCTION, MEASURED IN TONS, DRY BASIS","HAY & HAYLAGE - PRODUCTION, MEASURED IN TONS, DRY BASIS",TOTAL,NOT SPECIFIED,"TONS, DRY BASIS",30134,30134,FALSE,NA,NASS Table 1,hay_and_haylage_production_tons_dry_basis,NA
STATE,AK,02,Alaska,1997,125,"VEGETABLE TOTALS, IN THE OPEN - OPERATIONS WITH AREA HARVESTED","VEGETABLE TOTALS, IN THE OPEN - OPERATIONS WITH AREA HARVESTED",TOTAL,NOT SPECIFIED,OPERATIONS,48,48,FALSE,NA,NASS Table 1,vegetable_totals_in_the_open_operations_with_area_harvested,NA
STATE,AK,02,Alaska,2002,125,"VEGETABLE TOTALS, IN THE OPEN - OPERATIONS WITH AREA HARVESTED","VEGETABLE TOTALS, IN THE OPEN - OPERATIONS WITH AREA HARVESTED",TOTAL,NOT SPECIFIED,OPERATIONS,55,55,FALSE,NA,NASS Table 1,vegetable_totals_in_the_open_operations_with_area_harvested,NA
STATE,AK,02,Alaska,2007,125,"VEGETABLE TOTALS, IN THE OPEN - OPERATIONS WITH AREA HARVESTED","VEGETABLE TOTALS, IN THE OPEN - OPERATIONS WITH AREA HARVESTED",TOTAL,NOT SPECIFIED,OPERATIONS,96,96,FALSE,NA,NASS Table 1,vegetable_totals_in_the_open_operations_with_area_harvested,NA
STATE,AK,02,Alaska,2012,125,"VEGETABLE TOTALS, IN THE OPEN - OPERATIONS WITH AREA HARVESTED","VEGETABLE TOTALS, IN THE OPEN - OPERATIONS WITH AREA HARVESTED",TOTAL,NOT SPECIFIED,OPERATIONS,164,164,FALSE,NA,NASS Table 1,vegetable_totals_in_the_open_operations_with_area_harvested,NA
STATE,AK,02,Alaska,2017,125,"VEGETABLE TOTALS, IN THE OPEN - OPERATIONS WITH AREA HARVESTED","VEGETABLE TOTALS, IN THE OPEN - OPERATIONS WITH AREA HARVESTED",TOTAL,NOT SPECIFIED,OPERATIONS,267,267,FALSE,NA,NASS Table 1,vegetable_totals_in_the_open_operations_with_area_harvested,NA
STATE,AK,02,Alaska,2022,125,"VEGETABLE TOTALS, IN THE OPEN - OPERATIONS WITH AREA HARVESTED","VEGETABLE TOTALS, IN THE OPEN - OPERATIONS WITH AREA HARVESTED",TOTAL,NOT SPECIFIED,OPERATIONS,289,289,FALSE,NA,NASS Table 1,vegetable_totals_in_the_open_operations_with_area_harvested,NA
STATE,AK,02,Alaska,1997,126,"VEGETABLE TOTALS, IN THE OPEN - ACRES HARVESTED","VEGETABLE TOTALS, IN THE OPEN - ACRES HARVESTED",TOTAL,NOT SPECIFIED,ACRES,315,315,FALSE,NA,NASS Table 1,vegetable_totals_in_the_open_acres_harvested,NA
STATE,AK,02,Alaska,2002,126,"VEGETABLE TOTALS, IN THE OPEN - ACRES HARVESTED","VEGETABLE TOTALS, IN THE OPEN - ACRES HARVESTED",TOTAL,NOT SPECIFIED,ACRES,364,364,FALSE,NA,NASS Table 1,vegetable_totals_in_the_open_acres_harvested,NA
STATE,AK,02,Alaska,2007,126,"VEGETABLE TOTALS, IN THE OPEN - ACRES HARVESTED","VEGETABLE TOTALS, IN THE OPEN - ACRES HARVESTED",TOTAL,NOT SPECIFIED,ACRES,1184,1184,FALSE,NA,NASS Table 1,vegetable_totals_in_the_open_acres_harvested,NA
STATE,AK,02,Alaska,2012,126,"VEGETABLE TOTALS, IN THE OPEN - ACRES HARVESTED","VEGETABLE TOTALS, IN THE OPEN - ACRES HARVESTED",TOTAL,NOT SPECIFIED,ACRES,1059,1059,FALSE,NA,NASS Table 1,vegetable_totals_in_the_open_acres_harvested,NA
STATE,AK,02,Alaska,2017,126,"VEGETABLE TOTALS, IN THE OPEN - ACRES HARVESTED","VEGETABLE TOTALS, IN THE OPEN - ACRES HARVESTED",TOTAL,NOT SPECIFIED,ACRES,1018,1018,FALSE,NA,NASS Table 1,vegetable_totals_in_the_open_acres_harvested,NA
STATE,AK,02,Alaska,2022,126,"VEGETABLE TOTALS, IN THE OPEN - ACRES HARVESTED","VEGETABLE TOTALS, IN THE OPEN - ACRES HARVESTED",TOTAL,NOT SPECIFIED,ACRES,745,745,FALSE,NA,NASS Table 1,vegetable_totals_in_the_open_acres_harvested,NA
STATE,AK,02,Alaska,1997,127,POTATOES - OPERATIONS WITH AREA HARVESTED,POTATOES - OPERATIONS WITH AREA HARVESTED,TOTAL,NOT SPECIFIED,OPERATIONS,63,63,FALSE,NA,NASS Table 1,potatoes_operations_with_area_harvested,NA
STATE,AK,02,Alaska,2002,127,POTATOES - OPERATIONS WITH AREA HARVESTED,POTATOES - OPERATIONS WITH AREA HARVESTED,TOTAL,NOT SPECIFIED,OPERATIONS,68,68,FALSE,NA,NASS Table 1,potatoes_operations_with_area_harvested,NA
STATE,AK,02,Alaska,2007,127,POTATOES - OPERATIONS WITH AREA HARVESTED,POTATOES - OPERATIONS WITH AREA HARVESTED,TOTAL,NOT SPECIFIED,OPERATIONS,65,65,FALSE,NA,NASS Table 1,potatoes_operations_with_area_harvested,NA
STATE,AK,02,Alaska,2012,127,POTATOES - OPERATIONS WITH AREA HARVESTED,POTATOES - OPERATIONS WITH AREA HARVESTED,TOTAL,NOT SPECIFIED,OPERATIONS,115,115,FALSE,NA,NASS Table 1,potatoes_operations_with_area_harvested,NA
STATE,AK,02,Alaska,2017,127,POTATOES - OPERATIONS WITH AREA HARVESTED,POTATOES - OPERATIONS WITH AREA HARVESTED,TOTAL,NOT SPECIFIED,OPERATIONS,144,144,FALSE,NA,NASS Table 1,potatoes_operations_with_area_harvested,NA
STATE,AK,02,Alaska,2022,127,POTATOES - OPERATIONS WITH AREA HARVESTED,POTATOES - OPERATIONS WITH AREA HARVESTED,TOTAL,NOT SPECIFIED,OPERATIONS,155,155,FALSE,NA,NASS Table 1,potatoes_operations_with_area_harvested,NA
STATE,AK,02,Alaska,1997,128,POTATOES - ACRES HARVESTED,POTATOES - ACRES HARVESTED,TOTAL,NOT SPECIFIED,ACRES,814,814,FALSE,NA,NASS Table 1,potatoes_acres_harvested,NA
STATE,AK,02,Alaska,2002,128,POTATOES - ACRES HARVESTED,POTATOES - ACRES HARVESTED,TOTAL,NOT SPECIFIED,ACRES,851,851,FALSE,NA,NASS Table 1,potatoes_acres_harvested,NA
STATE,AK,02,Alaska,2007,128,POTATOES - ACRES HARVESTED,POTATOES - ACRES HARVESTED,TOTAL,NOT SPECIFIED,ACRES,855,855,FALSE,NA,NASS Table 1,potatoes_acres_harvested,NA
STATE,AK,02,Alaska,2012,128,POTATOES - ACRES HARVESTED,POTATOES - ACRES HARVESTED,TOTAL,NOT SPECIFIED,ACRES,676,676,FALSE,NA,NASS Table 1,potatoes_acres_harvested,NA
STATE,AK,02,Alaska,2017,128,POTATOES - ACRES HARVESTED,POTATOES - ACRES HARVESTED,TOTAL,NOT SPECIFIED,ACRES,541,541,FALSE,NA,NASS Table 1,potatoes_acres_harvested,NA
STATE,AK,02,Alaska,2022,128,POTATOES - ACRES HARVESTED,POTATOES - ACRES HARVESTED,TOTAL,NOT SPECIFIED,ACRES,321,321,FALSE,NA,NASS Table 1,potatoes_acres_harvested,NA
STATE,AK,02,Alaska,1997,131,ORCHARDS - OPERATIONS WITH AREA BEARING & NON-BEARING,ORCHARDS - OPERATIONS WITH AREA BEARING & NON-BEARING,TOTAL,NOT SPECIFIED,OPERATIONS,4,4,FALSE,NA,NASS Table 1,orchards_operations_with_area_bearing_and_non_bearing,NA
STATE,AK,02,Alaska,2002,131,ORCHARDS - OPERATIONS WITH AREA BEARING & NON-BEARING,ORCHARDS - OPERATIONS WITH AREA BEARING & NON-BEARING,TOTAL,NOT SPECIFIED,OPERATIONS,10,10,FALSE,NA,NASS Table 1,orchards_operations_with_area_bearing_and_non_bearing,NA
STATE,AK,02,Alaska,2007,131,ORCHARDS - OPERATIONS WITH AREA BEARING & NON-BEARING,ORCHARDS - OPERATIONS WITH AREA BEARING & NON-BEARING,TOTAL,NOT SPECIFIED,OPERATIONS,10,10,FALSE,NA,NASS Table 1,orchards_operations_with_area_bearing_and_non_bearing,NA
STATE,AK,02,Alaska,2012,131,ORCHARDS - OPERATIONS WITH AREA BEARING & NON-BEARING,ORCHARDS - OPERATIONS WITH AREA BEARING & NON-BEARING,TOTAL,NOT SPECIFIED,OPERATIONS,17,17,FALSE,NA,NASS Table 1,orchards_operations_with_area_bearing_and_non_bearing,NA
STATE,AK,02,Alaska,2017,131,ORCHARDS - OPERATIONS WITH AREA BEARING & NON-BEARING,ORCHARDS - OPERATIONS WITH AREA BEARING & NON-BEARING,TOTAL,NOT SPECIFIED,OPERATIONS,44,44,FALSE,NA,NASS Table 1,orchards_operations_with_area_bearing_and_non_bearing,NA
STATE,AK,02,Alaska,2022,131,ORCHARDS - OPERATIONS WITH AREA BEARING & NON-BEARING,ORCHARDS - OPERATIONS WITH AREA BEARING & NON-BEARING,TOTAL,NOT SPECIFIED,OPERATIONS,80,80,FALSE,NA,NASS Table 1,orchards_operations_with_area_bearing_and_non_bearing,NA
STATE,AK,02,Alaska,1997,132,ORCHARDS - ACRES BEARING & NON-BEARING,ORCHARDS - ACRES BEARING & NON-BEARING,TOTAL,NOT SPECIFIED,ACRES,3,3,FALSE,NA,NASS Table 1,orchards_acres_bearing_and_non_bearing,NA
STATE,AK,02,Alaska,2002,132,ORCHARDS - ACRES BEARING & NON-BEARING,ORCHARDS - ACRES BEARING & NON-BEARING,TOTAL,NOT SPECIFIED,ACRES,16,16,FALSE,NA,NASS Table 1,orchards_acres_bearing_and_non_bearing,NA
STATE,AK,02,Alaska,2007,132,ORCHARDS - ACRES BEARING & NON-BEARING,ORCHARDS - ACRES BEARING & NON-BEARING,TOTAL,NOT SPECIFIED,ACRES,18,18,FALSE,NA,NASS Table 1,orchards_acres_bearing_and_non_bearing,NA
STATE,AK,02,Alaska,2012,132,ORCHARDS - ACRES BEARING & NON-BEARING,ORCHARDS - ACRES BEARING & NON-BEARING,TOTAL,NOT SPECIFIED,ACRES,21,21,FALSE,NA,NASS Table 1,orchards_acres_bearing_and_non_bearing,NA
STATE,AK,02,Alaska,2017,132,ORCHARDS - ACRES BEARING & NON-BEARING,ORCHARDS - ACRES BEARING & NON-BEARING,TOTAL,NOT SPECIFIED,ACRES,22,22,FALSE,NA,NASS Table 1,orchards_acres_bearing_and_non_bearing,NA
STATE,AK,02,Alaska,2022,132,ORCHARDS - ACRES BEARING & NON-BEARING,ORCHARDS - ACRES BEARING & NON-BEARING,TOTAL,NOT SPECIFIED,ACRES,59,59,FALSE,NA,NASS Table 1,orchards_acres_bearing_and_non_bearing,NA
STATE,AK,02,Alaska,1997,133,"FOOD FISH (HATCHERY), EXCL CATFISH & TROUT - SALES & DISTRIBUTION, MEASURED IN $","FOOD FISH, (EXCL CATFISH & TROUT) - SALES & DISTRIBUTION, MEASURED IN $",TOTAL,NOT SPECIFIED,$,NA,NA,TRUE,(NA),Added context: Ch 2 Table 22,food_fish_sales_usd,Food fish (excl. catfish & trout) sales and distribution; in Alaska mostly salmon hatcheries; NASS did not publish this food fish item for this Census year
STATE,AK,02,Alaska,2002,133,"FOOD FISH (HATCHERY), EXCL CATFISH & TROUT - SALES & DISTRIBUTION, MEASURED IN $","FOOD FISH, (EXCL CATFISH & TROUT) - SALES & DISTRIBUTION, MEASURED IN $",TOTAL,NOT SPECIFIED,$,NA,NA,TRUE,(NA),Added context: Ch 2 Table 22,food_fish_sales_usd,Food fish (excl. catfish & trout) sales and distribution; in Alaska mostly salmon hatcheries; NASS did not publish this food fish item for this Census year
STATE,AK,02,Alaska,2007,133,"FOOD FISH (HATCHERY), EXCL CATFISH & TROUT - SALES & DISTRIBUTION, MEASURED IN $","FOOD FISH, (EXCL CATFISH & TROUT) - SALES & DISTRIBUTION, MEASURED IN $",TOTAL,NOT SPECIFIED,$,27785000,27785000,FALSE,NA,Added context: Ch 2 Table 22,food_fish_sales_usd,Food fish (excl. catfish & trout) sales and distribution; in Alaska mostly salmon hatcheries
STATE,AK,02,Alaska,2012,133,"FOOD FISH (HATCHERY), EXCL CATFISH & TROUT - SALES & DISTRIBUTION, MEASURED IN $","FOOD FISH, (EXCL CATFISH & TROUT) - SALES & DISTRIBUTION, MEASURED IN $",TOTAL,NOT SPECIFIED,$,28941000,28941000,FALSE,NA,Added context: Ch 2 Table 22,food_fish_sales_usd,Food fish (excl. catfish & trout) sales and distribution; in Alaska mostly salmon hatcheries
STATE,AK,02,Alaska,2017,133,"FOOD FISH (HATCHERY), EXCL CATFISH & TROUT - SALES & DISTRIBUTION, MEASURED IN $","FOOD FISH, (EXCL CATFISH & TROUT) - SALES & DISTRIBUTION, MEASURED IN $",TOTAL,NOT SPECIFIED,$,33064000,33064000,FALSE,NA,Added context: Ch 2 Table 22,food_fish_sales_usd,Food fish (excl. catfish & trout) sales and distribution; in Alaska mostly salmon hatcheries
STATE,AK,02,Alaska,2022,133,"FOOD FISH (HATCHERY), EXCL CATFISH & TROUT - SALES & DISTRIBUTION, MEASURED IN $","FOOD FISH, (EXCL CATFISH & TROUT) - SALES & DISTRIBUTION, MEASURED IN $",TOTAL,NOT SPECIFIED,$,40183000,40183000,FALSE,NA,Added context: Ch 2 Table 22,food_fish_sales_usd,Food fish (excl. catfish & trout) sales and distribution; in Alaska mostly salmon hatcheries
STATE,AK,02,Alaska,1997,134,"FOOD FISH (HATCHERY), EXCL CATFISH & TROUT - OPERATIONS WITH SALES & DISTRIBUTION","FOOD FISH, (EXCL CATFISH & TROUT) - OPERATIONS WITH SALES & DISTRIBUTION",TOTAL,NOT SPECIFIED,OPERATIONS,NA,NA,TRUE,(NA),Added context: Ch 2 Table 22,food_fish_operations,Operations reporting food fish (excl. catfish & trout) sales and distribution; NASS did not publish this food fish item for this Census year
STATE,AK,02,Alaska,2002,134,"FOOD FISH (HATCHERY), EXCL CATFISH & TROUT - OPERATIONS WITH SALES & DISTRIBUTION","FOOD FISH, (EXCL CATFISH & TROUT) - OPERATIONS WITH SALES & DISTRIBUTION",TOTAL,NOT SPECIFIED,OPERATIONS,19,19,FALSE,NA,Added context: Ch 2 Table 22,food_fish_operations,Operations reporting food fish (excl. catfish & trout) sales and distribution
STATE,AK,02,Alaska,2007,134,"FOOD FISH (HATCHERY), EXCL CATFISH & TROUT - OPERATIONS WITH SALES & DISTRIBUTION","FOOD FISH, (EXCL CATFISH & TROUT) - OPERATIONS WITH SALES & DISTRIBUTION",TOTAL,NOT SPECIFIED,OPERATIONS,26,26,FALSE,NA,Added context: Ch 2 Table 22,food_fish_operations,Operations reporting food fish (excl. catfish & trout) sales and distribution
STATE,AK,02,Alaska,2012,134,"FOOD FISH (HATCHERY), EXCL CATFISH & TROUT - OPERATIONS WITH SALES & DISTRIBUTION","FOOD FISH, (EXCL CATFISH & TROUT) - OPERATIONS WITH SALES & DISTRIBUTION",TOTAL,NOT SPECIFIED,OPERATIONS,25,25,FALSE,NA,Added context: Ch 2 Table 22,food_fish_operations,Operations reporting food fish (excl. catfish & trout) sales and distribution
STATE,AK,02,Alaska,2017,134,"FOOD FISH (HATCHERY), EXCL CATFISH & TROUT - OPERATIONS WITH SALES & DISTRIBUTION","FOOD FISH, (EXCL CATFISH & TROUT) - OPERATIONS WITH SALES & DISTRIBUTION",TOTAL,NOT SPECIFIED,OPERATIONS,23,23,FALSE,NA,Added context: Ch 2 Table 22,food_fish_operations,Operations reporting food fish (excl. catfish & trout) sales and distribution
STATE,AK,02,Alaska,2022,134,"FOOD FISH (HATCHERY), EXCL CATFISH & TROUT - OPERATIONS WITH SALES & DISTRIBUTION","FOOD FISH, (EXCL CATFISH & TROUT) - OPERATIONS WITH SALES & DISTRIBUTION",TOTAL,NOT SPECIFIED,OPERATIONS,25,25,FALSE,NA,Added context: Ch 2 Table 22,food_fish_operations,Operations reporting food fish (excl. catfish & trout) sales and distribution
STATE,AK,02,Alaska,1997,135,"AG SALES EXCL FOOD FISH - SALES, MEASURED IN $",NA,TOTAL,NOT SPECIFIED,$,NA,NA,TRUE,(NA),Derived,ag_sales_excl_food_fish_usd,commodity_totals_sales_usd minus food_fish_sales_usd; NASS did not publish this food fish item for this Census year
STATE,AK,02,Alaska,2002,135,"AG SALES EXCL FOOD FISH - SALES, MEASURED IN $",NA,TOTAL,NOT SPECIFIED,$,NA,NA,TRUE,(NA),Derived,ag_sales_excl_food_fish_usd,commodity_totals_sales_usd minus food_fish_sales_usd; NASS did not publish this food fish item for this Census year
STATE,AK,02,Alaska,2007,135,"AG SALES EXCL FOOD FISH - SALES, MEASURED IN $",NA,TOTAL,NOT SPECIFIED,$,29234000,29234000,FALSE,NA,Derived,ag_sales_excl_food_fish_usd,commodity_totals_sales_usd minus food_fish_sales_usd
STATE,AK,02,Alaska,2012,135,"AG SALES EXCL FOOD FISH - SALES, MEASURED IN $",NA,TOTAL,NOT SPECIFIED,$,29984000,29984000,FALSE,NA,Derived,ag_sales_excl_food_fish_usd,commodity_totals_sales_usd minus food_fish_sales_usd
STATE,AK,02,Alaska,2017,135,"AG SALES EXCL FOOD FISH - SALES, MEASURED IN $",NA,TOTAL,NOT SPECIFIED,$,37395000,37395000,FALSE,NA,Derived,ag_sales_excl_food_fish_usd,commodity_totals_sales_usd minus food_fish_sales_usd
STATE,AK,02,Alaska,2022,135,"AG SALES EXCL FOOD FISH - SALES, MEASURED IN $",NA,TOTAL,NOT SPECIFIED,$,50667000,50667000,FALSE,NA,Derived,ag_sales_excl_food_fish_usd,commodity_totals_sales_usd minus food_fish_sales_usd
STATE,AK,02,Alaska,1997,136,"ANIMAL SALES EXCL FOOD FISH - SALES, MEASURED IN $",NA,TOTAL,NOT SPECIFIED,$,NA,NA,TRUE,(NA),Derived,animal_sales_excl_food_fish_usd,"animal_totals_incl_products_sales_usd minus food_fish_sales_usd (keeps livestock, poultry, products and other aquaculture); NASS did not publish this food fish item for this Census year"
STATE,AK,02,Alaska,2002,136,"ANIMAL SALES EXCL FOOD FISH - SALES, MEASURED IN $",NA,TOTAL,NOT SPECIFIED,$,NA,NA,TRUE,(NA),Derived,animal_sales_excl_food_fish_usd,"animal_totals_incl_products_sales_usd minus food_fish_sales_usd (keeps livestock, poultry, products and other aquaculture); NASS did not publish this food fish item for this Census year"
STATE,AK,02,Alaska,2007,136,"ANIMAL SALES EXCL FOOD FISH - SALES, MEASURED IN $",NA,TOTAL,NOT SPECIFIED,$,4486000,4486000,FALSE,NA,Derived,animal_sales_excl_food_fish_usd,"animal_totals_incl_products_sales_usd minus food_fish_sales_usd (keeps livestock, poultry, products and other aquaculture)"
STATE,AK,02,Alaska,2012,136,"ANIMAL SALES EXCL FOOD FISH - SALES, MEASURED IN $",NA,TOTAL,NOT SPECIFIED,$,5127000,5127000,FALSE,NA,Derived,animal_sales_excl_food_fish_usd,"animal_totals_incl_products_sales_usd minus food_fish_sales_usd (keeps livestock, poultry, products and other aquaculture)"
STATE,AK,02,Alaska,2017,136,"ANIMAL SALES EXCL FOOD FISH - SALES, MEASURED IN $",NA,TOTAL,NOT SPECIFIED,$,7753000,7753000,FALSE,NA,Derived,animal_sales_excl_food_fish_usd,"animal_totals_incl_products_sales_usd minus food_fish_sales_usd (keeps livestock, poultry, products and other aquaculture)"
STATE,AK,02,Alaska,2022,136,"ANIMAL SALES EXCL FOOD FISH - SALES, MEASURED IN $",NA,TOTAL,NOT SPECIFIED,$,10974000,10974000,FALSE,NA,Derived,animal_sales_excl_food_fish_usd,"animal_totals_incl_products_sales_usd minus food_fish_sales_usd (keeps livestock, poultry, products and other aquaculture)"
STATE,AK,02,Alaska,1997,137,"FOOD FISH - SHARE OF TOTAL AG SALES, MEASURED IN PCT",NA,TOTAL,NOT SPECIFIED,PCT,NA,NA,TRUE,(NA),Derived,food_fish_pct_of_ag_sales,food_fish_sales_usd / commodity_totals_sales_usd x 100; NASS did not publish this food fish item for this Census year
STATE,AK,02,Alaska,2002,137,"FOOD FISH - SHARE OF TOTAL AG SALES, MEASURED IN PCT",NA,TOTAL,NOT SPECIFIED,PCT,NA,NA,TRUE,(NA),Derived,food_fish_pct_of_ag_sales,food_fish_sales_usd / commodity_totals_sales_usd x 100; NASS did not publish this food fish item for this Census year
STATE,AK,02,Alaska,2007,137,"FOOD FISH - SHARE OF TOTAL AG SALES, MEASURED IN PCT",NA,TOTAL,NOT SPECIFIED,PCT,48.729370911450566,48.729370911450566,FALSE,NA,Derived,food_fish_pct_of_ag_sales,food_fish_sales_usd / commodity_totals_sales_usd x 100
STATE,AK,02,Alaska,2012,137,"FOOD FISH - SHARE OF TOTAL AG SALES, MEASURED IN PCT",NA,TOTAL,NOT SPECIFIED,PCT,49.11497666525244,49.11497666525244,FALSE,NA,Derived,food_fish_pct_of_ag_sales,food_fish_sales_usd / commodity_totals_sales_usd x 100
STATE,AK,02,Alaska,2017,137,"FOOD FISH - SHARE OF TOTAL AG SALES, MEASURED IN PCT",NA,TOTAL,NOT SPECIFIED,PCT,46.926581416142724,46.926581416142724,FALSE,NA,Derived,food_fish_pct_of_ag_sales,food_fish_sales_usd / commodity_totals_sales_usd x 100
STATE,AK,02,Alaska,2022,137,"FOOD FISH - SHARE OF TOTAL AG SALES, MEASURED IN PCT",NA,TOTAL,NOT SPECIFIED,PCT,44.23004953219593,44.23004953219593,FALSE,NA,Derived,food_fish_pct_of_ag_sales,food_fish_sales_usd / commodity_totals_sales_usd x 100
STATE,AK,02,Alaska,1997,138,"AG SALES EXCL FOOD FISH - SALES, MEASURED IN $ / OPERATION",NA,TOTAL,NOT SPECIFIED,$ / OPERATION,NA,NA,TRUE,(NA),Derived,ag_sales_excl_food_fish_per_farm_usd,ag_sales_excl_food_fish_usd / (farm_operations_number_of_operations minus food_fish_operations); NASS did not publish this food fish item for this Census year
STATE,AK,02,Alaska,2002,138,"AG SALES EXCL FOOD FISH - SALES, MEASURED IN $ / OPERATION",NA,TOTAL,NOT SPECIFIED,$ / OPERATION,NA,NA,TRUE,(NA),Derived,ag_sales_excl_food_fish_per_farm_usd,ag_sales_excl_food_fish_usd / (farm_operations_number_of_operations minus food_fish_operations); NASS did not publish this food fish item for this Census year
STATE,AK,02,Alaska,2007,138,"AG SALES EXCL FOOD FISH - SALES, MEASURED IN $ / OPERATION",NA,TOTAL,NOT SPECIFIED,$ / OPERATION,44293.93939393939,44293.93939393939,FALSE,NA,Derived,ag_sales_excl_food_fish_per_farm_usd,ag_sales_excl_food_fish_usd / (farm_operations_number_of_operations minus food_fish_operations)
STATE,AK,02,Alaska,2012,138,"AG SALES EXCL FOOD FISH - SALES, MEASURED IN $ / OPERATION",NA,TOTAL,NOT SPECIFIED,$ / OPERATION,40683.85345997287,40683.85345997287,FALSE,NA,Derived,ag_sales_excl_food_fish_per_farm_usd,ag_sales_excl_food_fish_usd / (farm_operations_number_of_operations minus food_fish_operations)
STATE,AK,02,Alaska,2017,138,"AG SALES EXCL FOOD FISH - SALES, MEASURED IN $ / OPERATION",NA,TOTAL,NOT SPECIFIED,$ / OPERATION,38671.14788004137,38671.14788004137,FALSE,NA,Derived,ag_sales_excl_food_fish_per_farm_usd,ag_sales_excl_food_fish_usd / (farm_operations_number_of_operations minus food_fish_operations)
STATE,AK,02,Alaska,2022,138,"AG SALES EXCL FOOD FISH - SALES, MEASURED IN $ / OPERATION",NA,TOTAL,NOT SPECIFIED,$ / OPERATION,44135.01742160279,44135.01742160279,FALSE,NA,Derived,ag_sales_excl_food_fish_per_farm_usd,ag_sales_excl_food_fish_usd / (farm_operations_number_of_operations minus food_fish_operations)
