geo_level,state_alpha,geo_code,geo_name,year,table_row,data_item,short_desc,domain_desc,domaincat_desc,unit_desc,value,value_num,censored,row_type,var_name,note
AG CENSUS AREA,AK,010,Aleutian Islands Area,1997,1,FARM OPERATIONS - NUMBER OF OPERATIONS,FARM OPERATIONS - NUMBER OF OPERATIONS,TOTAL,NOT SPECIFIED,OPERATIONS,36,36,FALSE,NASS Table 1,farm_operations_number_of_operations,NA
AG CENSUS AREA,AK,010,Aleutian Islands Area,2002,1,FARM OPERATIONS - NUMBER OF OPERATIONS,FARM OPERATIONS - NUMBER OF OPERATIONS,TOTAL,NOT SPECIFIED,OPERATIONS,36,36,FALSE,NASS Table 1,farm_operations_number_of_operations,NA
AG CENSUS AREA,AK,010,Aleutian Islands Area,2007,1,FARM OPERATIONS - NUMBER OF OPERATIONS,FARM OPERATIONS - NUMBER OF OPERATIONS,TOTAL,NOT SPECIFIED,OPERATIONS,35,35,FALSE,NASS Table 1,farm_operations_number_of_operations,NA
AG CENSUS AREA,AK,010,Aleutian Islands Area,2012,1,FARM OPERATIONS - NUMBER OF OPERATIONS,FARM OPERATIONS - NUMBER OF OPERATIONS,TOTAL,NOT SPECIFIED,OPERATIONS,40,40,FALSE,NASS Table 1,farm_operations_number_of_operations,NA
AG CENSUS AREA,AK,010,Aleutian Islands Area,2017,1,FARM OPERATIONS - NUMBER OF OPERATIONS,FARM OPERATIONS - NUMBER OF OPERATIONS,TOTAL,NOT SPECIFIED,OPERATIONS,46,46,FALSE,NASS Table 1,farm_operations_number_of_operations,NA
AG CENSUS AREA,AK,010,Aleutian Islands Area,2022,1,FARM OPERATIONS - NUMBER OF OPERATIONS,FARM OPERATIONS - NUMBER OF OPERATIONS,TOTAL,NOT SPECIFIED,OPERATIONS,66,66,FALSE,NASS Table 1,farm_operations_number_of_operations,NA
AG CENSUS AREA,AK,010,Aleutian Islands Area,1997,2,FARM OPERATIONS - ACRES OPERATED,FARM OPERATIONS - ACRES OPERATED,TOTAL,NOT SPECIFIED,ACRES,664907,664907,FALSE,NASS Table 1,farm_operations_acres_operated,NA
AG CENSUS AREA,AK,010,Aleutian Islands Area,2002,2,FARM OPERATIONS - ACRES OPERATED,FARM OPERATIONS - ACRES OPERATED,TOTAL,NOT SPECIFIED,ACRES,706988,706988,FALSE,NASS Table 1,farm_operations_acres_operated,NA
AG CENSUS AREA,AK,010,Aleutian Islands Area,2007,2,FARM OPERATIONS - ACRES OPERATED,FARM OPERATIONS - ACRES OPERATED,TOTAL,NOT SPECIFIED,ACRES,693611,693611,FALSE,NASS Table 1,farm_operations_acres_operated,NA
AG CENSUS AREA,AK,010,Aleutian Islands Area,2012,2,FARM OPERATIONS - ACRES OPERATED,FARM OPERATIONS - ACRES OPERATED,TOTAL,NOT SPECIFIED,ACRES,668016,668016,FALSE,NASS Table 1,farm_operations_acres_operated,NA
AG CENSUS AREA,AK,010,Aleutian Islands Area,2017,2,FARM OPERATIONS - ACRES OPERATED,FARM OPERATIONS - ACRES OPERATED,TOTAL,NOT SPECIFIED,ACRES,681325,681325,FALSE,NASS Table 1,farm_operations_acres_operated,NA
AG CENSUS AREA,AK,010,Aleutian Islands Area,2022,2,FARM OPERATIONS - ACRES OPERATED,FARM OPERATIONS - ACRES OPERATED,TOTAL,NOT SPECIFIED,ACRES,707375,707375,FALSE,NASS Table 1,farm_operations_acres_operated,NA
AG CENSUS AREA,AK,010,Aleutian Islands Area,2002,3,"FARM OPERATIONS - AREA OPERATED, MEASURED IN ACRES / OPERATION","FARM OPERATIONS - AREA OPERATED, MEASURED IN ACRES / OPERATION",TOTAL,NOT SPECIFIED,ACRES / OPERATION,19639,19639,FALSE,NASS Table 1,farm_operations_area_operated_acres_per_operation,NA
AG CENSUS AREA,AK,010,Aleutian Islands Area,2007,3,"FARM OPERATIONS - AREA OPERATED, MEASURED IN ACRES / OPERATION","FARM OPERATIONS - AREA OPERATED, MEASURED IN ACRES / OPERATION",TOTAL,NOT SPECIFIED,ACRES / OPERATION,19817,19817,FALSE,NASS Table 1,farm_operations_area_operated_acres_per_operation,NA
AG CENSUS AREA,AK,010,Aleutian Islands Area,2012,3,"FARM OPERATIONS - AREA OPERATED, MEASURED IN ACRES / OPERATION","FARM OPERATIONS - AREA OPERATED, MEASURED IN ACRES / OPERATION",TOTAL,NOT SPECIFIED,ACRES / OPERATION,16700,16700,FALSE,NASS Table 1,farm_operations_area_operated_acres_per_operation,NA
AG CENSUS AREA,AK,010,Aleutian Islands Area,2017,3,"FARM OPERATIONS - AREA OPERATED, MEASURED IN ACRES / OPERATION","FARM OPERATIONS - AREA OPERATED, MEASURED IN ACRES / OPERATION",TOTAL,NOT SPECIFIED,ACRES / OPERATION,14811,14811,FALSE,NASS Table 1,farm_operations_area_operated_acres_per_operation,NA
AG CENSUS AREA,AK,010,Aleutian Islands Area,2022,3,"FARM OPERATIONS - AREA OPERATED, MEASURED IN ACRES / OPERATION","FARM OPERATIONS - AREA OPERATED, MEASURED IN ACRES / OPERATION",TOTAL,NOT SPECIFIED,ACRES / OPERATION,10718,10718,FALSE,NASS Table 1,farm_operations_area_operated_acres_per_operation,NA
AG CENSUS AREA,AK,010,Aleutian Islands Area,2002,4,"FARM OPERATIONS - AREA OPERATED, MEASURED IN ACRES / OPERATION, MEDIAN","FARM OPERATIONS - AREA OPERATED, MEASURED IN ACRES / OPERATION, MEDIAN",TOTAL,NOT SPECIFIED,"ACRES / OPERATION, MEDIAN",360,360,FALSE,NASS Table 1,farm_operations_area_operated_acres_per_operation_median,NA
AG CENSUS AREA,AK,010,Aleutian Islands Area,2007,4,"FARM OPERATIONS - AREA OPERATED, MEASURED IN ACRES / OPERATION, MEDIAN","FARM OPERATIONS - AREA OPERATED, MEASURED IN ACRES / OPERATION, MEDIAN",TOTAL,NOT SPECIFIED,"ACRES / OPERATION, MEDIAN",1000,1000,FALSE,NASS Table 1,farm_operations_area_operated_acres_per_operation_median,NA
AG CENSUS AREA,AK,010,Aleutian Islands Area,2012,4,"FARM OPERATIONS - AREA OPERATED, MEASURED IN ACRES / OPERATION, MEDIAN","FARM OPERATIONS - AREA OPERATED, MEASURED IN ACRES / OPERATION, MEDIAN",TOTAL,NOT SPECIFIED,"ACRES / OPERATION, MEDIAN",60,60,FALSE,NASS Table 1,farm_operations_area_operated_acres_per_operation_median,NA
AG CENSUS AREA,AK,010,Aleutian Islands Area,2017,4,"FARM OPERATIONS - AREA OPERATED, MEASURED IN ACRES / OPERATION, MEDIAN","FARM OPERATIONS - AREA OPERATED, MEASURED IN ACRES / OPERATION, MEDIAN",TOTAL,NOT SPECIFIED,"ACRES / OPERATION, MEDIAN",13,13,FALSE,NASS Table 1,farm_operations_area_operated_acres_per_operation_median,NA
AG CENSUS AREA,AK,010,Aleutian Islands Area,2022,4,"FARM OPERATIONS - AREA OPERATED, MEASURED IN ACRES / OPERATION, MEDIAN","FARM OPERATIONS - AREA OPERATED, MEASURED IN ACRES / OPERATION, MEDIAN",TOTAL,NOT SPECIFIED,"ACRES / OPERATION, MEDIAN",10,10,FALSE,NASS Table 1,farm_operations_area_operated_acres_per_operation_median,NA
AG CENSUS AREA,AK,010,Aleutian Islands Area,1997,5,"AG LAND, INCL BUILDINGS - ASSET VALUE, MEASURED IN $ / OPERATION","AG LAND, INCL BUILDINGS - ASSET VALUE, MEASURED IN $ / OPERATION",TOTAL,NOT SPECIFIED,$ / OPERATION,1914439,1914439,FALSE,NASS Table 1,ag_land_incl_buildings_asset_value_usd_per_operation,NA
AG CENSUS AREA,AK,010,Aleutian Islands Area,2002,5,"AG LAND, INCL BUILDINGS - ASSET VALUE, MEASURED IN $ / OPERATION","AG LAND, INCL BUILDINGS - ASSET VALUE, MEASURED IN $ / OPERATION",TOTAL,NOT SPECIFIED,$ / OPERATION,2100145,2100145,FALSE,NASS Table 1,ag_land_incl_buildings_asset_value_usd_per_operation,NA
AG CENSUS AREA,AK,010,Aleutian Islands Area,2007,5,"AG LAND, INCL BUILDINGS - ASSET VALUE, MEASURED IN $ / OPERATION","AG LAND, INCL BUILDINGS - ASSET VALUE, MEASURED IN $ / OPERATION",TOTAL,NOT SPECIFIED,$ / OPERATION,1254609,1254609,FALSE,NASS Table 1,ag_land_incl_buildings_asset_value_usd_per_operation,NA
AG CENSUS AREA,AK,010,Aleutian Islands Area,2012,5,"AG LAND, INCL BUILDINGS - ASSET VALUE, MEASURED IN $ / OPERATION","AG LAND, INCL BUILDINGS - ASSET VALUE, MEASURED IN $ / OPERATION",TOTAL,NOT SPECIFIED,$ / OPERATION,703491,703491,FALSE,NASS Table 1,ag_land_incl_buildings_asset_value_usd_per_operation,NA
AG CENSUS AREA,AK,010,Aleutian Islands Area,2017,5,"AG LAND, INCL BUILDINGS - ASSET VALUE, MEASURED IN $ / OPERATION","AG LAND, INCL BUILDINGS - ASSET VALUE, MEASURED IN $ / OPERATION",TOTAL,NOT SPECIFIED,$ / OPERATION,573623,573623,FALSE,NASS Table 1,ag_land_incl_buildings_asset_value_usd_per_operation,NA
AG CENSUS AREA,AK,010,Aleutian Islands Area,2022,5,"AG LAND, INCL BUILDINGS - ASSET VALUE, MEASURED IN $ / OPERATION","AG LAND, INCL BUILDINGS - ASSET VALUE, MEASURED IN $ / OPERATION",TOTAL,NOT SPECIFIED,$ / OPERATION,2026166,2026166,FALSE,NASS Table 1,ag_land_incl_buildings_asset_value_usd_per_operation,NA
AG CENSUS AREA,AK,010,Aleutian Islands Area,1997,6,"AG LAND, INCL BUILDINGS - ASSET VALUE, MEASURED IN $ / ACRE","AG LAND, INCL BUILDINGS - ASSET VALUE, MEASURED IN $ / ACRE",TOTAL,NOT SPECIFIED,$ / ACRE,104,104,FALSE,NASS Table 1,ag_land_incl_buildings_asset_value_usd_per_acre,NA
AG CENSUS AREA,AK,010,Aleutian Islands Area,2002,6,"AG LAND, INCL BUILDINGS - ASSET VALUE, MEASURED IN $ / ACRE","AG LAND, INCL BUILDINGS - ASSET VALUE, MEASURED IN $ / ACRE",TOTAL,NOT SPECIFIED,$ / ACRE,107,107,FALSE,NASS Table 1,ag_land_incl_buildings_asset_value_usd_per_acre,NA
AG CENSUS AREA,AK,010,Aleutian Islands Area,2007,6,"AG LAND, INCL BUILDINGS - ASSET VALUE, MEASURED IN $ / ACRE","AG LAND, INCL BUILDINGS - ASSET VALUE, MEASURED IN $ / ACRE",TOTAL,NOT SPECIFIED,$ / ACRE,63,63,FALSE,NASS Table 1,ag_land_incl_buildings_asset_value_usd_per_acre,NA
AG CENSUS AREA,AK,010,Aleutian Islands Area,2012,6,"AG LAND, INCL BUILDINGS - ASSET VALUE, MEASURED IN $ / ACRE","AG LAND, INCL BUILDINGS - ASSET VALUE, MEASURED IN $ / ACRE",TOTAL,NOT SPECIFIED,$ / ACRE,42,42,FALSE,NASS Table 1,ag_land_incl_buildings_asset_value_usd_per_acre,NA
AG CENSUS AREA,AK,010,Aleutian Islands Area,2017,6,"AG LAND, INCL BUILDINGS - ASSET VALUE, MEASURED IN $ / ACRE","AG LAND, INCL BUILDINGS - ASSET VALUE, MEASURED IN $ / ACRE",TOTAL,NOT SPECIFIED,$ / ACRE,39,39,FALSE,NASS Table 1,ag_land_incl_buildings_asset_value_usd_per_acre,NA
AG CENSUS AREA,AK,010,Aleutian Islands Area,2022,6,"AG LAND, INCL BUILDINGS - ASSET VALUE, MEASURED IN $ / ACRE","AG LAND, INCL BUILDINGS - ASSET VALUE, MEASURED IN $ / ACRE",TOTAL,NOT SPECIFIED,$ / ACRE,189,189,FALSE,NASS Table 1,ag_land_incl_buildings_asset_value_usd_per_acre,NA
AG CENSUS AREA,AK,010,Aleutian Islands Area,1997,7,"MACHINERY TOTALS - ASSET VALUE, MEASURED IN $","MACHINERY TOTALS - ASSET VALUE, MEASURED IN $",TOTAL,NOT SPECIFIED,$,1154000,1154000,FALSE,NASS Table 1,machinery_totals_asset_value_usd,NA
AG CENSUS AREA,AK,010,Aleutian Islands Area,2002,7,"MACHINERY TOTALS - ASSET VALUE, MEASURED IN $","MACHINERY TOTALS - ASSET VALUE, MEASURED IN $",TOTAL,NOT SPECIFIED,$,983000,983000,FALSE,NASS Table 1,machinery_totals_asset_value_usd,NA
AG CENSUS AREA,AK,010,Aleutian Islands Area,2007,7,"MACHINERY TOTALS - ASSET VALUE, MEASURED IN $","MACHINERY TOTALS - ASSET VALUE, MEASURED IN $",TOTAL,NOT SPECIFIED,$,3869000,3869000,FALSE,NASS Table 1,machinery_totals_asset_value_usd,NA
AG CENSUS AREA,AK,010,Aleutian Islands Area,2012,7,"MACHINERY TOTALS - ASSET VALUE, MEASURED IN $","MACHINERY TOTALS - ASSET VALUE, MEASURED IN $",TOTAL,NOT SPECIFIED,$,3826000,3826000,FALSE,NASS Table 1,machinery_totals_asset_value_usd,NA
AG CENSUS AREA,AK,010,Aleutian Islands Area,2017,7,"MACHINERY TOTALS - ASSET VALUE, MEASURED IN $","MACHINERY TOTALS - ASSET VALUE, MEASURED IN $",TOTAL,NOT SPECIFIED,$,4157000,4157000,FALSE,NASS Table 1,machinery_totals_asset_value_usd,NA
AG CENSUS AREA,AK,010,Aleutian Islands Area,2022,7,"MACHINERY TOTALS - ASSET VALUE, MEASURED IN $","MACHINERY TOTALS - ASSET VALUE, MEASURED IN $",TOTAL,NOT SPECIFIED,$,4599000,4599000,FALSE,NASS Table 1,machinery_totals_asset_value_usd,NA
AG CENSUS AREA,AK,010,Aleutian Islands Area,1997,8,"MACHINERY TOTALS - ASSET VALUE, MEASURED IN $ / OPERATION","MACHINERY TOTALS - ASSET VALUE, MEASURED IN $ / OPERATION",TOTAL,NOT SPECIFIED,$ / OPERATION,32056,32056,FALSE,NASS Table 1,machinery_totals_asset_value_usd_per_operation,NA
AG CENSUS AREA,AK,010,Aleutian Islands Area,2002,8,"MACHINERY TOTALS - ASSET VALUE, MEASURED IN $ / OPERATION","MACHINERY TOTALS - ASSET VALUE, MEASURED IN $ / OPERATION",TOTAL,NOT SPECIFIED,$ / OPERATION,27312,27312,FALSE,NASS Table 1,machinery_totals_asset_value_usd_per_operation,NA
AG CENSUS AREA,AK,010,Aleutian Islands Area,2007,8,"MACHINERY TOTALS - ASSET VALUE, MEASURED IN $ / OPERATION","MACHINERY TOTALS - ASSET VALUE, MEASURED IN $ / OPERATION",TOTAL,NOT SPECIFIED,$ / OPERATION,110557,110557,FALSE,NASS Table 1,machinery_totals_asset_value_usd_per_operation,NA
AG CENSUS AREA,AK,010,Aleutian Islands Area,2012,8,"MACHINERY TOTALS - ASSET VALUE, MEASURED IN $ / OPERATION","MACHINERY TOTALS - ASSET VALUE, MEASURED IN $ / OPERATION",TOTAL,NOT SPECIFIED,$ / OPERATION,95638,95638,FALSE,NASS Table 1,machinery_totals_asset_value_usd_per_operation,NA
AG CENSUS AREA,AK,010,Aleutian Islands Area,2017,8,"MACHINERY TOTALS - ASSET VALUE, MEASURED IN $ / OPERATION","MACHINERY TOTALS - ASSET VALUE, MEASURED IN $ / OPERATION",TOTAL,NOT SPECIFIED,$ / OPERATION,90364,90364,FALSE,NASS Table 1,machinery_totals_asset_value_usd_per_operation,NA
AG CENSUS AREA,AK,010,Aleutian Islands Area,2022,8,"MACHINERY TOTALS - ASSET VALUE, MEASURED IN $ / OPERATION","MACHINERY TOTALS - ASSET VALUE, MEASURED IN $ / OPERATION",TOTAL,NOT SPECIFIED,$ / OPERATION,69681,69681,FALSE,NASS Table 1,machinery_totals_asset_value_usd_per_operation,NA
AG CENSUS AREA,AK,010,Aleutian Islands Area,1997,9,FARM OPERATIONS - NUMBER OF OPERATIONS | AREA OPERATED: (1.0 TO 9.9 ACRES),FARM OPERATIONS - NUMBER OF OPERATIONS,AREA OPERATED,AREA OPERATED: (1.0 TO 9.9 ACRES),OPERATIONS,3,3,FALSE,NASS Table 1,farm_operations_number_of_operations_area_operated_1_0_to_9_9_acres,NA
AG CENSUS AREA,AK,010,Aleutian Islands Area,2002,9,FARM OPERATIONS - NUMBER OF OPERATIONS | AREA OPERATED: (1.0 TO 9.9 ACRES),FARM OPERATIONS - NUMBER OF OPERATIONS,AREA OPERATED,AREA OPERATED: (1.0 TO 9.9 ACRES),OPERATIONS,2,2,FALSE,NASS Table 1,farm_operations_number_of_operations_area_operated_1_0_to_9_9_acres,NA
AG CENSUS AREA,AK,010,Aleutian Islands Area,2007,9,FARM OPERATIONS - NUMBER OF OPERATIONS | AREA OPERATED: (1.0 TO 9.9 ACRES),FARM OPERATIONS - NUMBER OF OPERATIONS,AREA OPERATED,AREA OPERATED: (1.0 TO 9.9 ACRES),OPERATIONS,5,5,FALSE,NASS Table 1,farm_operations_number_of_operations_area_operated_1_0_to_9_9_acres,NA
AG CENSUS AREA,AK,010,Aleutian Islands Area,2012,9,FARM OPERATIONS - NUMBER OF OPERATIONS | AREA OPERATED: (1.0 TO 9.9 ACRES),FARM OPERATIONS - NUMBER OF OPERATIONS,AREA OPERATED,AREA OPERATED: (1.0 TO 9.9 ACRES),OPERATIONS,10,10,FALSE,NASS Table 1,farm_operations_number_of_operations_area_operated_1_0_to_9_9_acres,NA
AG CENSUS AREA,AK,010,Aleutian Islands Area,2017,9,FARM OPERATIONS - NUMBER OF OPERATIONS | AREA OPERATED: (1.0 TO 9.9 ACRES),FARM OPERATIONS - NUMBER OF OPERATIONS,AREA OPERATED,AREA OPERATED: (1.0 TO 9.9 ACRES),OPERATIONS,18,18,FALSE,NASS Table 1,farm_operations_number_of_operations_area_operated_1_0_to_9_9_acres,NA
AG CENSUS AREA,AK,010,Aleutian Islands Area,2022,9,FARM OPERATIONS - NUMBER OF OPERATIONS | AREA OPERATED: (1.0 TO 9.9 ACRES),FARM OPERATIONS - NUMBER OF OPERATIONS,AREA OPERATED,AREA OPERATED: (1.0 TO 9.9 ACRES),OPERATIONS,32,32,FALSE,NASS Table 1,farm_operations_number_of_operations_area_operated_1_0_to_9_9_acres,NA
AG CENSUS AREA,AK,010,Aleutian Islands Area,1997,10,FARM OPERATIONS - NUMBER OF OPERATIONS | AREA OPERATED: (10.0 TO 49.9 ACRES),FARM OPERATIONS - NUMBER OF OPERATIONS,AREA OPERATED,AREA OPERATED: (10.0 TO 49.9 ACRES),OPERATIONS,4,4,FALSE,NASS Table 1,farm_operations_number_of_operations_area_operated_10_0_to_49_9_acres,NA
AG CENSUS AREA,AK,010,Aleutian Islands Area,2002,10,FARM OPERATIONS - NUMBER OF OPERATIONS | AREA OPERATED: (10.0 TO 49.9 ACRES),FARM OPERATIONS - NUMBER OF OPERATIONS,AREA OPERATED,AREA OPERATED: (10.0 TO 49.9 ACRES),OPERATIONS,5,5,FALSE,NASS Table 1,farm_operations_number_of_operations_area_operated_10_0_to_49_9_acres,NA
AG CENSUS AREA,AK,010,Aleutian Islands Area,2007,10,FARM OPERATIONS - NUMBER OF OPERATIONS | AREA OPERATED: (10.0 TO 49.9 ACRES),FARM OPERATIONS - NUMBER OF OPERATIONS,AREA OPERATED,AREA OPERATED: (10.0 TO 49.9 ACRES),OPERATIONS,8,8,FALSE,NASS Table 1,farm_operations_number_of_operations_area_operated_10_0_to_49_9_acres,NA
AG CENSUS AREA,AK,010,Aleutian Islands Area,2012,10,FARM OPERATIONS - NUMBER OF OPERATIONS | AREA OPERATED: (10.0 TO 49.9 ACRES),FARM OPERATIONS - NUMBER OF OPERATIONS,AREA OPERATED,AREA OPERATED: (10.0 TO 49.9 ACRES),OPERATIONS,10,10,FALSE,NASS Table 1,farm_operations_number_of_operations_area_operated_10_0_to_49_9_acres,NA
AG CENSUS AREA,AK,010,Aleutian Islands Area,2017,10,FARM OPERATIONS - NUMBER OF OPERATIONS | AREA OPERATED: (10.0 TO 49.9 ACRES),FARM OPERATIONS - NUMBER OF OPERATIONS,AREA OPERATED,AREA OPERATED: (10.0 TO 49.9 ACRES),OPERATIONS,12,12,FALSE,NASS Table 1,farm_operations_number_of_operations_area_operated_10_0_to_49_9_acres,NA
AG CENSUS AREA,AK,010,Aleutian Islands Area,2022,10,FARM OPERATIONS - NUMBER OF OPERATIONS | AREA OPERATED: (10.0 TO 49.9 ACRES),FARM OPERATIONS - NUMBER OF OPERATIONS,AREA OPERATED,AREA OPERATED: (10.0 TO 49.9 ACRES),OPERATIONS,12,12,FALSE,NASS Table 1,farm_operations_number_of_operations_area_operated_10_0_to_49_9_acres,NA
AG CENSUS AREA,AK,010,Aleutian Islands Area,2002,11,FARM OPERATIONS - NUMBER OF OPERATIONS | AREA OPERATED: (50 TO 179 ACRES),FARM OPERATIONS - NUMBER OF OPERATIONS,AREA OPERATED,AREA OPERATED: (50 TO 179 ACRES),OPERATIONS,11,11,FALSE,NASS Table 1,farm_operations_number_of_operations_area_operated_50_to_179_acres,NA
AG CENSUS AREA,AK,010,Aleutian Islands Area,2007,11,FARM OPERATIONS - NUMBER OF OPERATIONS | AREA OPERATED: (50 TO 179 ACRES),FARM OPERATIONS - NUMBER OF OPERATIONS,AREA OPERATED,AREA OPERATED: (50 TO 179 ACRES),OPERATIONS,2,2,FALSE,NASS Table 1,farm_operations_number_of_operations_area_operated_50_to_179_acres,NA
AG CENSUS AREA,AK,010,Aleutian Islands Area,2012,11,FARM OPERATIONS - NUMBER OF OPERATIONS | AREA OPERATED: (50 TO 179 ACRES),FARM OPERATIONS - NUMBER OF OPERATIONS,AREA OPERATED,AREA OPERATED: (50 TO 179 ACRES),OPERATIONS,4,4,FALSE,NASS Table 1,farm_operations_number_of_operations_area_operated_50_to_179_acres,NA
AG CENSUS AREA,AK,010,Aleutian Islands Area,2017,11,FARM OPERATIONS - NUMBER OF OPERATIONS | AREA OPERATED: (50 TO 179 ACRES),FARM OPERATIONS - NUMBER OF OPERATIONS,AREA OPERATED,AREA OPERATED: (50 TO 179 ACRES),OPERATIONS,3,3,FALSE,NASS Table 1,farm_operations_number_of_operations_area_operated_50_to_179_acres,NA
AG CENSUS AREA,AK,010,Aleutian Islands Area,2022,11,FARM OPERATIONS - NUMBER OF OPERATIONS | AREA OPERATED: (50 TO 179 ACRES),FARM OPERATIONS - NUMBER OF OPERATIONS,AREA OPERATED,AREA OPERATED: (50 TO 179 ACRES),OPERATIONS,6,6,FALSE,NASS Table 1,farm_operations_number_of_operations_area_operated_50_to_179_acres,NA
AG CENSUS AREA,AK,010,Aleutian Islands Area,2007,12,FARM OPERATIONS - NUMBER OF OPERATIONS | AREA OPERATED: (180 TO 499 ACRES),FARM OPERATIONS - NUMBER OF OPERATIONS,AREA OPERATED,AREA OPERATED: (180 TO 499 ACRES),OPERATIONS,1,1,FALSE,NASS Table 1,farm_operations_number_of_operations_area_operated_180_to_499_acres,NA
AG CENSUS AREA,AK,010,Aleutian Islands Area,2022,12,FARM OPERATIONS - NUMBER OF OPERATIONS | AREA OPERATED: (180 TO 499 ACRES),FARM OPERATIONS - NUMBER OF OPERATIONS,AREA OPERATED,AREA OPERATED: (180 TO 499 ACRES),OPERATIONS,1,1,FALSE,NASS Table 1,farm_operations_number_of_operations_area_operated_180_to_499_acres,NA
AG CENSUS AREA,AK,010,Aleutian Islands Area,2002,13,FARM OPERATIONS - NUMBER OF OPERATIONS | AREA OPERATED: (500 TO 999 ACRES),FARM OPERATIONS - NUMBER OF OPERATIONS,AREA OPERATED,AREA OPERATED: (500 TO 999 ACRES),OPERATIONS,1,1,FALSE,NASS Table 1,farm_operations_number_of_operations_area_operated_500_to_999_acres,NA
AG CENSUS AREA,AK,010,Aleutian Islands Area,2007,13,FARM OPERATIONS - NUMBER OF OPERATIONS | AREA OPERATED: (500 TO 999 ACRES),FARM OPERATIONS - NUMBER OF OPERATIONS,AREA OPERATED,AREA OPERATED: (500 TO 999 ACRES),OPERATIONS,1,1,FALSE,NASS Table 1,farm_operations_number_of_operations_area_operated_500_to_999_acres,NA
AG CENSUS AREA,AK,010,Aleutian Islands Area,2022,13,FARM OPERATIONS - NUMBER OF OPERATIONS | AREA OPERATED: (500 TO 999 ACRES),FARM OPERATIONS - NUMBER OF OPERATIONS,AREA OPERATED,AREA OPERATED: (500 TO 999 ACRES),OPERATIONS,2,2,FALSE,NASS Table 1,farm_operations_number_of_operations_area_operated_500_to_999_acres,NA
AG CENSUS AREA,AK,010,Aleutian Islands Area,2002,14,"FARM OPERATIONS - NUMBER OF OPERATIONS | AREA OPERATED: (1,000 OR MORE ACRES)",FARM OPERATIONS - NUMBER OF OPERATIONS,AREA OPERATED,"AREA OPERATED: (1,000 OR MORE ACRES)",OPERATIONS,17,17,FALSE,NASS Table 1,farm_operations_number_of_operations_area_operated_1_000_or_more_acres,NA
AG CENSUS AREA,AK,010,Aleutian Islands Area,2007,14,"FARM OPERATIONS - NUMBER OF OPERATIONS | AREA OPERATED: (1,000 OR MORE ACRES)",FARM OPERATIONS - NUMBER OF OPERATIONS,AREA OPERATED,"AREA OPERATED: (1,000 OR MORE ACRES)",OPERATIONS,18,18,FALSE,NASS Table 1,farm_operations_number_of_operations_area_operated_1_000_or_more_acres,NA
AG CENSUS AREA,AK,010,Aleutian Islands Area,2012,14,"FARM OPERATIONS - NUMBER OF OPERATIONS | AREA OPERATED: (1,000 OR MORE ACRES)",FARM OPERATIONS - NUMBER OF OPERATIONS,AREA OPERATED,"AREA OPERATED: (1,000 OR MORE ACRES)",OPERATIONS,16,16,FALSE,NASS Table 1,farm_operations_number_of_operations_area_operated_1_000_or_more_acres,NA
AG CENSUS AREA,AK,010,Aleutian Islands Area,2017,14,"FARM OPERATIONS - NUMBER OF OPERATIONS | AREA OPERATED: (1,000 OR MORE ACRES)",FARM OPERATIONS - NUMBER OF OPERATIONS,AREA OPERATED,"AREA OPERATED: (1,000 OR MORE ACRES)",OPERATIONS,13,13,FALSE,NASS Table 1,farm_operations_number_of_operations_area_operated_1_000_or_more_acres,NA
AG CENSUS AREA,AK,010,Aleutian Islands Area,2022,14,"FARM OPERATIONS - NUMBER OF OPERATIONS | AREA OPERATED: (1,000 OR MORE ACRES)",FARM OPERATIONS - NUMBER OF OPERATIONS,AREA OPERATED,"AREA OPERATED: (1,000 OR MORE ACRES)",OPERATIONS,13,13,FALSE,NASS Table 1,farm_operations_number_of_operations_area_operated_1_000_or_more_acres,NA
AG CENSUS AREA,AK,010,Aleutian Islands Area,1997,15,"AG LAND, CROPLAND - NUMBER OF OPERATIONS","AG LAND, CROPLAND - NUMBER OF OPERATIONS",TOTAL,NOT SPECIFIED,OPERATIONS,7,7,FALSE,NASS Table 1,ag_land_cropland_number_of_operations,NA
AG CENSUS AREA,AK,010,Aleutian Islands Area,2002,15,"AG LAND, CROPLAND - NUMBER OF OPERATIONS","AG LAND, CROPLAND - NUMBER OF OPERATIONS",TOTAL,NOT SPECIFIED,OPERATIONS,9,9,FALSE,NASS Table 1,ag_land_cropland_number_of_operations,NA
AG CENSUS AREA,AK,010,Aleutian Islands Area,2007,15,"AG LAND, CROPLAND - NUMBER OF OPERATIONS","AG LAND, CROPLAND - NUMBER OF OPERATIONS",TOTAL,NOT SPECIFIED,OPERATIONS,11,11,FALSE,NASS Table 1,ag_land_cropland_number_of_operations,NA
AG CENSUS AREA,AK,010,Aleutian Islands Area,2012,15,"AG LAND, CROPLAND - NUMBER OF OPERATIONS","AG LAND, CROPLAND - NUMBER OF OPERATIONS",TOTAL,NOT SPECIFIED,OPERATIONS,22,22,FALSE,NASS Table 1,ag_land_cropland_number_of_operations,NA
AG CENSUS AREA,AK,010,Aleutian Islands Area,2017,15,"AG LAND, CROPLAND - NUMBER OF OPERATIONS","AG LAND, CROPLAND - NUMBER OF OPERATIONS",TOTAL,NOT SPECIFIED,OPERATIONS,30,30,FALSE,NASS Table 1,ag_land_cropland_number_of_operations,NA
AG CENSUS AREA,AK,010,Aleutian Islands Area,2022,15,"AG LAND, CROPLAND - NUMBER OF OPERATIONS","AG LAND, CROPLAND - NUMBER OF OPERATIONS",TOTAL,NOT SPECIFIED,OPERATIONS,43,43,FALSE,NASS Table 1,ag_land_cropland_number_of_operations,NA
AG CENSUS AREA,AK,010,Aleutian Islands Area,1997,16,"AG LAND, CROPLAND - ACRES","AG LAND, CROPLAND - ACRES",TOTAL,NOT SPECIFIED,ACRES,NA,NA,FALSE,NASS Table 1,ag_land_cropland_acres,NA
AG CENSUS AREA,AK,010,Aleutian Islands Area,2002,16,"AG LAND, CROPLAND - ACRES","AG LAND, CROPLAND - ACRES",TOTAL,NOT SPECIFIED,ACRES,375,375,FALSE,NASS Table 1,ag_land_cropland_acres,NA
AG CENSUS AREA,AK,010,Aleutian Islands Area,2007,16,"AG LAND, CROPLAND - ACRES","AG LAND, CROPLAND - ACRES",TOTAL,NOT SPECIFIED,ACRES,275,275,FALSE,NASS Table 1,ag_land_cropland_acres,NA
AG CENSUS AREA,AK,010,Aleutian Islands Area,2012,16,"AG LAND, CROPLAND - ACRES","AG LAND, CROPLAND - ACRES",TOTAL,NOT SPECIFIED,ACRES,1034,1034,FALSE,NASS Table 1,ag_land_cropland_acres,NA
AG CENSUS AREA,AK,010,Aleutian Islands Area,2017,16,"AG LAND, CROPLAND - ACRES","AG LAND, CROPLAND - ACRES",TOTAL,NOT SPECIFIED,ACRES,1074,1074,FALSE,NASS Table 1,ag_land_cropland_acres,NA
AG CENSUS AREA,AK,010,Aleutian Islands Area,2022,16,"AG LAND, CROPLAND - ACRES","AG LAND, CROPLAND - ACRES",TOTAL,NOT SPECIFIED,ACRES,2737,2737,FALSE,NASS Table 1,ag_land_cropland_acres,NA
AG CENSUS AREA,AK,010,Aleutian Islands Area,1997,17,"AG LAND, CROPLAND, HARVESTED - NUMBER OF OPERATIONS","AG LAND, CROPLAND, HARVESTED - NUMBER OF OPERATIONS",TOTAL,NOT SPECIFIED,OPERATIONS,6,6,FALSE,NASS Table 1,ag_land_cropland_harvested_number_of_operations,NA
AG CENSUS AREA,AK,010,Aleutian Islands Area,2002,17,"AG LAND, CROPLAND, HARVESTED - NUMBER OF OPERATIONS","AG LAND, CROPLAND, HARVESTED - NUMBER OF OPERATIONS",TOTAL,NOT SPECIFIED,OPERATIONS,9,9,FALSE,NASS Table 1,ag_land_cropland_harvested_number_of_operations,NA
AG CENSUS AREA,AK,010,Aleutian Islands Area,2007,17,"AG LAND, CROPLAND, HARVESTED - NUMBER OF OPERATIONS","AG LAND, CROPLAND, HARVESTED - NUMBER OF OPERATIONS",TOTAL,NOT SPECIFIED,OPERATIONS,11,11,FALSE,NASS Table 1,ag_land_cropland_harvested_number_of_operations,NA
AG CENSUS AREA,AK,010,Aleutian Islands Area,2012,17,"AG LAND, CROPLAND, HARVESTED - NUMBER OF OPERATIONS","AG LAND, CROPLAND, HARVESTED - NUMBER OF OPERATIONS",TOTAL,NOT SPECIFIED,OPERATIONS,19,19,FALSE,NASS Table 1,ag_land_cropland_harvested_number_of_operations,NA
AG CENSUS AREA,AK,010,Aleutian Islands Area,2017,17,"AG LAND, CROPLAND, HARVESTED - NUMBER OF OPERATIONS","AG LAND, CROPLAND, HARVESTED - NUMBER OF OPERATIONS",TOTAL,NOT SPECIFIED,OPERATIONS,24,24,FALSE,NASS Table 1,ag_land_cropland_harvested_number_of_operations,NA
AG CENSUS AREA,AK,010,Aleutian Islands Area,2022,17,"AG LAND, CROPLAND, HARVESTED - NUMBER OF OPERATIONS","AG LAND, CROPLAND, HARVESTED - NUMBER OF OPERATIONS",TOTAL,NOT SPECIFIED,OPERATIONS,37,37,FALSE,NASS Table 1,ag_land_cropland_harvested_number_of_operations,NA
AG CENSUS AREA,AK,010,Aleutian Islands Area,1997,18,"AG LAND, CROPLAND, HARVESTED - ACRES","AG LAND, CROPLAND, HARVESTED - ACRES",TOTAL,NOT SPECIFIED,ACRES,NA,NA,FALSE,NASS Table 1,ag_land_cropland_harvested_acres,NA
AG CENSUS AREA,AK,010,Aleutian Islands Area,2002,18,"AG LAND, CROPLAND, HARVESTED - ACRES","AG LAND, CROPLAND, HARVESTED - ACRES",TOTAL,NOT SPECIFIED,ACRES,NA,NA,FALSE,NASS Table 1,ag_land_cropland_harvested_acres,NA
AG CENSUS AREA,AK,010,Aleutian Islands Area,2007,18,"AG LAND, CROPLAND, HARVESTED - ACRES","AG LAND, CROPLAND, HARVESTED - ACRES",TOTAL,NOT SPECIFIED,ACRES,NA,NA,FALSE,NASS Table 1,ag_land_cropland_harvested_acres,NA
AG CENSUS AREA,AK,010,Aleutian Islands Area,2012,18,"AG LAND, CROPLAND, HARVESTED - ACRES","AG LAND, CROPLAND, HARVESTED - ACRES",TOTAL,NOT SPECIFIED,ACRES,NA,NA,FALSE,NASS Table 1,ag_land_cropland_harvested_acres,NA
AG CENSUS AREA,AK,010,Aleutian Islands Area,2017,18,"AG LAND, CROPLAND, HARVESTED - ACRES","AG LAND, CROPLAND, HARVESTED - ACRES",TOTAL,NOT SPECIFIED,ACRES,NA,NA,FALSE,NASS Table 1,ag_land_cropland_harvested_acres,NA
AG CENSUS AREA,AK,010,Aleutian Islands Area,2022,18,"AG LAND, CROPLAND, HARVESTED - ACRES","AG LAND, CROPLAND, HARVESTED - ACRES",TOTAL,NOT SPECIFIED,ACRES,NA,NA,FALSE,NASS Table 1,ag_land_cropland_harvested_acres,NA
AG CENSUS AREA,AK,010,Aleutian Islands Area,2002,19,"AG LAND, IRRIGATED - NUMBER OF OPERATIONS","AG LAND, IRRIGATED - NUMBER OF OPERATIONS",TOTAL,NOT SPECIFIED,OPERATIONS,4,4,FALSE,NASS Table 1,ag_land_irrigated_number_of_operations,NA
AG CENSUS AREA,AK,010,Aleutian Islands Area,2007,19,"AG LAND, IRRIGATED - NUMBER OF OPERATIONS","AG LAND, IRRIGATED - NUMBER OF OPERATIONS",TOTAL,NOT SPECIFIED,OPERATIONS,6,6,FALSE,NASS Table 1,ag_land_irrigated_number_of_operations,NA
AG CENSUS AREA,AK,010,Aleutian Islands Area,2012,19,"AG LAND, IRRIGATED - NUMBER OF OPERATIONS","AG LAND, IRRIGATED - NUMBER OF OPERATIONS",TOTAL,NOT SPECIFIED,OPERATIONS,18,18,FALSE,NASS Table 1,ag_land_irrigated_number_of_operations,NA
AG CENSUS AREA,AK,010,Aleutian Islands Area,2017,19,"AG LAND, IRRIGATED - NUMBER OF OPERATIONS","AG LAND, IRRIGATED - NUMBER OF OPERATIONS",TOTAL,NOT SPECIFIED,OPERATIONS,22,22,FALSE,NASS Table 1,ag_land_irrigated_number_of_operations,NA
AG CENSUS AREA,AK,010,Aleutian Islands Area,2022,19,"AG LAND, IRRIGATED - NUMBER OF OPERATIONS","AG LAND, IRRIGATED - NUMBER OF OPERATIONS",TOTAL,NOT SPECIFIED,OPERATIONS,25,25,FALSE,NASS Table 1,ag_land_irrigated_number_of_operations,NA
AG CENSUS AREA,AK,010,Aleutian Islands Area,1997,20,"AG LAND, IRRIGATED - ACRES","AG LAND, IRRIGATED - ACRES",TOTAL,NOT SPECIFIED,ACRES,NA,NA,FALSE,NASS Table 1,ag_land_irrigated_acres,NA
AG CENSUS AREA,AK,010,Aleutian Islands Area,2002,20,"AG LAND, IRRIGATED - ACRES","AG LAND, IRRIGATED - ACRES",TOTAL,NOT SPECIFIED,ACRES,5,5,FALSE,NASS Table 1,ag_land_irrigated_acres,NA
AG CENSUS AREA,AK,010,Aleutian Islands Area,2007,20,"AG LAND, IRRIGATED - ACRES","AG LAND, IRRIGATED - ACRES",TOTAL,NOT SPECIFIED,ACRES,8,8,FALSE,NASS Table 1,ag_land_irrigated_acres,NA
AG CENSUS AREA,AK,010,Aleutian Islands Area,2012,20,"AG LAND, IRRIGATED - ACRES","AG LAND, IRRIGATED - ACRES",TOTAL,NOT SPECIFIED,ACRES,24,24,FALSE,NASS Table 1,ag_land_irrigated_acres,NA
AG CENSUS AREA,AK,010,Aleutian Islands Area,2017,20,"AG LAND, IRRIGATED - ACRES","AG LAND, IRRIGATED - ACRES",TOTAL,NOT SPECIFIED,ACRES,23,23,FALSE,NASS Table 1,ag_land_irrigated_acres,NA
AG CENSUS AREA,AK,010,Aleutian Islands Area,2022,20,"AG LAND, IRRIGATED - ACRES","AG LAND, IRRIGATED - ACRES",TOTAL,NOT SPECIFIED,ACRES,26,26,FALSE,NASS Table 1,ag_land_irrigated_acres,NA
AG CENSUS AREA,AK,010,Aleutian Islands Area,1997,21,"COMMODITY TOTALS - SALES, MEASURED IN $","COMMODITY TOTALS - SALES, MEASURED IN $",TOTAL,NOT SPECIFIED,$,1352000,1352000,FALSE,NASS Table 1,commodity_totals_sales_usd,NA
AG CENSUS AREA,AK,010,Aleutian Islands Area,2002,21,"COMMODITY TOTALS - SALES, MEASURED IN $","COMMODITY TOTALS - SALES, MEASURED IN $",TOTAL,NOT SPECIFIED,$,329000,329000,FALSE,NASS Table 1,commodity_totals_sales_usd,NA
AG CENSUS AREA,AK,010,Aleutian Islands Area,2007,21,"COMMODITY TOTALS - SALES, MEASURED IN $","COMMODITY TOTALS - SALES, MEASURED IN $",TOTAL,NOT SPECIFIED,$,NA,NA,FALSE,NASS Table 1,commodity_totals_sales_usd,NA
AG CENSUS AREA,AK,010,Aleutian Islands Area,2012,21,"COMMODITY TOTALS - SALES, MEASURED IN $","COMMODITY TOTALS - SALES, MEASURED IN $",TOTAL,NOT SPECIFIED,$,NA,NA,FALSE,NASS Table 1,commodity_totals_sales_usd,NA
AG CENSUS AREA,AK,010,Aleutian Islands Area,2017,21,"COMMODITY TOTALS - SALES, MEASURED IN $","COMMODITY TOTALS - SALES, MEASURED IN $",TOTAL,NOT SPECIFIED,$,2980000,2980000,FALSE,NASS Table 1,commodity_totals_sales_usd,NA
AG CENSUS AREA,AK,010,Aleutian Islands Area,2022,21,"COMMODITY TOTALS - SALES, MEASURED IN $","COMMODITY TOTALS - SALES, MEASURED IN $",TOTAL,NOT SPECIFIED,$,4350000,4350000,FALSE,NASS Table 1,commodity_totals_sales_usd,NA
AG CENSUS AREA,AK,010,Aleutian Islands Area,1997,22,"COMMODITY TOTALS - SALES, MEASURED IN $ / OPERATION","COMMODITY TOTALS - SALES, MEASURED IN $ / OPERATION",TOTAL,NOT SPECIFIED,$ / OPERATION,37554,37554,FALSE,NASS Table 1,commodity_totals_sales_usd_per_operation,NA
AG CENSUS AREA,AK,010,Aleutian Islands Area,2002,22,"COMMODITY TOTALS - SALES, MEASURED IN $ / OPERATION","COMMODITY TOTALS - SALES, MEASURED IN $ / OPERATION",TOTAL,NOT SPECIFIED,$ / OPERATION,9130,9130,FALSE,NASS Table 1,commodity_totals_sales_usd_per_operation,NA
AG CENSUS AREA,AK,010,Aleutian Islands Area,2007,22,"COMMODITY TOTALS - SALES, MEASURED IN $ / OPERATION","COMMODITY TOTALS - SALES, MEASURED IN $ / OPERATION",TOTAL,NOT SPECIFIED,$ / OPERATION,NA,NA,FALSE,NASS Table 1,commodity_totals_sales_usd_per_operation,NA
AG CENSUS AREA,AK,010,Aleutian Islands Area,2012,22,"COMMODITY TOTALS - SALES, MEASURED IN $ / OPERATION","COMMODITY TOTALS - SALES, MEASURED IN $ / OPERATION",TOTAL,NOT SPECIFIED,$ / OPERATION,NA,NA,FALSE,NASS Table 1,commodity_totals_sales_usd_per_operation,NA
AG CENSUS AREA,AK,010,Aleutian Islands Area,2017,22,"COMMODITY TOTALS - SALES, MEASURED IN $ / OPERATION","COMMODITY TOTALS - SALES, MEASURED IN $ / OPERATION",TOTAL,NOT SPECIFIED,$ / OPERATION,64774,64774,FALSE,NASS Table 1,commodity_totals_sales_usd_per_operation,NA
AG CENSUS AREA,AK,010,Aleutian Islands Area,2022,22,"COMMODITY TOTALS - SALES, MEASURED IN $ / OPERATION","COMMODITY TOTALS - SALES, MEASURED IN $ / OPERATION",TOTAL,NOT SPECIFIED,$ / OPERATION,65913,65913,FALSE,NASS Table 1,commodity_totals_sales_usd_per_operation,NA
AG CENSUS AREA,AK,010,Aleutian Islands Area,1997,23,"CROP TOTALS - SALES, MEASURED IN $","CROP TOTALS - SALES, MEASURED IN $",TOTAL,NOT SPECIFIED,$,NA,NA,FALSE,NASS Table 1,crop_totals_sales_usd,NA
AG CENSUS AREA,AK,010,Aleutian Islands Area,2002,23,"CROP TOTALS - SALES, MEASURED IN $","CROP TOTALS - SALES, MEASURED IN $",TOTAL,NOT SPECIFIED,$,NA,NA,FALSE,NASS Table 1,crop_totals_sales_usd,NA
AG CENSUS AREA,AK,010,Aleutian Islands Area,2007,23,"CROP TOTALS - SALES, MEASURED IN $","CROP TOTALS - SALES, MEASURED IN $",TOTAL,NOT SPECIFIED,$,NA,NA,FALSE,NASS Table 1,crop_totals_sales_usd,NA
AG CENSUS AREA,AK,010,Aleutian Islands Area,2012,23,"CROP TOTALS - SALES, MEASURED IN $","CROP TOTALS - SALES, MEASURED IN $",TOTAL,NOT SPECIFIED,$,338000,338000,FALSE,NASS Table 1,crop_totals_sales_usd,NA
AG CENSUS AREA,AK,010,Aleutian Islands Area,2017,23,"CROP TOTALS - SALES, MEASURED IN $","CROP TOTALS - SALES, MEASURED IN $",TOTAL,NOT SPECIFIED,$,390000,390000,FALSE,NASS Table 1,crop_totals_sales_usd,NA
AG CENSUS AREA,AK,010,Aleutian Islands Area,2022,23,"CROP TOTALS - SALES, MEASURED IN $","CROP TOTALS - SALES, MEASURED IN $",TOTAL,NOT SPECIFIED,$,1247000,1247000,FALSE,NASS Table 1,crop_totals_sales_usd,NA
AG CENSUS AREA,AK,010,Aleutian Islands Area,1997,24,"ANIMAL TOTALS, INCL PRODUCTS - SALES, MEASURED IN $","ANIMAL TOTALS, INCL PRODUCTS - SALES, MEASURED IN $",TOTAL,NOT SPECIFIED,$,NA,NA,FALSE,NASS Table 1,animal_totals_incl_products_sales_usd,NA
AG CENSUS AREA,AK,010,Aleutian Islands Area,2002,24,"ANIMAL TOTALS, INCL PRODUCTS - SALES, MEASURED IN $","ANIMAL TOTALS, INCL PRODUCTS - SALES, MEASURED IN $",TOTAL,NOT SPECIFIED,$,NA,NA,FALSE,NASS Table 1,animal_totals_incl_products_sales_usd,NA
AG CENSUS AREA,AK,010,Aleutian Islands Area,2007,24,"ANIMAL TOTALS, INCL PRODUCTS - SALES, MEASURED IN $","ANIMAL TOTALS, INCL PRODUCTS - SALES, MEASURED IN $",TOTAL,NOT SPECIFIED,$,NA,NA,FALSE,NASS Table 1,animal_totals_incl_products_sales_usd,NA
AG CENSUS AREA,AK,010,Aleutian Islands Area,2012,24,"ANIMAL TOTALS, INCL PRODUCTS - SALES, MEASURED IN $","ANIMAL TOTALS, INCL PRODUCTS - SALES, MEASURED IN $",TOTAL,NOT SPECIFIED,$,NA,NA,FALSE,NASS Table 1,animal_totals_incl_products_sales_usd,NA
AG CENSUS AREA,AK,010,Aleutian Islands Area,2017,24,"ANIMAL TOTALS, INCL PRODUCTS - SALES, MEASURED IN $","ANIMAL TOTALS, INCL PRODUCTS - SALES, MEASURED IN $",TOTAL,NOT SPECIFIED,$,2589000,2589000,FALSE,NASS Table 1,animal_totals_incl_products_sales_usd,NA
AG CENSUS AREA,AK,010,Aleutian Islands Area,2022,24,"ANIMAL TOTALS, INCL PRODUCTS - SALES, MEASURED IN $","ANIMAL TOTALS, INCL PRODUCTS - SALES, MEASURED IN $",TOTAL,NOT SPECIFIED,$,3104000,3104000,FALSE,NASS Table 1,animal_totals_incl_products_sales_usd,NA
AG CENSUS AREA,AK,010,Aleutian Islands Area,2002,25,"COMMODITY TOTALS - OPERATIONS WITH SALES | FARM SALES: (LESS THAN 2,500 $)",COMMODITY TOTALS - OPERATIONS WITH SALES,FARM SALES,"FARM SALES: (LESS THAN 2,500 $)",OPERATIONS,18,18,FALSE,NASS Table 1,commodity_totals_operations_with_sales_farm_sales_less_than_2_500_usd,NA
AG CENSUS AREA,AK,010,Aleutian Islands Area,2007,25,"COMMODITY TOTALS - OPERATIONS WITH SALES | FARM SALES: (LESS THAN 2,500 $)",COMMODITY TOTALS - OPERATIONS WITH SALES,FARM SALES,"FARM SALES: (LESS THAN 2,500 $)",OPERATIONS,14,14,FALSE,NASS Table 1,commodity_totals_operations_with_sales_farm_sales_less_than_2_500_usd,NA
AG CENSUS AREA,AK,010,Aleutian Islands Area,2012,25,"COMMODITY TOTALS - OPERATIONS WITH SALES | FARM SALES: (LESS THAN 2,500 $)",COMMODITY TOTALS - OPERATIONS WITH SALES,FARM SALES,"FARM SALES: (LESS THAN 2,500 $)",OPERATIONS,11,11,FALSE,NASS Table 1,commodity_totals_operations_with_sales_farm_sales_less_than_2_500_usd,NA
AG CENSUS AREA,AK,010,Aleutian Islands Area,2017,25,"COMMODITY TOTALS - OPERATIONS WITH SALES | FARM SALES: (LESS THAN 2,500 $)",COMMODITY TOTALS - OPERATIONS WITH SALES,FARM SALES,"FARM SALES: (LESS THAN 2,500 $)",OPERATIONS,9,9,FALSE,NASS Table 1,commodity_totals_operations_with_sales_farm_sales_less_than_2_500_usd,NA
AG CENSUS AREA,AK,010,Aleutian Islands Area,2022,25,"COMMODITY TOTALS - OPERATIONS WITH SALES | FARM SALES: (LESS THAN 2,500 $)",COMMODITY TOTALS - OPERATIONS WITH SALES,FARM SALES,"FARM SALES: (LESS THAN 2,500 $)",OPERATIONS,14,14,FALSE,NASS Table 1,commodity_totals_operations_with_sales_farm_sales_less_than_2_500_usd,NA
AG CENSUS AREA,AK,010,Aleutian Islands Area,1997,26,"COMMODITY TOTALS - OPERATIONS WITH SALES | FARM SALES: (2,500 TO 4,999 $)",COMMODITY TOTALS - OPERATIONS WITH SALES,FARM SALES,"FARM SALES: (2,500 TO 4,999 $)",OPERATIONS,2,2,FALSE,NASS Table 1,commodity_totals_operations_with_sales_farm_sales_2_500_to_4_999_usd,NA
AG CENSUS AREA,AK,010,Aleutian Islands Area,2002,26,"COMMODITY TOTALS - OPERATIONS WITH SALES | FARM SALES: (2,500 TO 4,999 $)",COMMODITY TOTALS - OPERATIONS WITH SALES,FARM SALES,"FARM SALES: (2,500 TO 4,999 $)",OPERATIONS,4,4,FALSE,NASS Table 1,commodity_totals_operations_with_sales_farm_sales_2_500_to_4_999_usd,NA
AG CENSUS AREA,AK,010,Aleutian Islands Area,2007,26,"COMMODITY TOTALS - OPERATIONS WITH SALES | FARM SALES: (2,500 TO 4,999 $)",COMMODITY TOTALS - OPERATIONS WITH SALES,FARM SALES,"FARM SALES: (2,500 TO 4,999 $)",OPERATIONS,6,6,FALSE,NASS Table 1,commodity_totals_operations_with_sales_farm_sales_2_500_to_4_999_usd,NA
AG CENSUS AREA,AK,010,Aleutian Islands Area,2012,26,"COMMODITY TOTALS - OPERATIONS WITH SALES | FARM SALES: (2,500 TO 4,999 $)",COMMODITY TOTALS - OPERATIONS WITH SALES,FARM SALES,"FARM SALES: (2,500 TO 4,999 $)",OPERATIONS,5,5,FALSE,NASS Table 1,commodity_totals_operations_with_sales_farm_sales_2_500_to_4_999_usd,NA
AG CENSUS AREA,AK,010,Aleutian Islands Area,2017,26,"COMMODITY TOTALS - OPERATIONS WITH SALES | FARM SALES: (2,500 TO 4,999 $)",COMMODITY TOTALS - OPERATIONS WITH SALES,FARM SALES,"FARM SALES: (2,500 TO 4,999 $)",OPERATIONS,7,7,FALSE,NASS Table 1,commodity_totals_operations_with_sales_farm_sales_2_500_to_4_999_usd,NA
AG CENSUS AREA,AK,010,Aleutian Islands Area,2022,26,"COMMODITY TOTALS - OPERATIONS WITH SALES | FARM SALES: (2,500 TO 4,999 $)",COMMODITY TOTALS - OPERATIONS WITH SALES,FARM SALES,"FARM SALES: (2,500 TO 4,999 $)",OPERATIONS,2,2,FALSE,NASS Table 1,commodity_totals_operations_with_sales_farm_sales_2_500_to_4_999_usd,NA
AG CENSUS AREA,AK,010,Aleutian Islands Area,1997,27,"COMMODITY TOTALS - OPERATIONS WITH SALES | FARM SALES: (5,000 TO 9,999 $)",COMMODITY TOTALS - OPERATIONS WITH SALES,FARM SALES,"FARM SALES: (5,000 TO 9,999 $)",OPERATIONS,1,1,FALSE,NASS Table 1,commodity_totals_operations_with_sales_farm_sales_5_000_to_9_999_usd,NA
AG CENSUS AREA,AK,010,Aleutian Islands Area,2002,27,"COMMODITY TOTALS - OPERATIONS WITH SALES | FARM SALES: (5,000 TO 9,999 $)",COMMODITY TOTALS - OPERATIONS WITH SALES,FARM SALES,"FARM SALES: (5,000 TO 9,999 $)",OPERATIONS,4,4,FALSE,NASS Table 1,commodity_totals_operations_with_sales_farm_sales_5_000_to_9_999_usd,NA
AG CENSUS AREA,AK,010,Aleutian Islands Area,2007,27,"COMMODITY TOTALS - OPERATIONS WITH SALES | FARM SALES: (5,000 TO 9,999 $)",COMMODITY TOTALS - OPERATIONS WITH SALES,FARM SALES,"FARM SALES: (5,000 TO 9,999 $)",OPERATIONS,4,4,FALSE,NASS Table 1,commodity_totals_operations_with_sales_farm_sales_5_000_to_9_999_usd,NA
AG CENSUS AREA,AK,010,Aleutian Islands Area,2012,27,"COMMODITY TOTALS - OPERATIONS WITH SALES | FARM SALES: (5,000 TO 9,999 $)",COMMODITY TOTALS - OPERATIONS WITH SALES,FARM SALES,"FARM SALES: (5,000 TO 9,999 $)",OPERATIONS,5,5,FALSE,NASS Table 1,commodity_totals_operations_with_sales_farm_sales_5_000_to_9_999_usd,NA
AG CENSUS AREA,AK,010,Aleutian Islands Area,2017,27,"COMMODITY TOTALS - OPERATIONS WITH SALES | FARM SALES: (5,000 TO 9,999 $)",COMMODITY TOTALS - OPERATIONS WITH SALES,FARM SALES,"FARM SALES: (5,000 TO 9,999 $)",OPERATIONS,5,5,FALSE,NASS Table 1,commodity_totals_operations_with_sales_farm_sales_5_000_to_9_999_usd,NA
AG CENSUS AREA,AK,010,Aleutian Islands Area,2022,27,"COMMODITY TOTALS - OPERATIONS WITH SALES | FARM SALES: (5,000 TO 9,999 $)",COMMODITY TOTALS - OPERATIONS WITH SALES,FARM SALES,"FARM SALES: (5,000 TO 9,999 $)",OPERATIONS,14,14,FALSE,NASS Table 1,commodity_totals_operations_with_sales_farm_sales_5_000_to_9_999_usd,NA
AG CENSUS AREA,AK,010,Aleutian Islands Area,2002,28,"COMMODITY TOTALS - OPERATIONS WITH SALES | FARM SALES: (10,000 TO 24,999 $)",COMMODITY TOTALS - OPERATIONS WITH SALES,FARM SALES,"FARM SALES: (10,000 TO 24,999 $)",OPERATIONS,6,6,FALSE,NASS Table 1,commodity_totals_operations_with_sales_farm_sales_10_000_to_24_999_usd,NA
AG CENSUS AREA,AK,010,Aleutian Islands Area,2007,28,"COMMODITY TOTALS - OPERATIONS WITH SALES | FARM SALES: (10,000 TO 24,999 $)",COMMODITY TOTALS - OPERATIONS WITH SALES,FARM SALES,"FARM SALES: (10,000 TO 24,999 $)",OPERATIONS,4,4,FALSE,NASS Table 1,commodity_totals_operations_with_sales_farm_sales_10_000_to_24_999_usd,NA
AG CENSUS AREA,AK,010,Aleutian Islands Area,2012,28,"COMMODITY TOTALS - OPERATIONS WITH SALES | FARM SALES: (10,000 TO 24,999 $)",COMMODITY TOTALS - OPERATIONS WITH SALES,FARM SALES,"FARM SALES: (10,000 TO 24,999 $)",OPERATIONS,10,10,FALSE,NASS Table 1,commodity_totals_operations_with_sales_farm_sales_10_000_to_24_999_usd,NA
AG CENSUS AREA,AK,010,Aleutian Islands Area,2017,28,"COMMODITY TOTALS - OPERATIONS WITH SALES | FARM SALES: (10,000 TO 24,999 $)",COMMODITY TOTALS - OPERATIONS WITH SALES,FARM SALES,"FARM SALES: (10,000 TO 24,999 $)",OPERATIONS,16,16,FALSE,NASS Table 1,commodity_totals_operations_with_sales_farm_sales_10_000_to_24_999_usd,NA
AG CENSUS AREA,AK,010,Aleutian Islands Area,2022,28,"COMMODITY TOTALS - OPERATIONS WITH SALES | FARM SALES: (10,000 TO 24,999 $)",COMMODITY TOTALS - OPERATIONS WITH SALES,FARM SALES,"FARM SALES: (10,000 TO 24,999 $)",OPERATIONS,16,16,FALSE,NASS Table 1,commodity_totals_operations_with_sales_farm_sales_10_000_to_24_999_usd,NA
AG CENSUS AREA,AK,010,Aleutian Islands Area,2002,29,"COMMODITY TOTALS - OPERATIONS WITH SALES | FARM SALES: (25,000 TO 49,999 $)",COMMODITY TOTALS - OPERATIONS WITH SALES,FARM SALES,"FARM SALES: (25,000 TO 49,999 $)",OPERATIONS,2,2,FALSE,NASS Table 1,commodity_totals_operations_with_sales_farm_sales_25_000_to_49_999_usd,NA
AG CENSUS AREA,AK,010,Aleutian Islands Area,2007,29,"COMMODITY TOTALS - OPERATIONS WITH SALES | FARM SALES: (25,000 TO 49,999 $)",COMMODITY TOTALS - OPERATIONS WITH SALES,FARM SALES,"FARM SALES: (25,000 TO 49,999 $)",OPERATIONS,2,2,FALSE,NASS Table 1,commodity_totals_operations_with_sales_farm_sales_25_000_to_49_999_usd,NA
AG CENSUS AREA,AK,010,Aleutian Islands Area,2012,29,"COMMODITY TOTALS - OPERATIONS WITH SALES | FARM SALES: (25,000 TO 49,999 $)",COMMODITY TOTALS - OPERATIONS WITH SALES,FARM SALES,"FARM SALES: (25,000 TO 49,999 $)",OPERATIONS,5,5,FALSE,NASS Table 1,commodity_totals_operations_with_sales_farm_sales_25_000_to_49_999_usd,NA
AG CENSUS AREA,AK,010,Aleutian Islands Area,2022,29,"COMMODITY TOTALS - OPERATIONS WITH SALES | FARM SALES: (25,000 TO 49,999 $)",COMMODITY TOTALS - OPERATIONS WITH SALES,FARM SALES,"FARM SALES: (25,000 TO 49,999 $)",OPERATIONS,5,5,FALSE,NASS Table 1,commodity_totals_operations_with_sales_farm_sales_25_000_to_49_999_usd,NA
AG CENSUS AREA,AK,010,Aleutian Islands Area,1997,30,"COMMODITY TOTALS - OPERATIONS WITH SALES | FARM SALES: (50,000 TO 99,999 $)",COMMODITY TOTALS - OPERATIONS WITH SALES,FARM SALES,"FARM SALES: (50,000 TO 99,999 $)",OPERATIONS,2,2,FALSE,NASS Table 1,commodity_totals_operations_with_sales_farm_sales_50_000_to_99_999_usd,NA
AG CENSUS AREA,AK,010,Aleutian Islands Area,2002,30,"COMMODITY TOTALS - OPERATIONS WITH SALES | FARM SALES: (50,000 TO 99,999 $)",COMMODITY TOTALS - OPERATIONS WITH SALES,FARM SALES,"FARM SALES: (50,000 TO 99,999 $)",OPERATIONS,1,1,FALSE,NASS Table 1,commodity_totals_operations_with_sales_farm_sales_50_000_to_99_999_usd,NA
AG CENSUS AREA,AK,010,Aleutian Islands Area,2007,30,"COMMODITY TOTALS - OPERATIONS WITH SALES | FARM SALES: (50,000 TO 99,999 $)",COMMODITY TOTALS - OPERATIONS WITH SALES,FARM SALES,"FARM SALES: (50,000 TO 99,999 $)",OPERATIONS,2,2,FALSE,NASS Table 1,commodity_totals_operations_with_sales_farm_sales_50_000_to_99_999_usd,NA
AG CENSUS AREA,AK,010,Aleutian Islands Area,2012,30,"COMMODITY TOTALS - OPERATIONS WITH SALES | FARM SALES: (50,000 TO 99,999 $)",COMMODITY TOTALS - OPERATIONS WITH SALES,FARM SALES,"FARM SALES: (50,000 TO 99,999 $)",OPERATIONS,1,1,FALSE,NASS Table 1,commodity_totals_operations_with_sales_farm_sales_50_000_to_99_999_usd,NA
AG CENSUS AREA,AK,010,Aleutian Islands Area,2017,30,"COMMODITY TOTALS - OPERATIONS WITH SALES | FARM SALES: (50,000 TO 99,999 $)",COMMODITY TOTALS - OPERATIONS WITH SALES,FARM SALES,"FARM SALES: (50,000 TO 99,999 $)",OPERATIONS,5,5,FALSE,NASS Table 1,commodity_totals_operations_with_sales_farm_sales_50_000_to_99_999_usd,NA
AG CENSUS AREA,AK,010,Aleutian Islands Area,2022,30,"COMMODITY TOTALS - OPERATIONS WITH SALES | FARM SALES: (50,000 TO 99,999 $)",COMMODITY TOTALS - OPERATIONS WITH SALES,FARM SALES,"FARM SALES: (50,000 TO 99,999 $)",OPERATIONS,6,6,FALSE,NASS Table 1,commodity_totals_operations_with_sales_farm_sales_50_000_to_99_999_usd,NA
AG CENSUS AREA,AK,010,Aleutian Islands Area,2002,31,"COMMODITY TOTALS - OPERATIONS WITH SALES | FARM SALES: (100,000 OR MORE $)",COMMODITY TOTALS - OPERATIONS WITH SALES,FARM SALES,"FARM SALES: (100,000 OR MORE $)",OPERATIONS,1,1,FALSE,NASS Table 1,commodity_totals_operations_with_sales_farm_sales_100_000_or_more_usd,NA
AG CENSUS AREA,AK,010,Aleutian Islands Area,2007,31,"COMMODITY TOTALS - OPERATIONS WITH SALES | FARM SALES: (100,000 OR MORE $)",COMMODITY TOTALS - OPERATIONS WITH SALES,FARM SALES,"FARM SALES: (100,000 OR MORE $)",OPERATIONS,3,3,FALSE,NASS Table 1,commodity_totals_operations_with_sales_farm_sales_100_000_or_more_usd,NA
AG CENSUS AREA,AK,010,Aleutian Islands Area,2012,31,"COMMODITY TOTALS - OPERATIONS WITH SALES | FARM SALES: (100,000 OR MORE $)",COMMODITY TOTALS - OPERATIONS WITH SALES,FARM SALES,"FARM SALES: (100,000 OR MORE $)",OPERATIONS,3,3,FALSE,NASS Table 1,commodity_totals_operations_with_sales_farm_sales_100_000_or_more_usd,NA
AG CENSUS AREA,AK,010,Aleutian Islands Area,2017,31,"COMMODITY TOTALS - OPERATIONS WITH SALES | FARM SALES: (100,000 OR MORE $)",COMMODITY TOTALS - OPERATIONS WITH SALES,FARM SALES,"FARM SALES: (100,000 OR MORE $)",OPERATIONS,4,4,FALSE,NASS Table 1,commodity_totals_operations_with_sales_farm_sales_100_000_or_more_usd,NA
AG CENSUS AREA,AK,010,Aleutian Islands Area,2022,31,"COMMODITY TOTALS - OPERATIONS WITH SALES | FARM SALES: (100,000 OR MORE $)",COMMODITY TOTALS - OPERATIONS WITH SALES,FARM SALES,"FARM SALES: (100,000 OR MORE $)",OPERATIONS,9,9,FALSE,NASS Table 1,commodity_totals_operations_with_sales_farm_sales_100_000_or_more_usd,NA
AG CENSUS AREA,AK,010,Aleutian Islands Area,1997,32,"GOVT PROGRAMS, FEDERAL - OPERATIONS WITH RECEIPTS","GOVT PROGRAMS, FEDERAL - OPERATIONS WITH RECEIPTS",TOTAL,NOT SPECIFIED,OPERATIONS,8,8,FALSE,NASS Table 1,govt_programs_federal_operations_with_receipts,NA
AG CENSUS AREA,AK,010,Aleutian Islands Area,2002,32,"GOVT PROGRAMS, FEDERAL - OPERATIONS WITH RECEIPTS","GOVT PROGRAMS, FEDERAL - OPERATIONS WITH RECEIPTS",TOTAL,NOT SPECIFIED,OPERATIONS,2,2,FALSE,NASS Table 1,govt_programs_federal_operations_with_receipts,NA
AG CENSUS AREA,AK,010,Aleutian Islands Area,2007,32,"GOVT PROGRAMS, FEDERAL - OPERATIONS WITH RECEIPTS","GOVT PROGRAMS, FEDERAL - OPERATIONS WITH RECEIPTS",TOTAL,NOT SPECIFIED,OPERATIONS,3,3,FALSE,NASS Table 1,govt_programs_federal_operations_with_receipts,NA
AG CENSUS AREA,AK,010,Aleutian Islands Area,2012,32,"GOVT PROGRAMS, FEDERAL - OPERATIONS WITH RECEIPTS","GOVT PROGRAMS, FEDERAL - OPERATIONS WITH RECEIPTS",TOTAL,NOT SPECIFIED,OPERATIONS,16,16,FALSE,NASS Table 1,govt_programs_federal_operations_with_receipts,NA
AG CENSUS AREA,AK,010,Aleutian Islands Area,2017,32,"GOVT PROGRAMS, FEDERAL - OPERATIONS WITH RECEIPTS","GOVT PROGRAMS, FEDERAL - OPERATIONS WITH RECEIPTS",TOTAL,NOT SPECIFIED,OPERATIONS,13,13,FALSE,NASS Table 1,govt_programs_federal_operations_with_receipts,NA
AG CENSUS AREA,AK,010,Aleutian Islands Area,2022,32,"GOVT PROGRAMS, FEDERAL - OPERATIONS WITH RECEIPTS","GOVT PROGRAMS, FEDERAL - OPERATIONS WITH RECEIPTS",TOTAL,NOT SPECIFIED,OPERATIONS,10,10,FALSE,NASS Table 1,govt_programs_federal_operations_with_receipts,NA
AG CENSUS AREA,AK,010,Aleutian Islands Area,1997,33,"GOVT PROGRAMS, FEDERAL - RECEIPTS, MEASURED IN $","GOVT PROGRAMS, FEDERAL - RECEIPTS, MEASURED IN $",TOTAL,NOT SPECIFIED,$,NA,NA,FALSE,NASS Table 1,govt_programs_federal_receipts_usd,NA
AG CENSUS AREA,AK,010,Aleutian Islands Area,2002,33,"GOVT PROGRAMS, FEDERAL - RECEIPTS, MEASURED IN $","GOVT PROGRAMS, FEDERAL - RECEIPTS, MEASURED IN $",TOTAL,NOT SPECIFIED,$,NA,NA,FALSE,NASS Table 1,govt_programs_federal_receipts_usd,NA
AG CENSUS AREA,AK,010,Aleutian Islands Area,2007,33,"GOVT PROGRAMS, FEDERAL - RECEIPTS, MEASURED IN $","GOVT PROGRAMS, FEDERAL - RECEIPTS, MEASURED IN $",TOTAL,NOT SPECIFIED,$,140000,140000,FALSE,NASS Table 1,govt_programs_federal_receipts_usd,NA
AG CENSUS AREA,AK,010,Aleutian Islands Area,2012,33,"GOVT PROGRAMS, FEDERAL - RECEIPTS, MEASURED IN $","GOVT PROGRAMS, FEDERAL - RECEIPTS, MEASURED IN $",TOTAL,NOT SPECIFIED,$,346000,346000,FALSE,NASS Table 1,govt_programs_federal_receipts_usd,NA
AG CENSUS AREA,AK,010,Aleutian Islands Area,2017,33,"GOVT PROGRAMS, FEDERAL - RECEIPTS, MEASURED IN $","GOVT PROGRAMS, FEDERAL - RECEIPTS, MEASURED IN $",TOTAL,NOT SPECIFIED,$,193000,193000,FALSE,NASS Table 1,govt_programs_federal_receipts_usd,NA
AG CENSUS AREA,AK,010,Aleutian Islands Area,2022,33,"GOVT PROGRAMS, FEDERAL - RECEIPTS, MEASURED IN $","GOVT PROGRAMS, FEDERAL - RECEIPTS, MEASURED IN $",TOTAL,NOT SPECIFIED,$,176000,176000,FALSE,NASS Table 1,govt_programs_federal_receipts_usd,NA
AG CENSUS AREA,AK,010,Aleutian Islands Area,1997,34,"INCOME, FARM-RELATED - OPERATIONS WITH RECEIPTS","INCOME, FARM-RELATED - OPERATIONS WITH RECEIPTS",TOTAL,NOT SPECIFIED,OPERATIONS,4,4,FALSE,NASS Table 1,income_farm_related_operations_with_receipts,NA
AG CENSUS AREA,AK,010,Aleutian Islands Area,2002,34,"INCOME, FARM-RELATED - OPERATIONS WITH RECEIPTS","INCOME, FARM-RELATED - OPERATIONS WITH RECEIPTS",TOTAL,NOT SPECIFIED,OPERATIONS,3,3,FALSE,NASS Table 1,income_farm_related_operations_with_receipts,NA
AG CENSUS AREA,AK,010,Aleutian Islands Area,2007,34,"INCOME, FARM-RELATED - OPERATIONS WITH RECEIPTS","INCOME, FARM-RELATED - OPERATIONS WITH RECEIPTS",TOTAL,NOT SPECIFIED,OPERATIONS,4,4,FALSE,NASS Table 1,income_farm_related_operations_with_receipts,NA
AG CENSUS AREA,AK,010,Aleutian Islands Area,2012,34,"INCOME, FARM-RELATED - OPERATIONS WITH RECEIPTS","INCOME, FARM-RELATED - OPERATIONS WITH RECEIPTS",TOTAL,NOT SPECIFIED,OPERATIONS,4,4,FALSE,NASS Table 1,income_farm_related_operations_with_receipts,NA
AG CENSUS AREA,AK,010,Aleutian Islands Area,2017,34,"INCOME, FARM-RELATED - OPERATIONS WITH RECEIPTS","INCOME, FARM-RELATED - OPERATIONS WITH RECEIPTS",TOTAL,NOT SPECIFIED,OPERATIONS,9,9,FALSE,NASS Table 1,income_farm_related_operations_with_receipts,NA
AG CENSUS AREA,AK,010,Aleutian Islands Area,2022,34,"INCOME, FARM-RELATED - OPERATIONS WITH RECEIPTS","INCOME, FARM-RELATED - OPERATIONS WITH RECEIPTS",TOTAL,NOT SPECIFIED,OPERATIONS,11,11,FALSE,NASS Table 1,income_farm_related_operations_with_receipts,NA
AG CENSUS AREA,AK,010,Aleutian Islands Area,1997,35,"INCOME, FARM-RELATED - RECEIPTS, MEASURED IN $","INCOME, FARM-RELATED - RECEIPTS, MEASURED IN $",TOTAL,NOT SPECIFIED,$,NA,NA,FALSE,NASS Table 1,income_farm_related_receipts_usd,NA
AG CENSUS AREA,AK,010,Aleutian Islands Area,2002,35,"INCOME, FARM-RELATED - RECEIPTS, MEASURED IN $","INCOME, FARM-RELATED - RECEIPTS, MEASURED IN $",TOTAL,NOT SPECIFIED,$,101000,101000,FALSE,NASS Table 1,income_farm_related_receipts_usd,NA
AG CENSUS AREA,AK,010,Aleutian Islands Area,2007,35,"INCOME, FARM-RELATED - RECEIPTS, MEASURED IN $","INCOME, FARM-RELATED - RECEIPTS, MEASURED IN $",TOTAL,NOT SPECIFIED,$,NA,NA,FALSE,NASS Table 1,income_farm_related_receipts_usd,NA
AG CENSUS AREA,AK,010,Aleutian Islands Area,2012,35,"INCOME, FARM-RELATED - RECEIPTS, MEASURED IN $","INCOME, FARM-RELATED - RECEIPTS, MEASURED IN $",TOTAL,NOT SPECIFIED,$,NA,NA,FALSE,NASS Table 1,income_farm_related_receipts_usd,NA
AG CENSUS AREA,AK,010,Aleutian Islands Area,2017,35,"INCOME, FARM-RELATED - RECEIPTS, MEASURED IN $","INCOME, FARM-RELATED - RECEIPTS, MEASURED IN $",TOTAL,NOT SPECIFIED,$,184000,184000,FALSE,NASS Table 1,income_farm_related_receipts_usd,NA
AG CENSUS AREA,AK,010,Aleutian Islands Area,2022,35,"INCOME, FARM-RELATED - RECEIPTS, MEASURED IN $","INCOME, FARM-RELATED - RECEIPTS, MEASURED IN $",TOTAL,NOT SPECIFIED,$,62000,62000,FALSE,NASS Table 1,income_farm_related_receipts_usd,NA
AG CENSUS AREA,AK,010,Aleutian Islands Area,1997,36,"EXPENSE TOTALS, OPERATING - EXPENSE, MEASURED IN $","EXPENSE TOTALS, OPERATING - EXPENSE, MEASURED IN $",TOTAL,NOT SPECIFIED,$,935000,935000,FALSE,NASS Table 1,expense_totals_operating_expense_usd,NA
AG CENSUS AREA,AK,010,Aleutian Islands Area,2002,36,"EXPENSE TOTALS, OPERATING - EXPENSE, MEASURED IN $","EXPENSE TOTALS, OPERATING - EXPENSE, MEASURED IN $",TOTAL,NOT SPECIFIED,$,1107000,1107000,FALSE,NASS Table 1,expense_totals_operating_expense_usd,NA
AG CENSUS AREA,AK,010,Aleutian Islands Area,2007,36,"EXPENSE TOTALS, OPERATING - EXPENSE, MEASURED IN $","EXPENSE TOTALS, OPERATING - EXPENSE, MEASURED IN $",TOTAL,NOT SPECIFIED,$,2043000,2043000,FALSE,NASS Table 1,expense_totals_operating_expense_usd,NA
AG CENSUS AREA,AK,010,Aleutian Islands Area,2012,36,"EXPENSE TOTALS, OPERATING - EXPENSE, MEASURED IN $","EXPENSE TOTALS, OPERATING - EXPENSE, MEASURED IN $",TOTAL,NOT SPECIFIED,$,2404000,2404000,FALSE,NASS Table 1,expense_totals_operating_expense_usd,NA
AG CENSUS AREA,AK,010,Aleutian Islands Area,2017,36,"EXPENSE TOTALS, OPERATING - EXPENSE, MEASURED IN $","EXPENSE TOTALS, OPERATING - EXPENSE, MEASURED IN $",TOTAL,NOT SPECIFIED,$,2665000,2665000,FALSE,NASS Table 1,expense_totals_operating_expense_usd,NA
AG CENSUS AREA,AK,010,Aleutian Islands Area,2022,36,"EXPENSE TOTALS, OPERATING - EXPENSE, MEASURED IN $","EXPENSE TOTALS, OPERATING - EXPENSE, MEASURED IN $",TOTAL,NOT SPECIFIED,$,4391000,4391000,FALSE,NASS Table 1,expense_totals_operating_expense_usd,NA
AG CENSUS AREA,AK,010,Aleutian Islands Area,1997,37,"EXPENSE TOTALS, OPERATING - EXPENSE, MEASURED IN $ / OPERATION","EXPENSE TOTALS, OPERATING - EXPENSE, MEASURED IN $ / OPERATION",TOTAL,NOT SPECIFIED,$ / OPERATION,25964,25964,FALSE,NASS Table 1,expense_totals_operating_expense_usd_per_operation,NA
AG CENSUS AREA,AK,010,Aleutian Islands Area,2002,37,"EXPENSE TOTALS, OPERATING - EXPENSE, MEASURED IN $ / OPERATION","EXPENSE TOTALS, OPERATING - EXPENSE, MEASURED IN $ / OPERATION",TOTAL,NOT SPECIFIED,$ / OPERATION,30743,30743,FALSE,NASS Table 1,expense_totals_operating_expense_usd_per_operation,NA
AG CENSUS AREA,AK,010,Aleutian Islands Area,2007,37,"EXPENSE TOTALS, OPERATING - EXPENSE, MEASURED IN $ / OPERATION","EXPENSE TOTALS, OPERATING - EXPENSE, MEASURED IN $ / OPERATION",TOTAL,NOT SPECIFIED,$ / OPERATION,58372,58372,FALSE,NASS Table 1,expense_totals_operating_expense_usd_per_operation,NA
AG CENSUS AREA,AK,010,Aleutian Islands Area,2012,37,"EXPENSE TOTALS, OPERATING - EXPENSE, MEASURED IN $ / OPERATION","EXPENSE TOTALS, OPERATING - EXPENSE, MEASURED IN $ / OPERATION",TOTAL,NOT SPECIFIED,$ / OPERATION,60111,60111,FALSE,NASS Table 1,expense_totals_operating_expense_usd_per_operation,NA
AG CENSUS AREA,AK,010,Aleutian Islands Area,2017,37,"EXPENSE TOTALS, OPERATING - EXPENSE, MEASURED IN $ / OPERATION","EXPENSE TOTALS, OPERATING - EXPENSE, MEASURED IN $ / OPERATION",TOTAL,NOT SPECIFIED,$ / OPERATION,57944,57944,FALSE,NASS Table 1,expense_totals_operating_expense_usd_per_operation,NA
AG CENSUS AREA,AK,010,Aleutian Islands Area,2022,37,"EXPENSE TOTALS, OPERATING - EXPENSE, MEASURED IN $ / OPERATION","EXPENSE TOTALS, OPERATING - EXPENSE, MEASURED IN $ / OPERATION",TOTAL,NOT SPECIFIED,$ / OPERATION,66524,66524,FALSE,NASS Table 1,expense_totals_operating_expense_usd_per_operation,NA
AG CENSUS AREA,AK,010,Aleutian Islands Area,2002,38,"INCOME, NET CASH FARM, OF OPERATIONS - OPERATIONS WITH NET INCOME","INCOME, NET CASH FARM, OF OPERATIONS - OPERATIONS WITH NET INCOME",TOTAL,NOT SPECIFIED,OPERATIONS,36,36,FALSE,NASS Table 1,income_net_cash_farm_of_operations_operations_with_net_income,NA
AG CENSUS AREA,AK,010,Aleutian Islands Area,2007,38,"INCOME, NET CASH FARM, OF OPERATIONS - OPERATIONS WITH NET INCOME","INCOME, NET CASH FARM, OF OPERATIONS - OPERATIONS WITH NET INCOME",TOTAL,NOT SPECIFIED,OPERATIONS,35,35,FALSE,NASS Table 1,income_net_cash_farm_of_operations_operations_with_net_income,NA
AG CENSUS AREA,AK,010,Aleutian Islands Area,2012,38,"INCOME, NET CASH FARM, OF OPERATIONS - OPERATIONS WITH NET INCOME","INCOME, NET CASH FARM, OF OPERATIONS - OPERATIONS WITH NET INCOME",TOTAL,NOT SPECIFIED,OPERATIONS,40,40,FALSE,NASS Table 1,income_net_cash_farm_of_operations_operations_with_net_income,NA
AG CENSUS AREA,AK,010,Aleutian Islands Area,2017,38,"INCOME, NET CASH FARM, OF OPERATIONS - OPERATIONS WITH NET INCOME","INCOME, NET CASH FARM, OF OPERATIONS - OPERATIONS WITH NET INCOME",TOTAL,NOT SPECIFIED,OPERATIONS,46,46,FALSE,NASS Table 1,income_net_cash_farm_of_operations_operations_with_net_income,NA
AG CENSUS AREA,AK,010,Aleutian Islands Area,2022,38,"INCOME, NET CASH FARM, OF OPERATIONS - OPERATIONS WITH NET INCOME","INCOME, NET CASH FARM, OF OPERATIONS - OPERATIONS WITH NET INCOME",TOTAL,NOT SPECIFIED,OPERATIONS,66,66,FALSE,NASS Table 1,income_net_cash_farm_of_operations_operations_with_net_income,NA
AG CENSUS AREA,AK,010,Aleutian Islands Area,2002,39,"INCOME, NET CASH FARM, OF OPERATIONS - NET INCOME, MEASURED IN $","INCOME, NET CASH FARM, OF OPERATIONS - NET INCOME, MEASURED IN $",TOTAL,NOT SPECIFIED,$,-628000,-628000,FALSE,NASS Table 1,income_net_cash_farm_of_operations_net_income_usd,NA
AG CENSUS AREA,AK,010,Aleutian Islands Area,2007,39,"INCOME, NET CASH FARM, OF OPERATIONS - NET INCOME, MEASURED IN $","INCOME, NET CASH FARM, OF OPERATIONS - NET INCOME, MEASURED IN $",TOTAL,NOT SPECIFIED,$,1548000,1548000,FALSE,NASS Table 1,income_net_cash_farm_of_operations_net_income_usd,NA
AG CENSUS AREA,AK,010,Aleutian Islands Area,2012,39,"INCOME, NET CASH FARM, OF OPERATIONS - NET INCOME, MEASURED IN $","INCOME, NET CASH FARM, OF OPERATIONS - NET INCOME, MEASURED IN $",TOTAL,NOT SPECIFIED,$,1890000,1890000,FALSE,NASS Table 1,income_net_cash_farm_of_operations_net_income_usd,NA
AG CENSUS AREA,AK,010,Aleutian Islands Area,2017,39,"INCOME, NET CASH FARM, OF OPERATIONS - NET INCOME, MEASURED IN $","INCOME, NET CASH FARM, OF OPERATIONS - NET INCOME, MEASURED IN $",TOTAL,NOT SPECIFIED,$,691000,691000,FALSE,NASS Table 1,income_net_cash_farm_of_operations_net_income_usd,NA
AG CENSUS AREA,AK,010,Aleutian Islands Area,2022,39,"INCOME, NET CASH FARM, OF OPERATIONS - NET INCOME, MEASURED IN $","INCOME, NET CASH FARM, OF OPERATIONS - NET INCOME, MEASURED IN $",TOTAL,NOT SPECIFIED,$,197000,197000,FALSE,NASS Table 1,income_net_cash_farm_of_operations_net_income_usd,NA
AG CENSUS AREA,AK,010,Aleutian Islands Area,2002,40,"INCOME, NET CASH FARM, OF OPERATIONS - NET INCOME, MEASURED IN $ / OPERATION","INCOME, NET CASH FARM, OF OPERATIONS - NET INCOME, MEASURED IN $ / OPERATION",TOTAL,NOT SPECIFIED,$ / OPERATION,-17433,-17433,FALSE,NASS Table 1,income_net_cash_farm_of_operations_net_income_usd_per_operation,NA
AG CENSUS AREA,AK,010,Aleutian Islands Area,2007,40,"INCOME, NET CASH FARM, OF OPERATIONS - NET INCOME, MEASURED IN $ / OPERATION","INCOME, NET CASH FARM, OF OPERATIONS - NET INCOME, MEASURED IN $ / OPERATION",TOTAL,NOT SPECIFIED,$ / OPERATION,44219,44219,FALSE,NASS Table 1,income_net_cash_farm_of_operations_net_income_usd_per_operation,NA
AG CENSUS AREA,AK,010,Aleutian Islands Area,2012,40,"INCOME, NET CASH FARM, OF OPERATIONS - NET INCOME, MEASURED IN $ / OPERATION","INCOME, NET CASH FARM, OF OPERATIONS - NET INCOME, MEASURED IN $ / OPERATION",TOTAL,NOT SPECIFIED,$ / OPERATION,47241,47241,FALSE,NASS Table 1,income_net_cash_farm_of_operations_net_income_usd_per_operation,NA
AG CENSUS AREA,AK,010,Aleutian Islands Area,2017,40,"INCOME, NET CASH FARM, OF OPERATIONS - NET INCOME, MEASURED IN $ / OPERATION","INCOME, NET CASH FARM, OF OPERATIONS - NET INCOME, MEASURED IN $ / OPERATION",TOTAL,NOT SPECIFIED,$ / OPERATION,15021,15021,FALSE,NASS Table 1,income_net_cash_farm_of_operations_net_income_usd_per_operation,NA
AG CENSUS AREA,AK,010,Aleutian Islands Area,2022,40,"INCOME, NET CASH FARM, OF OPERATIONS - NET INCOME, MEASURED IN $ / OPERATION","INCOME, NET CASH FARM, OF OPERATIONS - NET INCOME, MEASURED IN $ / OPERATION",TOTAL,NOT SPECIFIED,$ / OPERATION,2981,2981,FALSE,NASS Table 1,income_net_cash_farm_of_operations_net_income_usd_per_operation,NA
AG CENSUS AREA,AK,010,Aleutian Islands Area,1997,41,"CATTLE, INCL CALVES - OPERATIONS WITH INVENTORY","CATTLE, INCL CALVES - OPERATIONS WITH INVENTORY",TOTAL,NOT SPECIFIED,OPERATIONS,12,12,FALSE,NASS Table 1,cattle_incl_calves_operations_with_inventory,NA
AG CENSUS AREA,AK,010,Aleutian Islands Area,2002,41,"CATTLE, INCL CALVES - OPERATIONS WITH INVENTORY","CATTLE, INCL CALVES - OPERATIONS WITH INVENTORY",TOTAL,NOT SPECIFIED,OPERATIONS,10,10,FALSE,NASS Table 1,cattle_incl_calves_operations_with_inventory,NA
AG CENSUS AREA,AK,010,Aleutian Islands Area,2007,41,"CATTLE, INCL CALVES - OPERATIONS WITH INVENTORY","CATTLE, INCL CALVES - OPERATIONS WITH INVENTORY",TOTAL,NOT SPECIFIED,OPERATIONS,11,11,FALSE,NASS Table 1,cattle_incl_calves_operations_with_inventory,NA
AG CENSUS AREA,AK,010,Aleutian Islands Area,2012,41,"CATTLE, INCL CALVES - OPERATIONS WITH INVENTORY","CATTLE, INCL CALVES - OPERATIONS WITH INVENTORY",TOTAL,NOT SPECIFIED,OPERATIONS,9,9,FALSE,NASS Table 1,cattle_incl_calves_operations_with_inventory,NA
AG CENSUS AREA,AK,010,Aleutian Islands Area,2017,41,"CATTLE, INCL CALVES - OPERATIONS WITH INVENTORY","CATTLE, INCL CALVES - OPERATIONS WITH INVENTORY",TOTAL,NOT SPECIFIED,OPERATIONS,8,8,FALSE,NASS Table 1,cattle_incl_calves_operations_with_inventory,NA
AG CENSUS AREA,AK,010,Aleutian Islands Area,2022,41,"CATTLE, INCL CALVES - OPERATIONS WITH INVENTORY","CATTLE, INCL CALVES - OPERATIONS WITH INVENTORY",TOTAL,NOT SPECIFIED,OPERATIONS,9,9,FALSE,NASS Table 1,cattle_incl_calves_operations_with_inventory,NA
AG CENSUS AREA,AK,010,Aleutian Islands Area,1997,42,"CATTLE, INCL CALVES - INVENTORY","CATTLE, INCL CALVES - INVENTORY",TOTAL,NOT SPECIFIED,HEAD,6554,6554,FALSE,NASS Table 1,cattle_incl_calves_inventory,NA
AG CENSUS AREA,AK,010,Aleutian Islands Area,2002,42,"CATTLE, INCL CALVES - INVENTORY","CATTLE, INCL CALVES - INVENTORY",TOTAL,NOT SPECIFIED,HEAD,8197,8197,FALSE,NASS Table 1,cattle_incl_calves_inventory,NA
AG CENSUS AREA,AK,010,Aleutian Islands Area,2007,42,"CATTLE, INCL CALVES - INVENTORY","CATTLE, INCL CALVES - INVENTORY",TOTAL,NOT SPECIFIED,HEAD,11523,11523,FALSE,NASS Table 1,cattle_incl_calves_inventory,NA
AG CENSUS AREA,AK,010,Aleutian Islands Area,2012,42,"CATTLE, INCL CALVES - INVENTORY","CATTLE, INCL CALVES - INVENTORY",TOTAL,NOT SPECIFIED,HEAD,7315,7315,FALSE,NASS Table 1,cattle_incl_calves_inventory,NA
AG CENSUS AREA,AK,010,Aleutian Islands Area,2017,42,"CATTLE, INCL CALVES - INVENTORY","CATTLE, INCL CALVES - INVENTORY",TOTAL,NOT SPECIFIED,HEAD,11414,11414,FALSE,NASS Table 1,cattle_incl_calves_inventory,NA
AG CENSUS AREA,AK,010,Aleutian Islands Area,2022,42,"CATTLE, INCL CALVES - INVENTORY","CATTLE, INCL CALVES - INVENTORY",TOTAL,NOT SPECIFIED,HEAD,13039,13039,FALSE,NASS Table 1,cattle_incl_calves_inventory,NA
AG CENSUS AREA,AK,010,Aleutian Islands Area,1997,43,"CATTLE, COWS, BEEF - OPERATIONS WITH INVENTORY","CATTLE, COWS, BEEF - OPERATIONS WITH INVENTORY",TOTAL,NOT SPECIFIED,OPERATIONS,11,11,FALSE,NASS Table 1,cattle_cows_beef_operations_with_inventory,NA
AG CENSUS AREA,AK,010,Aleutian Islands Area,2002,43,"CATTLE, COWS, BEEF - OPERATIONS WITH INVENTORY","CATTLE, COWS, BEEF - OPERATIONS WITH INVENTORY",TOTAL,NOT SPECIFIED,OPERATIONS,10,10,FALSE,NASS Table 1,cattle_cows_beef_operations_with_inventory,NA
AG CENSUS AREA,AK,010,Aleutian Islands Area,2007,43,"CATTLE, COWS, BEEF - OPERATIONS WITH INVENTORY","CATTLE, COWS, BEEF - OPERATIONS WITH INVENTORY",TOTAL,NOT SPECIFIED,OPERATIONS,11,11,FALSE,NASS Table 1,cattle_cows_beef_operations_with_inventory,NA
AG CENSUS AREA,AK,010,Aleutian Islands Area,2012,43,"CATTLE, COWS, BEEF - OPERATIONS WITH INVENTORY","CATTLE, COWS, BEEF - OPERATIONS WITH INVENTORY",TOTAL,NOT SPECIFIED,OPERATIONS,9,9,FALSE,NASS Table 1,cattle_cows_beef_operations_with_inventory,NA
AG CENSUS AREA,AK,010,Aleutian Islands Area,2017,43,"CATTLE, COWS, BEEF - OPERATIONS WITH INVENTORY","CATTLE, COWS, BEEF - OPERATIONS WITH INVENTORY",TOTAL,NOT SPECIFIED,OPERATIONS,7,7,FALSE,NASS Table 1,cattle_cows_beef_operations_with_inventory,NA
AG CENSUS AREA,AK,010,Aleutian Islands Area,2022,43,"CATTLE, COWS, BEEF - OPERATIONS WITH INVENTORY","CATTLE, COWS, BEEF - OPERATIONS WITH INVENTORY",TOTAL,NOT SPECIFIED,OPERATIONS,9,9,FALSE,NASS Table 1,cattle_cows_beef_operations_with_inventory,NA
AG CENSUS AREA,AK,010,Aleutian Islands Area,1997,44,"CATTLE, COWS, BEEF - INVENTORY","CATTLE, COWS, BEEF - INVENTORY",TOTAL,NOT SPECIFIED,HEAD,NA,NA,FALSE,NASS Table 1,cattle_cows_beef_inventory,NA
AG CENSUS AREA,AK,010,Aleutian Islands Area,2002,44,"CATTLE, COWS, BEEF - INVENTORY","CATTLE, COWS, BEEF - INVENTORY",TOTAL,NOT SPECIFIED,HEAD,NA,NA,FALSE,NASS Table 1,cattle_cows_beef_inventory,NA
AG CENSUS AREA,AK,010,Aleutian Islands Area,2007,44,"CATTLE, COWS, BEEF - INVENTORY","CATTLE, COWS, BEEF - INVENTORY",TOTAL,NOT SPECIFIED,HEAD,5019,5019,FALSE,NASS Table 1,cattle_cows_beef_inventory,NA
AG CENSUS AREA,AK,010,Aleutian Islands Area,2012,44,"CATTLE, COWS, BEEF - INVENTORY","CATTLE, COWS, BEEF - INVENTORY",TOTAL,NOT SPECIFIED,HEAD,NA,NA,FALSE,NASS Table 1,cattle_cows_beef_inventory,NA
AG CENSUS AREA,AK,010,Aleutian Islands Area,2017,44,"CATTLE, COWS, BEEF - INVENTORY","CATTLE, COWS, BEEF - INVENTORY",TOTAL,NOT SPECIFIED,HEAD,NA,NA,FALSE,NASS Table 1,cattle_cows_beef_inventory,NA
AG CENSUS AREA,AK,010,Aleutian Islands Area,2022,44,"CATTLE, COWS, BEEF - INVENTORY","CATTLE, COWS, BEEF - INVENTORY",TOTAL,NOT SPECIFIED,HEAD,6452,6452,FALSE,NASS Table 1,cattle_cows_beef_inventory,NA
AG CENSUS AREA,AK,010,Aleutian Islands Area,1997,45,"CATTLE, COWS, MILK - OPERATIONS WITH INVENTORY","CATTLE, COWS, MILK - OPERATIONS WITH INVENTORY",TOTAL,NOT SPECIFIED,OPERATIONS,2,2,FALSE,NASS Table 1,cattle_cows_milk_operations_with_inventory,NA
AG CENSUS AREA,AK,010,Aleutian Islands Area,2017,45,"CATTLE, COWS, MILK - OPERATIONS WITH INVENTORY","CATTLE, COWS, MILK - OPERATIONS WITH INVENTORY",TOTAL,NOT SPECIFIED,OPERATIONS,1,1,FALSE,NASS Table 1,cattle_cows_milk_operations_with_inventory,NA
AG CENSUS AREA,AK,010,Aleutian Islands Area,1997,46,"CATTLE, COWS, MILK - INVENTORY","CATTLE, COWS, MILK - INVENTORY",TOTAL,NOT SPECIFIED,HEAD,NA,NA,FALSE,NASS Table 1,cattle_cows_milk_inventory,NA
AG CENSUS AREA,AK,010,Aleutian Islands Area,2017,46,"CATTLE, COWS, MILK - INVENTORY","CATTLE, COWS, MILK - INVENTORY",TOTAL,NOT SPECIFIED,HEAD,NA,NA,FALSE,NASS Table 1,cattle_cows_milk_inventory,NA
AG CENSUS AREA,AK,010,Aleutian Islands Area,1997,47,"CATTLE, INCL CALVES - OPERATIONS WITH SALES","CATTLE, INCL CALVES - OPERATIONS WITH SALES",TOTAL,NOT SPECIFIED,OPERATIONS,12,12,FALSE,NASS Table 1,cattle_incl_calves_operations_with_sales,NA
AG CENSUS AREA,AK,010,Aleutian Islands Area,2002,47,"CATTLE, INCL CALVES - OPERATIONS WITH SALES","CATTLE, INCL CALVES - OPERATIONS WITH SALES",TOTAL,NOT SPECIFIED,OPERATIONS,6,6,FALSE,NASS Table 1,cattle_incl_calves_operations_with_sales,NA
AG CENSUS AREA,AK,010,Aleutian Islands Area,2007,47,"CATTLE, INCL CALVES - OPERATIONS WITH SALES","CATTLE, INCL CALVES - OPERATIONS WITH SALES",TOTAL,NOT SPECIFIED,OPERATIONS,5,5,FALSE,NASS Table 1,cattle_incl_calves_operations_with_sales,NA
AG CENSUS AREA,AK,010,Aleutian Islands Area,2012,47,"CATTLE, INCL CALVES - OPERATIONS WITH SALES","CATTLE, INCL CALVES - OPERATIONS WITH SALES",TOTAL,NOT SPECIFIED,OPERATIONS,4,4,FALSE,NASS Table 1,cattle_incl_calves_operations_with_sales,NA
AG CENSUS AREA,AK,010,Aleutian Islands Area,2017,47,"CATTLE, INCL CALVES - OPERATIONS WITH SALES","CATTLE, INCL CALVES - OPERATIONS WITH SALES",TOTAL,NOT SPECIFIED,OPERATIONS,7,7,FALSE,NASS Table 1,cattle_incl_calves_operations_with_sales,NA
AG CENSUS AREA,AK,010,Aleutian Islands Area,2022,47,"CATTLE, INCL CALVES - OPERATIONS WITH SALES","CATTLE, INCL CALVES - OPERATIONS WITH SALES",TOTAL,NOT SPECIFIED,OPERATIONS,8,8,FALSE,NASS Table 1,cattle_incl_calves_operations_with_sales,NA
AG CENSUS AREA,AK,010,Aleutian Islands Area,1997,48,"CATTLE, INCL CALVES - SALES, MEASURED IN HEAD","CATTLE, INCL CALVES - SALES, MEASURED IN HEAD",TOTAL,NOT SPECIFIED,HEAD,1409,1409,FALSE,NASS Table 1,cattle_incl_calves_sales_head,NA
AG CENSUS AREA,AK,010,Aleutian Islands Area,2002,48,"CATTLE, INCL CALVES - SALES, MEASURED IN HEAD","CATTLE, INCL CALVES - SALES, MEASURED IN HEAD",TOTAL,NOT SPECIFIED,HEAD,NA,NA,FALSE,NASS Table 1,cattle_incl_calves_sales_head,NA
AG CENSUS AREA,AK,010,Aleutian Islands Area,2007,48,"CATTLE, INCL CALVES - SALES, MEASURED IN HEAD","CATTLE, INCL CALVES - SALES, MEASURED IN HEAD",TOTAL,NOT SPECIFIED,HEAD,117,117,FALSE,NASS Table 1,cattle_incl_calves_sales_head,NA
AG CENSUS AREA,AK,010,Aleutian Islands Area,2012,48,"CATTLE, INCL CALVES - SALES, MEASURED IN HEAD","CATTLE, INCL CALVES - SALES, MEASURED IN HEAD",TOTAL,NOT SPECIFIED,HEAD,91,91,FALSE,NASS Table 1,cattle_incl_calves_sales_head,NA
AG CENSUS AREA,AK,010,Aleutian Islands Area,2017,48,"CATTLE, INCL CALVES - SALES, MEASURED IN HEAD","CATTLE, INCL CALVES - SALES, MEASURED IN HEAD",TOTAL,NOT SPECIFIED,HEAD,400,400,FALSE,NASS Table 1,cattle_incl_calves_sales_head,NA
AG CENSUS AREA,AK,010,Aleutian Islands Area,2022,48,"CATTLE, INCL CALVES - SALES, MEASURED IN HEAD","CATTLE, INCL CALVES - SALES, MEASURED IN HEAD",TOTAL,NOT SPECIFIED,HEAD,473,473,FALSE,NASS Table 1,cattle_incl_calves_sales_head,NA
AG CENSUS AREA,AK,010,Aleutian Islands Area,1997,49,HOGS - OPERATIONS WITH INVENTORY,HOGS - OPERATIONS WITH INVENTORY,TOTAL,NOT SPECIFIED,OPERATIONS,1,1,FALSE,NASS Table 1,hogs_operations_with_inventory,NA
AG CENSUS AREA,AK,010,Aleutian Islands Area,2007,49,HOGS - OPERATIONS WITH INVENTORY,HOGS - OPERATIONS WITH INVENTORY,TOTAL,NOT SPECIFIED,OPERATIONS,1,1,FALSE,NASS Table 1,hogs_operations_with_inventory,NA
AG CENSUS AREA,AK,010,Aleutian Islands Area,2017,49,HOGS - OPERATIONS WITH INVENTORY,HOGS - OPERATIONS WITH INVENTORY,TOTAL,NOT SPECIFIED,OPERATIONS,2,2,FALSE,NASS Table 1,hogs_operations_with_inventory,NA
AG CENSUS AREA,AK,010,Aleutian Islands Area,2022,49,HOGS - OPERATIONS WITH INVENTORY,HOGS - OPERATIONS WITH INVENTORY,TOTAL,NOT SPECIFIED,OPERATIONS,5,5,FALSE,NASS Table 1,hogs_operations_with_inventory,NA
AG CENSUS AREA,AK,010,Aleutian Islands Area,1997,50,HOGS - INVENTORY,HOGS - INVENTORY,TOTAL,NOT SPECIFIED,HEAD,NA,NA,FALSE,NASS Table 1,hogs_inventory,NA
AG CENSUS AREA,AK,010,Aleutian Islands Area,2007,50,HOGS - INVENTORY,HOGS - INVENTORY,TOTAL,NOT SPECIFIED,HEAD,NA,NA,FALSE,NASS Table 1,hogs_inventory,NA
AG CENSUS AREA,AK,010,Aleutian Islands Area,2017,50,HOGS - INVENTORY,HOGS - INVENTORY,TOTAL,NOT SPECIFIED,HEAD,NA,NA,FALSE,NASS Table 1,hogs_inventory,NA
AG CENSUS AREA,AK,010,Aleutian Islands Area,2022,50,HOGS - INVENTORY,HOGS - INVENTORY,TOTAL,NOT SPECIFIED,HEAD,12,12,FALSE,NASS Table 1,hogs_inventory,NA
AG CENSUS AREA,AK,010,Aleutian Islands Area,1997,51,HOGS - OPERATIONS WITH SALES,HOGS - OPERATIONS WITH SALES,TOTAL,NOT SPECIFIED,OPERATIONS,1,1,FALSE,NASS Table 1,hogs_operations_with_sales,NA
AG CENSUS AREA,AK,010,Aleutian Islands Area,2017,51,HOGS - OPERATIONS WITH SALES,HOGS - OPERATIONS WITH SALES,TOTAL,NOT SPECIFIED,OPERATIONS,1,1,FALSE,NASS Table 1,hogs_operations_with_sales,NA
AG CENSUS AREA,AK,010,Aleutian Islands Area,2022,51,HOGS - OPERATIONS WITH SALES,HOGS - OPERATIONS WITH SALES,TOTAL,NOT SPECIFIED,OPERATIONS,1,1,FALSE,NASS Table 1,hogs_operations_with_sales,NA
AG CENSUS AREA,AK,010,Aleutian Islands Area,1997,52,"HOGS - SALES, MEASURED IN HEAD","HOGS - SALES, MEASURED IN HEAD",TOTAL,NOT SPECIFIED,HEAD,NA,NA,FALSE,NASS Table 1,hogs_sales_head,NA
AG CENSUS AREA,AK,010,Aleutian Islands Area,2017,52,"HOGS - SALES, MEASURED IN HEAD","HOGS - SALES, MEASURED IN HEAD",TOTAL,NOT SPECIFIED,HEAD,NA,NA,FALSE,NASS Table 1,hogs_sales_head,NA
AG CENSUS AREA,AK,010,Aleutian Islands Area,2022,52,"HOGS - SALES, MEASURED IN HEAD","HOGS - SALES, MEASURED IN HEAD",TOTAL,NOT SPECIFIED,HEAD,NA,NA,FALSE,NASS Table 1,hogs_sales_head,NA
AG CENSUS AREA,AK,010,Aleutian Islands Area,1997,53,"SHEEP, INCL LAMBS - OPERATIONS WITH INVENTORY","SHEEP, INCL LAMBS - OPERATIONS WITH INVENTORY",TOTAL,NOT SPECIFIED,OPERATIONS,3,3,FALSE,NASS Table 1,sheep_incl_lambs_operations_with_inventory,NA
AG CENSUS AREA,AK,010,Aleutian Islands Area,2007,53,"SHEEP, INCL LAMBS - OPERATIONS WITH INVENTORY","SHEEP, INCL LAMBS - OPERATIONS WITH INVENTORY",TOTAL,NOT SPECIFIED,OPERATIONS,2,2,FALSE,NASS Table 1,sheep_incl_lambs_operations_with_inventory,NA
AG CENSUS AREA,AK,010,Aleutian Islands Area,2012,53,"SHEEP, INCL LAMBS - OPERATIONS WITH INVENTORY","SHEEP, INCL LAMBS - OPERATIONS WITH INVENTORY",TOTAL,NOT SPECIFIED,OPERATIONS,2,2,FALSE,NASS Table 1,sheep_incl_lambs_operations_with_inventory,NA
AG CENSUS AREA,AK,010,Aleutian Islands Area,2017,53,"SHEEP, INCL LAMBS - OPERATIONS WITH INVENTORY","SHEEP, INCL LAMBS - OPERATIONS WITH INVENTORY",TOTAL,NOT SPECIFIED,OPERATIONS,2,2,FALSE,NASS Table 1,sheep_incl_lambs_operations_with_inventory,NA
AG CENSUS AREA,AK,010,Aleutian Islands Area,2022,53,"SHEEP, INCL LAMBS - OPERATIONS WITH INVENTORY","SHEEP, INCL LAMBS - OPERATIONS WITH INVENTORY",TOTAL,NOT SPECIFIED,OPERATIONS,3,3,FALSE,NASS Table 1,sheep_incl_lambs_operations_with_inventory,NA
AG CENSUS AREA,AK,010,Aleutian Islands Area,1997,54,"SHEEP, INCL LAMBS - INVENTORY","SHEEP, INCL LAMBS - INVENTORY",TOTAL,NOT SPECIFIED,HEAD,NA,NA,FALSE,NASS Table 1,sheep_incl_lambs_inventory,NA
AG CENSUS AREA,AK,010,Aleutian Islands Area,2007,54,"SHEEP, INCL LAMBS - INVENTORY","SHEEP, INCL LAMBS - INVENTORY",TOTAL,NOT SPECIFIED,HEAD,NA,NA,FALSE,NASS Table 1,sheep_incl_lambs_inventory,NA
AG CENSUS AREA,AK,010,Aleutian Islands Area,2012,54,"SHEEP, INCL LAMBS - INVENTORY","SHEEP, INCL LAMBS - INVENTORY",TOTAL,NOT SPECIFIED,HEAD,NA,NA,FALSE,NASS Table 1,sheep_incl_lambs_inventory,NA
AG CENSUS AREA,AK,010,Aleutian Islands Area,2017,54,"SHEEP, INCL LAMBS - INVENTORY","SHEEP, INCL LAMBS - INVENTORY",TOTAL,NOT SPECIFIED,HEAD,NA,NA,FALSE,NASS Table 1,sheep_incl_lambs_inventory,NA
AG CENSUS AREA,AK,010,Aleutian Islands Area,2022,54,"SHEEP, INCL LAMBS - INVENTORY","SHEEP, INCL LAMBS - INVENTORY",TOTAL,NOT SPECIFIED,HEAD,NA,NA,FALSE,NASS Table 1,sheep_incl_lambs_inventory,NA
AG CENSUS AREA,AK,010,Aleutian Islands Area,1997,55,"CHICKENS, LAYERS - OPERATIONS WITH INVENTORY","CHICKENS, LAYERS - OPERATIONS WITH INVENTORY",TOTAL,NOT SPECIFIED,OPERATIONS,1,1,FALSE,NASS Table 1,chickens_layers_operations_with_inventory,NA
AG CENSUS AREA,AK,010,Aleutian Islands Area,2002,55,"CHICKENS, LAYERS - OPERATIONS WITH INVENTORY","CHICKENS, LAYERS - OPERATIONS WITH INVENTORY",TOTAL,NOT SPECIFIED,OPERATIONS,4,4,FALSE,NASS Table 1,chickens_layers_operations_with_inventory,NA
AG CENSUS AREA,AK,010,Aleutian Islands Area,2007,55,"CHICKENS, LAYERS - OPERATIONS WITH INVENTORY","CHICKENS, LAYERS - OPERATIONS WITH INVENTORY",TOTAL,NOT SPECIFIED,OPERATIONS,1,1,FALSE,NASS Table 1,chickens_layers_operations_with_inventory,NA
AG CENSUS AREA,AK,010,Aleutian Islands Area,2012,55,"CHICKENS, LAYERS - OPERATIONS WITH INVENTORY","CHICKENS, LAYERS - OPERATIONS WITH INVENTORY",TOTAL,NOT SPECIFIED,OPERATIONS,8,8,FALSE,NASS Table 1,chickens_layers_operations_with_inventory,NA
AG CENSUS AREA,AK,010,Aleutian Islands Area,2017,55,"CHICKENS, LAYERS - OPERATIONS WITH INVENTORY","CHICKENS, LAYERS - OPERATIONS WITH INVENTORY",TOTAL,NOT SPECIFIED,OPERATIONS,11,11,FALSE,NASS Table 1,chickens_layers_operations_with_inventory,NA
AG CENSUS AREA,AK,010,Aleutian Islands Area,2022,55,"CHICKENS, LAYERS - OPERATIONS WITH INVENTORY","CHICKENS, LAYERS - OPERATIONS WITH INVENTORY",TOTAL,NOT SPECIFIED,OPERATIONS,9,9,FALSE,NASS Table 1,chickens_layers_operations_with_inventory,NA
AG CENSUS AREA,AK,010,Aleutian Islands Area,1997,56,"CHICKENS, LAYERS - INVENTORY","CHICKENS, LAYERS - INVENTORY",TOTAL,NOT SPECIFIED,HEAD,NA,NA,FALSE,NASS Table 1,chickens_layers_inventory,NA
AG CENSUS AREA,AK,010,Aleutian Islands Area,2002,56,"CHICKENS, LAYERS - INVENTORY","CHICKENS, LAYERS - INVENTORY",TOTAL,NOT SPECIFIED,HEAD,112,112,FALSE,NASS Table 1,chickens_layers_inventory,NA
AG CENSUS AREA,AK,010,Aleutian Islands Area,2007,56,"CHICKENS, LAYERS - INVENTORY","CHICKENS, LAYERS - INVENTORY",TOTAL,NOT SPECIFIED,HEAD,NA,NA,FALSE,NASS Table 1,chickens_layers_inventory,NA
AG CENSUS AREA,AK,010,Aleutian Islands Area,2012,56,"CHICKENS, LAYERS - INVENTORY","CHICKENS, LAYERS - INVENTORY",TOTAL,NOT SPECIFIED,HEAD,410,410,FALSE,NASS Table 1,chickens_layers_inventory,NA
AG CENSUS AREA,AK,010,Aleutian Islands Area,2017,56,"CHICKENS, LAYERS - INVENTORY","CHICKENS, LAYERS - INVENTORY",TOTAL,NOT SPECIFIED,HEAD,520,520,FALSE,NASS Table 1,chickens_layers_inventory,NA
AG CENSUS AREA,AK,010,Aleutian Islands Area,2022,56,"CHICKENS, LAYERS - INVENTORY","CHICKENS, LAYERS - INVENTORY",TOTAL,NOT SPECIFIED,HEAD,304,304,FALSE,NASS Table 1,chickens_layers_inventory,NA
AG CENSUS AREA,AK,010,Aleutian Islands Area,2002,57,"CHICKENS, BROILERS - OPERATIONS WITH SALES","CHICKENS, BROILERS - OPERATIONS WITH SALES",TOTAL,NOT SPECIFIED,OPERATIONS,2,2,FALSE,NASS Table 1,chickens_broilers_operations_with_sales,NA
AG CENSUS AREA,AK,010,Aleutian Islands Area,2012,57,"CHICKENS, BROILERS - OPERATIONS WITH SALES","CHICKENS, BROILERS - OPERATIONS WITH SALES",TOTAL,NOT SPECIFIED,OPERATIONS,5,5,FALSE,NASS Table 1,chickens_broilers_operations_with_sales,NA
AG CENSUS AREA,AK,010,Aleutian Islands Area,2017,57,"CHICKENS, BROILERS - OPERATIONS WITH SALES","CHICKENS, BROILERS - OPERATIONS WITH SALES",TOTAL,NOT SPECIFIED,OPERATIONS,5,5,FALSE,NASS Table 1,chickens_broilers_operations_with_sales,NA
AG CENSUS AREA,AK,010,Aleutian Islands Area,2022,57,"CHICKENS, BROILERS - OPERATIONS WITH SALES","CHICKENS, BROILERS - OPERATIONS WITH SALES",TOTAL,NOT SPECIFIED,OPERATIONS,3,3,FALSE,NASS Table 1,chickens_broilers_operations_with_sales,NA
AG CENSUS AREA,AK,010,Aleutian Islands Area,2002,58,"CHICKENS, BROILERS - SALES, MEASURED IN HEAD","CHICKENS, BROILERS - SALES, MEASURED IN HEAD",TOTAL,NOT SPECIFIED,HEAD,NA,NA,FALSE,NASS Table 1,chickens_broilers_sales_head,NA
AG CENSUS AREA,AK,010,Aleutian Islands Area,2012,58,"CHICKENS, BROILERS - SALES, MEASURED IN HEAD","CHICKENS, BROILERS - SALES, MEASURED IN HEAD",TOTAL,NOT SPECIFIED,HEAD,305,305,FALSE,NASS Table 1,chickens_broilers_sales_head,NA
AG CENSUS AREA,AK,010,Aleutian Islands Area,2017,58,"CHICKENS, BROILERS - SALES, MEASURED IN HEAD","CHICKENS, BROILERS - SALES, MEASURED IN HEAD",TOTAL,NOT SPECIFIED,HEAD,1050,1050,FALSE,NASS Table 1,chickens_broilers_sales_head,NA
AG CENSUS AREA,AK,010,Aleutian Islands Area,2022,58,"CHICKENS, BROILERS - SALES, MEASURED IN HEAD","CHICKENS, BROILERS - SALES, MEASURED IN HEAD",TOTAL,NOT SPECIFIED,HEAD,NA,NA,FALSE,NASS Table 1,chickens_broilers_sales_head,NA
AG CENSUS AREA,AK,010,Aleutian Islands Area,2002,77,OATS - OPERATIONS WITH AREA HARVESTED,OATS - OPERATIONS WITH AREA HARVESTED,TOTAL,NOT SPECIFIED,OPERATIONS,1,1,FALSE,NASS Table 1,oats_operations_with_area_harvested,NA
AG CENSUS AREA,AK,010,Aleutian Islands Area,2007,77,OATS - OPERATIONS WITH AREA HARVESTED,OATS - OPERATIONS WITH AREA HARVESTED,TOTAL,NOT SPECIFIED,OPERATIONS,1,1,FALSE,NASS Table 1,oats_operations_with_area_harvested,NA
AG CENSUS AREA,AK,010,Aleutian Islands Area,2002,78,OATS - ACRES HARVESTED,OATS - ACRES HARVESTED,TOTAL,NOT SPECIFIED,ACRES,NA,NA,FALSE,NASS Table 1,oats_acres_harvested,NA
AG CENSUS AREA,AK,010,Aleutian Islands Area,2007,78,OATS - ACRES HARVESTED,OATS - ACRES HARVESTED,TOTAL,NOT SPECIFIED,ACRES,NA,NA,FALSE,NASS Table 1,oats_acres_harvested,NA
AG CENSUS AREA,AK,010,Aleutian Islands Area,2002,79,"OATS - PRODUCTION, MEASURED IN BU","OATS - PRODUCTION, MEASURED IN BU",TOTAL,NOT SPECIFIED,BU,NA,NA,FALSE,NASS Table 1,oats_production_bu,NA
AG CENSUS AREA,AK,010,Aleutian Islands Area,2007,79,"OATS - PRODUCTION, MEASURED IN BU","OATS - PRODUCTION, MEASURED IN BU",TOTAL,NOT SPECIFIED,BU,NA,NA,FALSE,NASS Table 1,oats_production_bu,NA
AG CENSUS AREA,AK,010,Aleutian Islands Area,1997,80,BARLEY - OPERATIONS WITH AREA HARVESTED,BARLEY - OPERATIONS WITH AREA HARVESTED,TOTAL,NOT SPECIFIED,OPERATIONS,1,1,FALSE,NASS Table 1,barley_operations_with_area_harvested,NA
AG CENSUS AREA,AK,010,Aleutian Islands Area,2002,80,BARLEY - OPERATIONS WITH AREA HARVESTED,BARLEY - OPERATIONS WITH AREA HARVESTED,TOTAL,NOT SPECIFIED,OPERATIONS,1,1,FALSE,NASS Table 1,barley_operations_with_area_harvested,NA
AG CENSUS AREA,AK,010,Aleutian Islands Area,2007,80,BARLEY - OPERATIONS WITH AREA HARVESTED,BARLEY - OPERATIONS WITH AREA HARVESTED,TOTAL,NOT SPECIFIED,OPERATIONS,1,1,FALSE,NASS Table 1,barley_operations_with_area_harvested,NA
AG CENSUS AREA,AK,010,Aleutian Islands Area,1997,81,BARLEY - ACRES HARVESTED,BARLEY - ACRES HARVESTED,TOTAL,NOT SPECIFIED,ACRES,NA,NA,FALSE,NASS Table 1,barley_acres_harvested,NA
AG CENSUS AREA,AK,010,Aleutian Islands Area,2002,81,BARLEY - ACRES HARVESTED,BARLEY - ACRES HARVESTED,TOTAL,NOT SPECIFIED,ACRES,NA,NA,FALSE,NASS Table 1,barley_acres_harvested,NA
AG CENSUS AREA,AK,010,Aleutian Islands Area,2007,81,BARLEY - ACRES HARVESTED,BARLEY - ACRES HARVESTED,TOTAL,NOT SPECIFIED,ACRES,NA,NA,FALSE,NASS Table 1,barley_acres_harvested,NA
AG CENSUS AREA,AK,010,Aleutian Islands Area,1997,82,"BARLEY - PRODUCTION, MEASURED IN BU","BARLEY - PRODUCTION, MEASURED IN BU",TOTAL,NOT SPECIFIED,BU,NA,NA,FALSE,NASS Table 1,barley_production_bu,NA
AG CENSUS AREA,AK,010,Aleutian Islands Area,2002,82,"BARLEY - PRODUCTION, MEASURED IN BU","BARLEY - PRODUCTION, MEASURED IN BU",TOTAL,NOT SPECIFIED,BU,NA,NA,FALSE,NASS Table 1,barley_production_bu,NA
AG CENSUS AREA,AK,010,Aleutian Islands Area,2007,82,"BARLEY - PRODUCTION, MEASURED IN BU","BARLEY - PRODUCTION, MEASURED IN BU",TOTAL,NOT SPECIFIED,BU,NA,NA,FALSE,NASS Table 1,barley_production_bu,NA
AG CENSUS AREA,AK,010,Aleutian Islands Area,2002,107,HAY & HAYLAGE - OPERATIONS WITH AREA HARVESTED,HAY & HAYLAGE - OPERATIONS WITH AREA HARVESTED,TOTAL,NOT SPECIFIED,OPERATIONS,3,3,FALSE,NASS Table 1,hay_and_haylage_operations_with_area_harvested,NA
AG CENSUS AREA,AK,010,Aleutian Islands Area,2007,107,HAY & HAYLAGE - OPERATIONS WITH AREA HARVESTED,HAY & HAYLAGE - OPERATIONS WITH AREA HARVESTED,TOTAL,NOT SPECIFIED,OPERATIONS,3,3,FALSE,NASS Table 1,hay_and_haylage_operations_with_area_harvested,NA
AG CENSUS AREA,AK,010,Aleutian Islands Area,2022,107,HAY & HAYLAGE - OPERATIONS WITH AREA HARVESTED,HAY & HAYLAGE - OPERATIONS WITH AREA HARVESTED,TOTAL,NOT SPECIFIED,OPERATIONS,4,4,FALSE,NASS Table 1,hay_and_haylage_operations_with_area_harvested,NA
AG CENSUS AREA,AK,010,Aleutian Islands Area,2002,108,HAY & HAYLAGE - ACRES HARVESTED,HAY & HAYLAGE - ACRES HARVESTED,TOTAL,NOT SPECIFIED,ACRES,190,190,FALSE,NASS Table 1,hay_and_haylage_acres_harvested,NA
AG CENSUS AREA,AK,010,Aleutian Islands Area,2007,108,HAY & HAYLAGE - ACRES HARVESTED,HAY & HAYLAGE - ACRES HARVESTED,TOTAL,NOT SPECIFIED,ACRES,NA,NA,FALSE,NASS Table 1,hay_and_haylage_acres_harvested,NA
AG CENSUS AREA,AK,010,Aleutian Islands Area,2022,108,HAY & HAYLAGE - ACRES HARVESTED,HAY & HAYLAGE - ACRES HARVESTED,TOTAL,NOT SPECIFIED,ACRES,NA,NA,FALSE,NASS Table 1,hay_and_haylage_acres_harvested,NA
AG CENSUS AREA,AK,010,Aleutian Islands Area,2002,109,"HAY & HAYLAGE - PRODUCTION, MEASURED IN TONS, DRY BASIS","HAY & HAYLAGE - PRODUCTION, MEASURED IN TONS, DRY BASIS",TOTAL,NOT SPECIFIED,"TONS, DRY BASIS",189,189,FALSE,NASS Table 1,hay_and_haylage_production_tons_dry_basis,NA
AG CENSUS AREA,AK,010,Aleutian Islands Area,2007,109,"HAY & HAYLAGE - PRODUCTION, MEASURED IN TONS, DRY BASIS","HAY & HAYLAGE - PRODUCTION, MEASURED IN TONS, DRY BASIS",TOTAL,NOT SPECIFIED,"TONS, DRY BASIS",NA,NA,FALSE,NASS Table 1,hay_and_haylage_production_tons_dry_basis,NA
AG CENSUS AREA,AK,010,Aleutian Islands Area,2022,109,"HAY & HAYLAGE - PRODUCTION, MEASURED IN TONS, DRY BASIS","HAY & HAYLAGE - PRODUCTION, MEASURED IN TONS, DRY BASIS",TOTAL,NOT SPECIFIED,"TONS, DRY BASIS",NA,NA,FALSE,NASS Table 1,hay_and_haylage_production_tons_dry_basis,NA
AG CENSUS AREA,AK,010,Aleutian Islands Area,1997,125,"VEGETABLE TOTALS, IN THE OPEN - OPERATIONS WITH AREA HARVESTED","VEGETABLE TOTALS, IN THE OPEN - OPERATIONS WITH AREA HARVESTED",TOTAL,NOT SPECIFIED,OPERATIONS,2,2,FALSE,NASS Table 1,vegetable_totals_in_the_open_operations_with_area_harvested,NA
AG CENSUS AREA,AK,010,Aleutian Islands Area,2002,125,"VEGETABLE TOTALS, IN THE OPEN - OPERATIONS WITH AREA HARVESTED","VEGETABLE TOTALS, IN THE OPEN - OPERATIONS WITH AREA HARVESTED",TOTAL,NOT SPECIFIED,OPERATIONS,1,1,FALSE,NASS Table 1,vegetable_totals_in_the_open_operations_with_area_harvested,NA
AG CENSUS AREA,AK,010,Aleutian Islands Area,2007,125,"VEGETABLE TOTALS, IN THE OPEN - OPERATIONS WITH AREA HARVESTED","VEGETABLE TOTALS, IN THE OPEN - OPERATIONS WITH AREA HARVESTED",TOTAL,NOT SPECIFIED,OPERATIONS,5,5,FALSE,NASS Table 1,vegetable_totals_in_the_open_operations_with_area_harvested,NA
AG CENSUS AREA,AK,010,Aleutian Islands Area,2012,125,"VEGETABLE TOTALS, IN THE OPEN - OPERATIONS WITH AREA HARVESTED","VEGETABLE TOTALS, IN THE OPEN - OPERATIONS WITH AREA HARVESTED",TOTAL,NOT SPECIFIED,OPERATIONS,11,11,FALSE,NASS Table 1,vegetable_totals_in_the_open_operations_with_area_harvested,NA
AG CENSUS AREA,AK,010,Aleutian Islands Area,2017,125,"VEGETABLE TOTALS, IN THE OPEN - OPERATIONS WITH AREA HARVESTED","VEGETABLE TOTALS, IN THE OPEN - OPERATIONS WITH AREA HARVESTED",TOTAL,NOT SPECIFIED,OPERATIONS,16,16,FALSE,NASS Table 1,vegetable_totals_in_the_open_operations_with_area_harvested,NA
AG CENSUS AREA,AK,010,Aleutian Islands Area,2022,125,"VEGETABLE TOTALS, IN THE OPEN - OPERATIONS WITH AREA HARVESTED","VEGETABLE TOTALS, IN THE OPEN - OPERATIONS WITH AREA HARVESTED",TOTAL,NOT SPECIFIED,OPERATIONS,16,16,FALSE,NASS Table 1,vegetable_totals_in_the_open_operations_with_area_harvested,NA
AG CENSUS AREA,AK,010,Aleutian Islands Area,1997,126,"VEGETABLE TOTALS, IN THE OPEN - ACRES HARVESTED","VEGETABLE TOTALS, IN THE OPEN - ACRES HARVESTED",TOTAL,NOT SPECIFIED,ACRES,NA,NA,FALSE,NASS Table 1,vegetable_totals_in_the_open_acres_harvested,NA
AG CENSUS AREA,AK,010,Aleutian Islands Area,2002,126,"VEGETABLE TOTALS, IN THE OPEN - ACRES HARVESTED","VEGETABLE TOTALS, IN THE OPEN - ACRES HARVESTED",TOTAL,NOT SPECIFIED,ACRES,NA,NA,FALSE,NASS Table 1,vegetable_totals_in_the_open_acres_harvested,NA
AG CENSUS AREA,AK,010,Aleutian Islands Area,2007,126,"VEGETABLE TOTALS, IN THE OPEN - ACRES HARVESTED","VEGETABLE TOTALS, IN THE OPEN - ACRES HARVESTED",TOTAL,NOT SPECIFIED,ACRES,10,10,FALSE,NASS Table 1,vegetable_totals_in_the_open_acres_harvested,NA
AG CENSUS AREA,AK,010,Aleutian Islands Area,2012,126,"VEGETABLE TOTALS, IN THE OPEN - ACRES HARVESTED","VEGETABLE TOTALS, IN THE OPEN - ACRES HARVESTED",TOTAL,NOT SPECIFIED,ACRES,10,10,FALSE,NASS Table 1,vegetable_totals_in_the_open_acres_harvested,NA
AG CENSUS AREA,AK,010,Aleutian Islands Area,2017,126,"VEGETABLE TOTALS, IN THE OPEN - ACRES HARVESTED","VEGETABLE TOTALS, IN THE OPEN - ACRES HARVESTED",TOTAL,NOT SPECIFIED,ACRES,19,19,FALSE,NASS Table 1,vegetable_totals_in_the_open_acres_harvested,NA
AG CENSUS AREA,AK,010,Aleutian Islands Area,2022,126,"VEGETABLE TOTALS, IN THE OPEN - ACRES HARVESTED","VEGETABLE TOTALS, IN THE OPEN - ACRES HARVESTED",TOTAL,NOT SPECIFIED,ACRES,18,18,FALSE,NASS Table 1,vegetable_totals_in_the_open_acres_harvested,NA
AG CENSUS AREA,AK,010,Aleutian Islands Area,2002,127,POTATOES - OPERATIONS WITH AREA HARVESTED,POTATOES - OPERATIONS WITH AREA HARVESTED,TOTAL,NOT SPECIFIED,OPERATIONS,3,3,FALSE,NASS Table 1,potatoes_operations_with_area_harvested,NA
AG CENSUS AREA,AK,010,Aleutian Islands Area,2007,127,POTATOES - OPERATIONS WITH AREA HARVESTED,POTATOES - OPERATIONS WITH AREA HARVESTED,TOTAL,NOT SPECIFIED,OPERATIONS,5,5,FALSE,NASS Table 1,potatoes_operations_with_area_harvested,NA
AG CENSUS AREA,AK,010,Aleutian Islands Area,2012,127,POTATOES - OPERATIONS WITH AREA HARVESTED,POTATOES - OPERATIONS WITH AREA HARVESTED,TOTAL,NOT SPECIFIED,OPERATIONS,8,8,FALSE,NASS Table 1,potatoes_operations_with_area_harvested,NA
AG CENSUS AREA,AK,010,Aleutian Islands Area,2017,127,POTATOES - OPERATIONS WITH AREA HARVESTED,POTATOES - OPERATIONS WITH AREA HARVESTED,TOTAL,NOT SPECIFIED,OPERATIONS,11,11,FALSE,NASS Table 1,potatoes_operations_with_area_harvested,NA
AG CENSUS AREA,AK,010,Aleutian Islands Area,2022,127,POTATOES - OPERATIONS WITH AREA HARVESTED,POTATOES - OPERATIONS WITH AREA HARVESTED,TOTAL,NOT SPECIFIED,OPERATIONS,12,12,FALSE,NASS Table 1,potatoes_operations_with_area_harvested,NA
AG CENSUS AREA,AK,010,Aleutian Islands Area,2002,128,POTATOES - ACRES HARVESTED,POTATOES - ACRES HARVESTED,TOTAL,NOT SPECIFIED,ACRES,NA,NA,FALSE,NASS Table 1,potatoes_acres_harvested,NA
AG CENSUS AREA,AK,010,Aleutian Islands Area,2007,128,POTATOES - ACRES HARVESTED,POTATOES - ACRES HARVESTED,TOTAL,NOT SPECIFIED,ACRES,7,7,FALSE,NASS Table 1,potatoes_acres_harvested,NA
AG CENSUS AREA,AK,010,Aleutian Islands Area,2012,128,POTATOES - ACRES HARVESTED,POTATOES - ACRES HARVESTED,TOTAL,NOT SPECIFIED,ACRES,5,5,FALSE,NASS Table 1,potatoes_acres_harvested,NA
AG CENSUS AREA,AK,010,Aleutian Islands Area,2017,128,POTATOES - ACRES HARVESTED,POTATOES - ACRES HARVESTED,TOTAL,NOT SPECIFIED,ACRES,5,5,FALSE,NASS Table 1,potatoes_acres_harvested,NA
AG CENSUS AREA,AK,010,Aleutian Islands Area,2022,128,POTATOES - ACRES HARVESTED,POTATOES - ACRES HARVESTED,TOTAL,NOT SPECIFIED,ACRES,3,3,FALSE,NASS Table 1,potatoes_acres_harvested,NA
AG CENSUS AREA,AK,010,Aleutian Islands Area,2022,131,ORCHARDS - OPERATIONS WITH AREA BEARING & NON-BEARING,ORCHARDS - OPERATIONS WITH AREA BEARING & NON-BEARING,TOTAL,NOT SPECIFIED,OPERATIONS,3,3,FALSE,NASS Table 1,orchards_operations_with_area_bearing_and_non_bearing,NA
AG CENSUS AREA,AK,010,Aleutian Islands Area,2022,132,ORCHARDS - ACRES BEARING & NON-BEARING,ORCHARDS - ACRES BEARING & NON-BEARING,TOTAL,NOT SPECIFIED,ACRES,NA,NA,FALSE,NASS Table 1,orchards_acres_bearing_and_non_bearing,NA
AG CENSUS AREA,AK,020,Anchorage Area,1997,1,FARM OPERATIONS - NUMBER OF OPERATIONS,FARM OPERATIONS - NUMBER OF OPERATIONS,TOTAL,NOT SPECIFIED,OPERATIONS,222,222,FALSE,NASS Table 1,farm_operations_number_of_operations,NA
AG CENSUS AREA,AK,020,Anchorage Area,2002,1,FARM OPERATIONS - NUMBER OF OPERATIONS,FARM OPERATIONS - NUMBER OF OPERATIONS,TOTAL,NOT SPECIFIED,OPERATIONS,251,251,FALSE,NASS Table 1,farm_operations_number_of_operations,NA
AG CENSUS AREA,AK,020,Anchorage Area,2007,1,FARM OPERATIONS - NUMBER OF OPERATIONS,FARM OPERATIONS - NUMBER OF OPERATIONS,TOTAL,NOT SPECIFIED,OPERATIONS,278,278,FALSE,NASS Table 1,farm_operations_number_of_operations,NA
AG CENSUS AREA,AK,020,Anchorage Area,2012,1,FARM OPERATIONS - NUMBER OF OPERATIONS,FARM OPERATIONS - NUMBER OF OPERATIONS,TOTAL,NOT SPECIFIED,OPERATIONS,291,291,FALSE,NASS Table 1,farm_operations_number_of_operations,NA
AG CENSUS AREA,AK,020,Anchorage Area,2017,1,FARM OPERATIONS - NUMBER OF OPERATIONS,FARM OPERATIONS - NUMBER OF OPERATIONS,TOTAL,NOT SPECIFIED,OPERATIONS,350,350,FALSE,NASS Table 1,farm_operations_number_of_operations,NA
AG CENSUS AREA,AK,020,Anchorage Area,2022,1,FARM OPERATIONS - NUMBER OF OPERATIONS,FARM OPERATIONS - NUMBER OF OPERATIONS,TOTAL,NOT SPECIFIED,OPERATIONS,401,401,FALSE,NASS Table 1,farm_operations_number_of_operations,NA
AG CENSUS AREA,AK,020,Anchorage Area,1997,2,FARM OPERATIONS - ACRES OPERATED,FARM OPERATIONS - ACRES OPERATED,TOTAL,NOT SPECIFIED,ACRES,40294,40294,FALSE,NASS Table 1,farm_operations_acres_operated,NA
AG CENSUS AREA,AK,020,Anchorage Area,2002,2,FARM OPERATIONS - ACRES OPERATED,FARM OPERATIONS - ACRES OPERATED,TOTAL,NOT SPECIFIED,ACRES,46910,46910,FALSE,NASS Table 1,farm_operations_acres_operated,NA
AG CENSUS AREA,AK,020,Anchorage Area,2007,2,FARM OPERATIONS - ACRES OPERATED,FARM OPERATIONS - ACRES OPERATED,TOTAL,NOT SPECIFIED,ACRES,38391,38391,FALSE,NASS Table 1,farm_operations_acres_operated,NA
AG CENSUS AREA,AK,020,Anchorage Area,2012,2,FARM OPERATIONS - ACRES OPERATED,FARM OPERATIONS - ACRES OPERATED,TOTAL,NOT SPECIFIED,ACRES,36378,36378,FALSE,NASS Table 1,farm_operations_acres_operated,NA
AG CENSUS AREA,AK,020,Anchorage Area,2017,2,FARM OPERATIONS - ACRES OPERATED,FARM OPERATIONS - ACRES OPERATED,TOTAL,NOT SPECIFIED,ACRES,34388,34388,FALSE,NASS Table 1,farm_operations_acres_operated,NA
AG CENSUS AREA,AK,020,Anchorage Area,2022,2,FARM OPERATIONS - ACRES OPERATED,FARM OPERATIONS - ACRES OPERATED,TOTAL,NOT SPECIFIED,ACRES,39532,39532,FALSE,NASS Table 1,farm_operations_acres_operated,NA
AG CENSUS AREA,AK,020,Anchorage Area,2002,3,"FARM OPERATIONS - AREA OPERATED, MEASURED IN ACRES / OPERATION","FARM OPERATIONS - AREA OPERATED, MEASURED IN ACRES / OPERATION",TOTAL,NOT SPECIFIED,ACRES / OPERATION,187,187,FALSE,NASS Table 1,farm_operations_area_operated_acres_per_operation,NA
AG CENSUS AREA,AK,020,Anchorage Area,2007,3,"FARM OPERATIONS - AREA OPERATED, MEASURED IN ACRES / OPERATION","FARM OPERATIONS - AREA OPERATED, MEASURED IN ACRES / OPERATION",TOTAL,NOT SPECIFIED,ACRES / OPERATION,138,138,FALSE,NASS Table 1,farm_operations_area_operated_acres_per_operation,NA
AG CENSUS AREA,AK,020,Anchorage Area,2012,3,"FARM OPERATIONS - AREA OPERATED, MEASURED IN ACRES / OPERATION","FARM OPERATIONS - AREA OPERATED, MEASURED IN ACRES / OPERATION",TOTAL,NOT SPECIFIED,ACRES / OPERATION,125,125,FALSE,NASS Table 1,farm_operations_area_operated_acres_per_operation,NA
AG CENSUS AREA,AK,020,Anchorage Area,2017,3,"FARM OPERATIONS - AREA OPERATED, MEASURED IN ACRES / OPERATION","FARM OPERATIONS - AREA OPERATED, MEASURED IN ACRES / OPERATION",TOTAL,NOT SPECIFIED,ACRES / OPERATION,98,98,FALSE,NASS Table 1,farm_operations_area_operated_acres_per_operation,NA
AG CENSUS AREA,AK,020,Anchorage Area,2022,3,"FARM OPERATIONS - AREA OPERATED, MEASURED IN ACRES / OPERATION","FARM OPERATIONS - AREA OPERATED, MEASURED IN ACRES / OPERATION",TOTAL,NOT SPECIFIED,ACRES / OPERATION,99,99,FALSE,NASS Table 1,farm_operations_area_operated_acres_per_operation,NA
AG CENSUS AREA,AK,020,Anchorage Area,2002,4,"FARM OPERATIONS - AREA OPERATED, MEASURED IN ACRES / OPERATION, MEDIAN","FARM OPERATIONS - AREA OPERATED, MEASURED IN ACRES / OPERATION, MEDIAN",TOTAL,NOT SPECIFIED,"ACRES / OPERATION, MEDIAN",55,55,FALSE,NASS Table 1,farm_operations_area_operated_acres_per_operation_median,NA
AG CENSUS AREA,AK,020,Anchorage Area,2007,4,"FARM OPERATIONS - AREA OPERATED, MEASURED IN ACRES / OPERATION, MEDIAN","FARM OPERATIONS - AREA OPERATED, MEASURED IN ACRES / OPERATION, MEDIAN",TOTAL,NOT SPECIFIED,"ACRES / OPERATION, MEDIAN",45,45,FALSE,NASS Table 1,farm_operations_area_operated_acres_per_operation_median,NA
AG CENSUS AREA,AK,020,Anchorage Area,2012,4,"FARM OPERATIONS - AREA OPERATED, MEASURED IN ACRES / OPERATION, MEDIAN","FARM OPERATIONS - AREA OPERATED, MEASURED IN ACRES / OPERATION, MEDIAN",TOTAL,NOT SPECIFIED,"ACRES / OPERATION, MEDIAN",29,29,FALSE,NASS Table 1,farm_operations_area_operated_acres_per_operation_median,NA
AG CENSUS AREA,AK,020,Anchorage Area,2017,4,"FARM OPERATIONS - AREA OPERATED, MEASURED IN ACRES / OPERATION, MEDIAN","FARM OPERATIONS - AREA OPERATED, MEASURED IN ACRES / OPERATION, MEDIAN",TOTAL,NOT SPECIFIED,"ACRES / OPERATION, MEDIAN",13,13,FALSE,NASS Table 1,farm_operations_area_operated_acres_per_operation_median,NA
AG CENSUS AREA,AK,020,Anchorage Area,2022,4,"FARM OPERATIONS - AREA OPERATED, MEASURED IN ACRES / OPERATION, MEDIAN","FARM OPERATIONS - AREA OPERATED, MEASURED IN ACRES / OPERATION, MEDIAN",TOTAL,NOT SPECIFIED,"ACRES / OPERATION, MEDIAN",15,15,FALSE,NASS Table 1,farm_operations_area_operated_acres_per_operation_median,NA
AG CENSUS AREA,AK,020,Anchorage Area,1997,5,"AG LAND, INCL BUILDINGS - ASSET VALUE, MEASURED IN $ / OPERATION","AG LAND, INCL BUILDINGS - ASSET VALUE, MEASURED IN $ / OPERATION",TOTAL,NOT SPECIFIED,$ / OPERATION,364164,364164,FALSE,NASS Table 1,ag_land_incl_buildings_asset_value_usd_per_operation,NA
AG CENSUS AREA,AK,020,Anchorage Area,2002,5,"AG LAND, INCL BUILDINGS - ASSET VALUE, MEASURED IN $ / OPERATION","AG LAND, INCL BUILDINGS - ASSET VALUE, MEASURED IN $ / OPERATION",TOTAL,NOT SPECIFIED,$ / OPERATION,429707,429707,FALSE,NASS Table 1,ag_land_incl_buildings_asset_value_usd_per_operation,NA
AG CENSUS AREA,AK,020,Anchorage Area,2007,5,"AG LAND, INCL BUILDINGS - ASSET VALUE, MEASURED IN $ / OPERATION","AG LAND, INCL BUILDINGS - ASSET VALUE, MEASURED IN $ / OPERATION",TOTAL,NOT SPECIFIED,$ / OPERATION,488278,488278,FALSE,NASS Table 1,ag_land_incl_buildings_asset_value_usd_per_operation,NA
AG CENSUS AREA,AK,020,Anchorage Area,2012,5,"AG LAND, INCL BUILDINGS - ASSET VALUE, MEASURED IN $ / OPERATION","AG LAND, INCL BUILDINGS - ASSET VALUE, MEASURED IN $ / OPERATION",TOTAL,NOT SPECIFIED,$ / OPERATION,879981,879981,FALSE,NASS Table 1,ag_land_incl_buildings_asset_value_usd_per_operation,NA
AG CENSUS AREA,AK,020,Anchorage Area,2017,5,"AG LAND, INCL BUILDINGS - ASSET VALUE, MEASURED IN $ / OPERATION","AG LAND, INCL BUILDINGS - ASSET VALUE, MEASURED IN $ / OPERATION",TOTAL,NOT SPECIFIED,$ / OPERATION,809796,809796,FALSE,NASS Table 1,ag_land_incl_buildings_asset_value_usd_per_operation,NA
AG CENSUS AREA,AK,020,Anchorage Area,2022,5,"AG LAND, INCL BUILDINGS - ASSET VALUE, MEASURED IN $ / OPERATION","AG LAND, INCL BUILDINGS - ASSET VALUE, MEASURED IN $ / OPERATION",TOTAL,NOT SPECIFIED,$ / OPERATION,869125,869125,FALSE,NASS Table 1,ag_land_incl_buildings_asset_value_usd_per_operation,NA
AG CENSUS AREA,AK,020,Anchorage Area,1997,6,"AG LAND, INCL BUILDINGS - ASSET VALUE, MEASURED IN $ / ACRE","AG LAND, INCL BUILDINGS - ASSET VALUE, MEASURED IN $ / ACRE",TOTAL,NOT SPECIFIED,$ / ACRE,2006,2006,FALSE,NASS Table 1,ag_land_incl_buildings_asset_value_usd_per_acre,NA
AG CENSUS AREA,AK,020,Anchorage Area,2002,6,"AG LAND, INCL BUILDINGS - ASSET VALUE, MEASURED IN $ / ACRE","AG LAND, INCL BUILDINGS - ASSET VALUE, MEASURED IN $ / ACRE",TOTAL,NOT SPECIFIED,$ / ACRE,2299,2299,FALSE,NASS Table 1,ag_land_incl_buildings_asset_value_usd_per_acre,NA
AG CENSUS AREA,AK,020,Anchorage Area,2007,6,"AG LAND, INCL BUILDINGS - ASSET VALUE, MEASURED IN $ / ACRE","AG LAND, INCL BUILDINGS - ASSET VALUE, MEASURED IN $ / ACRE",TOTAL,NOT SPECIFIED,$ / ACRE,3536,3536,FALSE,NASS Table 1,ag_land_incl_buildings_asset_value_usd_per_acre,NA
AG CENSUS AREA,AK,020,Anchorage Area,2012,6,"AG LAND, INCL BUILDINGS - ASSET VALUE, MEASURED IN $ / ACRE","AG LAND, INCL BUILDINGS - ASSET VALUE, MEASURED IN $ / ACRE",TOTAL,NOT SPECIFIED,$ / ACRE,7039,7039,FALSE,NASS Table 1,ag_land_incl_buildings_asset_value_usd_per_acre,NA
AG CENSUS AREA,AK,020,Anchorage Area,2017,6,"AG LAND, INCL BUILDINGS - ASSET VALUE, MEASURED IN $ / ACRE","AG LAND, INCL BUILDINGS - ASSET VALUE, MEASURED IN $ / ACRE",TOTAL,NOT SPECIFIED,$ / ACRE,8242,8242,FALSE,NASS Table 1,ag_land_incl_buildings_asset_value_usd_per_acre,NA
AG CENSUS AREA,AK,020,Anchorage Area,2022,6,"AG LAND, INCL BUILDINGS - ASSET VALUE, MEASURED IN $ / ACRE","AG LAND, INCL BUILDINGS - ASSET VALUE, MEASURED IN $ / ACRE",TOTAL,NOT SPECIFIED,$ / ACRE,8816,8816,FALSE,NASS Table 1,ag_land_incl_buildings_asset_value_usd_per_acre,NA
AG CENSUS AREA,AK,020,Anchorage Area,1997,7,"MACHINERY TOTALS - ASSET VALUE, MEASURED IN $","MACHINERY TOTALS - ASSET VALUE, MEASURED IN $",TOTAL,NOT SPECIFIED,$,12101000,12101000,FALSE,NASS Table 1,machinery_totals_asset_value_usd,NA
AG CENSUS AREA,AK,020,Anchorage Area,2002,7,"MACHINERY TOTALS - ASSET VALUE, MEASURED IN $","MACHINERY TOTALS - ASSET VALUE, MEASURED IN $",TOTAL,NOT SPECIFIED,$,15540000,15540000,FALSE,NASS Table 1,machinery_totals_asset_value_usd,NA
AG CENSUS AREA,AK,020,Anchorage Area,2007,7,"MACHINERY TOTALS - ASSET VALUE, MEASURED IN $","MACHINERY TOTALS - ASSET VALUE, MEASURED IN $",TOTAL,NOT SPECIFIED,$,20159000,20159000,FALSE,NASS Table 1,machinery_totals_asset_value_usd,NA
AG CENSUS AREA,AK,020,Anchorage Area,2012,7,"MACHINERY TOTALS - ASSET VALUE, MEASURED IN $","MACHINERY TOTALS - ASSET VALUE, MEASURED IN $",TOTAL,NOT SPECIFIED,$,26915000,26915000,FALSE,NASS Table 1,machinery_totals_asset_value_usd,NA
AG CENSUS AREA,AK,020,Anchorage Area,2017,7,"MACHINERY TOTALS - ASSET VALUE, MEASURED IN $","MACHINERY TOTALS - ASSET VALUE, MEASURED IN $",TOTAL,NOT SPECIFIED,$,37421000,37421000,FALSE,NASS Table 1,machinery_totals_asset_value_usd,NA
AG CENSUS AREA,AK,020,Anchorage Area,2022,7,"MACHINERY TOTALS - ASSET VALUE, MEASURED IN $","MACHINERY TOTALS - ASSET VALUE, MEASURED IN $",TOTAL,NOT SPECIFIED,$,25543000,25543000,FALSE,NASS Table 1,machinery_totals_asset_value_usd,NA
AG CENSUS AREA,AK,020,Anchorage Area,1997,8,"MACHINERY TOTALS - ASSET VALUE, MEASURED IN $ / OPERATION","MACHINERY TOTALS - ASSET VALUE, MEASURED IN $ / OPERATION",TOTAL,NOT SPECIFIED,$ / OPERATION,54509,54509,FALSE,NASS Table 1,machinery_totals_asset_value_usd_per_operation,NA
AG CENSUS AREA,AK,020,Anchorage Area,2002,8,"MACHINERY TOTALS - ASSET VALUE, MEASURED IN $ / OPERATION","MACHINERY TOTALS - ASSET VALUE, MEASURED IN $ / OPERATION",TOTAL,NOT SPECIFIED,$ / OPERATION,63949,63949,FALSE,NASS Table 1,machinery_totals_asset_value_usd_per_operation,NA
AG CENSUS AREA,AK,020,Anchorage Area,2007,8,"MACHINERY TOTALS - ASSET VALUE, MEASURED IN $ / OPERATION","MACHINERY TOTALS - ASSET VALUE, MEASURED IN $ / OPERATION",TOTAL,NOT SPECIFIED,$ / OPERATION,72515,72515,FALSE,NASS Table 1,machinery_totals_asset_value_usd_per_operation,NA
AG CENSUS AREA,AK,020,Anchorage Area,2012,8,"MACHINERY TOTALS - ASSET VALUE, MEASURED IN $ / OPERATION","MACHINERY TOTALS - ASSET VALUE, MEASURED IN $ / OPERATION",TOTAL,NOT SPECIFIED,$ / OPERATION,92493,92493,FALSE,NASS Table 1,machinery_totals_asset_value_usd_per_operation,NA
AG CENSUS AREA,AK,020,Anchorage Area,2017,8,"MACHINERY TOTALS - ASSET VALUE, MEASURED IN $ / OPERATION","MACHINERY TOTALS - ASSET VALUE, MEASURED IN $ / OPERATION",TOTAL,NOT SPECIFIED,$ / OPERATION,106917,106917,FALSE,NASS Table 1,machinery_totals_asset_value_usd_per_operation,NA
AG CENSUS AREA,AK,020,Anchorage Area,2022,8,"MACHINERY TOTALS - ASSET VALUE, MEASURED IN $ / OPERATION","MACHINERY TOTALS - ASSET VALUE, MEASURED IN $ / OPERATION",TOTAL,NOT SPECIFIED,$ / OPERATION,63699,63699,FALSE,NASS Table 1,machinery_totals_asset_value_usd_per_operation,NA
AG CENSUS AREA,AK,020,Anchorage Area,1997,9,FARM OPERATIONS - NUMBER OF OPERATIONS | AREA OPERATED: (1.0 TO 9.9 ACRES),FARM OPERATIONS - NUMBER OF OPERATIONS,AREA OPERATED,AREA OPERATED: (1.0 TO 9.9 ACRES),OPERATIONS,46,46,FALSE,NASS Table 1,farm_operations_number_of_operations_area_operated_1_0_to_9_9_acres,NA
AG CENSUS AREA,AK,020,Anchorage Area,2002,9,FARM OPERATIONS - NUMBER OF OPERATIONS | AREA OPERATED: (1.0 TO 9.9 ACRES),FARM OPERATIONS - NUMBER OF OPERATIONS,AREA OPERATED,AREA OPERATED: (1.0 TO 9.9 ACRES),OPERATIONS,56,56,FALSE,NASS Table 1,farm_operations_number_of_operations_area_operated_1_0_to_9_9_acres,NA
AG CENSUS AREA,AK,020,Anchorage Area,2007,9,FARM OPERATIONS - NUMBER OF OPERATIONS | AREA OPERATED: (1.0 TO 9.9 ACRES),FARM OPERATIONS - NUMBER OF OPERATIONS,AREA OPERATED,AREA OPERATED: (1.0 TO 9.9 ACRES),OPERATIONS,72,72,FALSE,NASS Table 1,farm_operations_number_of_operations_area_operated_1_0_to_9_9_acres,NA
AG CENSUS AREA,AK,020,Anchorage Area,2012,9,FARM OPERATIONS - NUMBER OF OPERATIONS | AREA OPERATED: (1.0 TO 9.9 ACRES),FARM OPERATIONS - NUMBER OF OPERATIONS,AREA OPERATED,AREA OPERATED: (1.0 TO 9.9 ACRES),OPERATIONS,97,97,FALSE,NASS Table 1,farm_operations_number_of_operations_area_operated_1_0_to_9_9_acres,NA
AG CENSUS AREA,AK,020,Anchorage Area,2017,9,FARM OPERATIONS - NUMBER OF OPERATIONS | AREA OPERATED: (1.0 TO 9.9 ACRES),FARM OPERATIONS - NUMBER OF OPERATIONS,AREA OPERATED,AREA OPERATED: (1.0 TO 9.9 ACRES),OPERATIONS,145,145,FALSE,NASS Table 1,farm_operations_number_of_operations_area_operated_1_0_to_9_9_acres,NA
AG CENSUS AREA,AK,020,Anchorage Area,2022,9,FARM OPERATIONS - NUMBER OF OPERATIONS | AREA OPERATED: (1.0 TO 9.9 ACRES),FARM OPERATIONS - NUMBER OF OPERATIONS,AREA OPERATED,AREA OPERATED: (1.0 TO 9.9 ACRES),OPERATIONS,153,153,FALSE,NASS Table 1,farm_operations_number_of_operations_area_operated_1_0_to_9_9_acres,NA
AG CENSUS AREA,AK,020,Anchorage Area,1997,10,FARM OPERATIONS - NUMBER OF OPERATIONS | AREA OPERATED: (10.0 TO 49.9 ACRES),FARM OPERATIONS - NUMBER OF OPERATIONS,AREA OPERATED,AREA OPERATED: (10.0 TO 49.9 ACRES),OPERATIONS,53,53,FALSE,NASS Table 1,farm_operations_number_of_operations_area_operated_10_0_to_49_9_acres,NA
AG CENSUS AREA,AK,020,Anchorage Area,2002,10,FARM OPERATIONS - NUMBER OF OPERATIONS | AREA OPERATED: (10.0 TO 49.9 ACRES),FARM OPERATIONS - NUMBER OF OPERATIONS,AREA OPERATED,AREA OPERATED: (10.0 TO 49.9 ACRES),OPERATIONS,66,66,FALSE,NASS Table 1,farm_operations_number_of_operations_area_operated_10_0_to_49_9_acres,NA
AG CENSUS AREA,AK,020,Anchorage Area,2007,10,FARM OPERATIONS - NUMBER OF OPERATIONS | AREA OPERATED: (10.0 TO 49.9 ACRES),FARM OPERATIONS - NUMBER OF OPERATIONS,AREA OPERATED,AREA OPERATED: (10.0 TO 49.9 ACRES),OPERATIONS,68,68,FALSE,NASS Table 1,farm_operations_number_of_operations_area_operated_10_0_to_49_9_acres,NA
AG CENSUS AREA,AK,020,Anchorage Area,2012,10,FARM OPERATIONS - NUMBER OF OPERATIONS | AREA OPERATED: (10.0 TO 49.9 ACRES),FARM OPERATIONS - NUMBER OF OPERATIONS,AREA OPERATED,AREA OPERATED: (10.0 TO 49.9 ACRES),OPERATIONS,68,68,FALSE,NASS Table 1,farm_operations_number_of_operations_area_operated_10_0_to_49_9_acres,NA
AG CENSUS AREA,AK,020,Anchorage Area,2017,10,FARM OPERATIONS - NUMBER OF OPERATIONS | AREA OPERATED: (10.0 TO 49.9 ACRES),FARM OPERATIONS - NUMBER OF OPERATIONS,AREA OPERATED,AREA OPERATED: (10.0 TO 49.9 ACRES),OPERATIONS,80,80,FALSE,NASS Table 1,farm_operations_number_of_operations_area_operated_10_0_to_49_9_acres,NA
AG CENSUS AREA,AK,020,Anchorage Area,2022,10,FARM OPERATIONS - NUMBER OF OPERATIONS | AREA OPERATED: (10.0 TO 49.9 ACRES),FARM OPERATIONS - NUMBER OF OPERATIONS,AREA OPERATED,AREA OPERATED: (10.0 TO 49.9 ACRES),OPERATIONS,118,118,FALSE,NASS Table 1,farm_operations_number_of_operations_area_operated_10_0_to_49_9_acres,NA
AG CENSUS AREA,AK,020,Anchorage Area,2002,11,FARM OPERATIONS - NUMBER OF OPERATIONS | AREA OPERATED: (50 TO 179 ACRES),FARM OPERATIONS - NUMBER OF OPERATIONS,AREA OPERATED,AREA OPERATED: (50 TO 179 ACRES),OPERATIONS,65,65,FALSE,NASS Table 1,farm_operations_number_of_operations_area_operated_50_to_179_acres,NA
AG CENSUS AREA,AK,020,Anchorage Area,2007,11,FARM OPERATIONS - NUMBER OF OPERATIONS | AREA OPERATED: (50 TO 179 ACRES),FARM OPERATIONS - NUMBER OF OPERATIONS,AREA OPERATED,AREA OPERATED: (50 TO 179 ACRES),OPERATIONS,70,70,FALSE,NASS Table 1,farm_operations_number_of_operations_area_operated_50_to_179_acres,NA
AG CENSUS AREA,AK,020,Anchorage Area,2012,11,FARM OPERATIONS - NUMBER OF OPERATIONS | AREA OPERATED: (50 TO 179 ACRES),FARM OPERATIONS - NUMBER OF OPERATIONS,AREA OPERATED,AREA OPERATED: (50 TO 179 ACRES),OPERATIONS,58,58,FALSE,NASS Table 1,farm_operations_number_of_operations_area_operated_50_to_179_acres,NA
AG CENSUS AREA,AK,020,Anchorage Area,2017,11,FARM OPERATIONS - NUMBER OF OPERATIONS | AREA OPERATED: (50 TO 179 ACRES),FARM OPERATIONS - NUMBER OF OPERATIONS,AREA OPERATED,AREA OPERATED: (50 TO 179 ACRES),OPERATIONS,67,67,FALSE,NASS Table 1,farm_operations_number_of_operations_area_operated_50_to_179_acres,NA
AG CENSUS AREA,AK,020,Anchorage Area,2022,11,FARM OPERATIONS - NUMBER OF OPERATIONS | AREA OPERATED: (50 TO 179 ACRES),FARM OPERATIONS - NUMBER OF OPERATIONS,AREA OPERATED,AREA OPERATED: (50 TO 179 ACRES),OPERATIONS,65,65,FALSE,NASS Table 1,farm_operations_number_of_operations_area_operated_50_to_179_acres,NA
AG CENSUS AREA,AK,020,Anchorage Area,2002,12,FARM OPERATIONS - NUMBER OF OPERATIONS | AREA OPERATED: (180 TO 499 ACRES),FARM OPERATIONS - NUMBER OF OPERATIONS,AREA OPERATED,AREA OPERATED: (180 TO 499 ACRES),OPERATIONS,38,38,FALSE,NASS Table 1,farm_operations_number_of_operations_area_operated_180_to_499_acres,NA
AG CENSUS AREA,AK,020,Anchorage Area,2007,12,FARM OPERATIONS - NUMBER OF OPERATIONS | AREA OPERATED: (180 TO 499 ACRES),FARM OPERATIONS - NUMBER OF OPERATIONS,AREA OPERATED,AREA OPERATED: (180 TO 499 ACRES),OPERATIONS,51,51,FALSE,NASS Table 1,farm_operations_number_of_operations_area_operated_180_to_499_acres,NA
AG CENSUS AREA,AK,020,Anchorage Area,2012,12,FARM OPERATIONS - NUMBER OF OPERATIONS | AREA OPERATED: (180 TO 499 ACRES),FARM OPERATIONS - NUMBER OF OPERATIONS,AREA OPERATED,AREA OPERATED: (180 TO 499 ACRES),OPERATIONS,51,51,FALSE,NASS Table 1,farm_operations_number_of_operations_area_operated_180_to_499_acres,NA
AG CENSUS AREA,AK,020,Anchorage Area,2017,12,FARM OPERATIONS - NUMBER OF OPERATIONS | AREA OPERATED: (180 TO 499 ACRES),FARM OPERATIONS - NUMBER OF OPERATIONS,AREA OPERATED,AREA OPERATED: (180 TO 499 ACRES),OPERATIONS,44,44,FALSE,NASS Table 1,farm_operations_number_of_operations_area_operated_180_to_499_acres,NA
AG CENSUS AREA,AK,020,Anchorage Area,2022,12,FARM OPERATIONS - NUMBER OF OPERATIONS | AREA OPERATED: (180 TO 499 ACRES),FARM OPERATIONS - NUMBER OF OPERATIONS,AREA OPERATED,AREA OPERATED: (180 TO 499 ACRES),OPERATIONS,44,44,FALSE,NASS Table 1,farm_operations_number_of_operations_area_operated_180_to_499_acres,NA
AG CENSUS AREA,AK,020,Anchorage Area,1997,13,FARM OPERATIONS - NUMBER OF OPERATIONS | AREA OPERATED: (500 TO 999 ACRES),FARM OPERATIONS - NUMBER OF OPERATIONS,AREA OPERATED,AREA OPERATED: (500 TO 999 ACRES),OPERATIONS,12,12,FALSE,NASS Table 1,farm_operations_number_of_operations_area_operated_500_to_999_acres,NA
AG CENSUS AREA,AK,020,Anchorage Area,2002,13,FARM OPERATIONS - NUMBER OF OPERATIONS | AREA OPERATED: (500 TO 999 ACRES),FARM OPERATIONS - NUMBER OF OPERATIONS,AREA OPERATED,AREA OPERATED: (500 TO 999 ACRES),OPERATIONS,20,20,FALSE,NASS Table 1,farm_operations_number_of_operations_area_operated_500_to_999_acres,NA
AG CENSUS AREA,AK,020,Anchorage Area,2007,13,FARM OPERATIONS - NUMBER OF OPERATIONS | AREA OPERATED: (500 TO 999 ACRES),FARM OPERATIONS - NUMBER OF OPERATIONS,AREA OPERATED,AREA OPERATED: (500 TO 999 ACRES),OPERATIONS,14,14,FALSE,NASS Table 1,farm_operations_number_of_operations_area_operated_500_to_999_acres,NA
AG CENSUS AREA,AK,020,Anchorage Area,2012,13,FARM OPERATIONS - NUMBER OF OPERATIONS | AREA OPERATED: (500 TO 999 ACRES),FARM OPERATIONS - NUMBER OF OPERATIONS,AREA OPERATED,AREA OPERATED: (500 TO 999 ACRES),OPERATIONS,14,14,FALSE,NASS Table 1,farm_operations_number_of_operations_area_operated_500_to_999_acres,NA
AG CENSUS AREA,AK,020,Anchorage Area,2017,13,FARM OPERATIONS - NUMBER OF OPERATIONS | AREA OPERATED: (500 TO 999 ACRES),FARM OPERATIONS - NUMBER OF OPERATIONS,AREA OPERATED,AREA OPERATED: (500 TO 999 ACRES),OPERATIONS,11,11,FALSE,NASS Table 1,farm_operations_number_of_operations_area_operated_500_to_999_acres,NA
AG CENSUS AREA,AK,020,Anchorage Area,2022,13,FARM OPERATIONS - NUMBER OF OPERATIONS | AREA OPERATED: (500 TO 999 ACRES),FARM OPERATIONS - NUMBER OF OPERATIONS,AREA OPERATED,AREA OPERATED: (500 TO 999 ACRES),OPERATIONS,18,18,FALSE,NASS Table 1,farm_operations_number_of_operations_area_operated_500_to_999_acres,NA
AG CENSUS AREA,AK,020,Anchorage Area,2002,14,"FARM OPERATIONS - NUMBER OF OPERATIONS | AREA OPERATED: (1,000 OR MORE ACRES)",FARM OPERATIONS - NUMBER OF OPERATIONS,AREA OPERATED,"AREA OPERATED: (1,000 OR MORE ACRES)",OPERATIONS,6,6,FALSE,NASS Table 1,farm_operations_number_of_operations_area_operated_1_000_or_more_acres,NA
AG CENSUS AREA,AK,020,Anchorage Area,2007,14,"FARM OPERATIONS - NUMBER OF OPERATIONS | AREA OPERATED: (1,000 OR MORE ACRES)",FARM OPERATIONS - NUMBER OF OPERATIONS,AREA OPERATED,"AREA OPERATED: (1,000 OR MORE ACRES)",OPERATIONS,3,3,FALSE,NASS Table 1,farm_operations_number_of_operations_area_operated_1_000_or_more_acres,NA
AG CENSUS AREA,AK,020,Anchorage Area,2012,14,"FARM OPERATIONS - NUMBER OF OPERATIONS | AREA OPERATED: (1,000 OR MORE ACRES)",FARM OPERATIONS - NUMBER OF OPERATIONS,AREA OPERATED,"AREA OPERATED: (1,000 OR MORE ACRES)",OPERATIONS,3,3,FALSE,NASS Table 1,farm_operations_number_of_operations_area_operated_1_000_or_more_acres,NA
AG CENSUS AREA,AK,020,Anchorage Area,2017,14,"FARM OPERATIONS - NUMBER OF OPERATIONS | AREA OPERATED: (1,000 OR MORE ACRES)",FARM OPERATIONS - NUMBER OF OPERATIONS,AREA OPERATED,"AREA OPERATED: (1,000 OR MORE ACRES)",OPERATIONS,3,3,FALSE,NASS Table 1,farm_operations_number_of_operations_area_operated_1_000_or_more_acres,NA
AG CENSUS AREA,AK,020,Anchorage Area,2022,14,"FARM OPERATIONS - NUMBER OF OPERATIONS | AREA OPERATED: (1,000 OR MORE ACRES)",FARM OPERATIONS - NUMBER OF OPERATIONS,AREA OPERATED,"AREA OPERATED: (1,000 OR MORE ACRES)",OPERATIONS,3,3,FALSE,NASS Table 1,farm_operations_number_of_operations_area_operated_1_000_or_more_acres,NA
AG CENSUS AREA,AK,020,Anchorage Area,1997,15,"AG LAND, CROPLAND - NUMBER OF OPERATIONS","AG LAND, CROPLAND - NUMBER OF OPERATIONS",TOTAL,NOT SPECIFIED,OPERATIONS,179,179,FALSE,NASS Table 1,ag_land_cropland_number_of_operations,NA
AG CENSUS AREA,AK,020,Anchorage Area,2002,15,"AG LAND, CROPLAND - NUMBER OF OPERATIONS","AG LAND, CROPLAND - NUMBER OF OPERATIONS",TOTAL,NOT SPECIFIED,OPERATIONS,206,206,FALSE,NASS Table 1,ag_land_cropland_number_of_operations,NA
AG CENSUS AREA,AK,020,Anchorage Area,2007,15,"AG LAND, CROPLAND - NUMBER OF OPERATIONS","AG LAND, CROPLAND - NUMBER OF OPERATIONS",TOTAL,NOT SPECIFIED,OPERATIONS,217,217,FALSE,NASS Table 1,ag_land_cropland_number_of_operations,NA
AG CENSUS AREA,AK,020,Anchorage Area,2012,15,"AG LAND, CROPLAND - NUMBER OF OPERATIONS","AG LAND, CROPLAND - NUMBER OF OPERATIONS",TOTAL,NOT SPECIFIED,OPERATIONS,218,218,FALSE,NASS Table 1,ag_land_cropland_number_of_operations,NA
AG CENSUS AREA,AK,020,Anchorage Area,2017,15,"AG LAND, CROPLAND - NUMBER OF OPERATIONS","AG LAND, CROPLAND - NUMBER OF OPERATIONS",TOTAL,NOT SPECIFIED,OPERATIONS,274,274,FALSE,NASS Table 1,ag_land_cropland_number_of_operations,NA
AG CENSUS AREA,AK,020,Anchorage Area,2022,15,"AG LAND, CROPLAND - NUMBER OF OPERATIONS","AG LAND, CROPLAND - NUMBER OF OPERATIONS",TOTAL,NOT SPECIFIED,OPERATIONS,309,309,FALSE,NASS Table 1,ag_land_cropland_number_of_operations,NA
AG CENSUS AREA,AK,020,Anchorage Area,1997,16,"AG LAND, CROPLAND - ACRES","AG LAND, CROPLAND - ACRES",TOTAL,NOT SPECIFIED,ACRES,17936,17936,FALSE,NASS Table 1,ag_land_cropland_acres,NA
AG CENSUS AREA,AK,020,Anchorage Area,2002,16,"AG LAND, CROPLAND - ACRES","AG LAND, CROPLAND - ACRES",TOTAL,NOT SPECIFIED,ACRES,21986,21986,FALSE,NASS Table 1,ag_land_cropland_acres,NA
AG CENSUS AREA,AK,020,Anchorage Area,2007,16,"AG LAND, CROPLAND - ACRES","AG LAND, CROPLAND - ACRES",TOTAL,NOT SPECIFIED,ACRES,17048,17048,FALSE,NASS Table 1,ag_land_cropland_acres,NA
AG CENSUS AREA,AK,020,Anchorage Area,2012,16,"AG LAND, CROPLAND - ACRES","AG LAND, CROPLAND - ACRES",TOTAL,NOT SPECIFIED,ACRES,17148,17148,FALSE,NASS Table 1,ag_land_cropland_acres,NA
AG CENSUS AREA,AK,020,Anchorage Area,2017,16,"AG LAND, CROPLAND - ACRES","AG LAND, CROPLAND - ACRES",TOTAL,NOT SPECIFIED,ACRES,15585,15585,FALSE,NASS Table 1,ag_land_cropland_acres,NA
AG CENSUS AREA,AK,020,Anchorage Area,2022,16,"AG LAND, CROPLAND - ACRES","AG LAND, CROPLAND - ACRES",TOTAL,NOT SPECIFIED,ACRES,15894,15894,FALSE,NASS Table 1,ag_land_cropland_acres,NA
AG CENSUS AREA,AK,020,Anchorage Area,1997,17,"AG LAND, CROPLAND, HARVESTED - NUMBER OF OPERATIONS","AG LAND, CROPLAND, HARVESTED - NUMBER OF OPERATIONS",TOTAL,NOT SPECIFIED,OPERATIONS,158,158,FALSE,NASS Table 1,ag_land_cropland_harvested_number_of_operations,NA
AG CENSUS AREA,AK,020,Anchorage Area,2002,17,"AG LAND, CROPLAND, HARVESTED - NUMBER OF OPERATIONS","AG LAND, CROPLAND, HARVESTED - NUMBER OF OPERATIONS",TOTAL,NOT SPECIFIED,OPERATIONS,173,173,FALSE,NASS Table 1,ag_land_cropland_harvested_number_of_operations,NA
AG CENSUS AREA,AK,020,Anchorage Area,2007,17,"AG LAND, CROPLAND, HARVESTED - NUMBER OF OPERATIONS","AG LAND, CROPLAND, HARVESTED - NUMBER OF OPERATIONS",TOTAL,NOT SPECIFIED,OPERATIONS,187,187,FALSE,NASS Table 1,ag_land_cropland_harvested_number_of_operations,NA
AG CENSUS AREA,AK,020,Anchorage Area,2012,17,"AG LAND, CROPLAND, HARVESTED - NUMBER OF OPERATIONS","AG LAND, CROPLAND, HARVESTED - NUMBER OF OPERATIONS",TOTAL,NOT SPECIFIED,OPERATIONS,196,196,FALSE,NASS Table 1,ag_land_cropland_harvested_number_of_operations,NA
AG CENSUS AREA,AK,020,Anchorage Area,2017,17,"AG LAND, CROPLAND, HARVESTED - NUMBER OF OPERATIONS","AG LAND, CROPLAND, HARVESTED - NUMBER OF OPERATIONS",TOTAL,NOT SPECIFIED,OPERATIONS,246,246,FALSE,NASS Table 1,ag_land_cropland_harvested_number_of_operations,NA
AG CENSUS AREA,AK,020,Anchorage Area,2022,17,"AG LAND, CROPLAND, HARVESTED - NUMBER OF OPERATIONS","AG LAND, CROPLAND, HARVESTED - NUMBER OF OPERATIONS",TOTAL,NOT SPECIFIED,OPERATIONS,272,272,FALSE,NASS Table 1,ag_land_cropland_harvested_number_of_operations,NA
AG CENSUS AREA,AK,020,Anchorage Area,1997,18,"AG LAND, CROPLAND, HARVESTED - ACRES","AG LAND, CROPLAND, HARVESTED - ACRES",TOTAL,NOT SPECIFIED,ACRES,11526,11526,FALSE,NASS Table 1,ag_land_cropland_harvested_acres,NA
AG CENSUS AREA,AK,020,Anchorage Area,2002,18,"AG LAND, CROPLAND, HARVESTED - ACRES","AG LAND, CROPLAND, HARVESTED - ACRES",TOTAL,NOT SPECIFIED,ACRES,12841,12841,FALSE,NASS Table 1,ag_land_cropland_harvested_acres,NA
AG CENSUS AREA,AK,020,Anchorage Area,2007,18,"AG LAND, CROPLAND, HARVESTED - ACRES","AG LAND, CROPLAND, HARVESTED - ACRES",TOTAL,NOT SPECIFIED,ACRES,NA,NA,FALSE,NASS Table 1,ag_land_cropland_harvested_acres,NA
AG CENSUS AREA,AK,020,Anchorage Area,2012,18,"AG LAND, CROPLAND, HARVESTED - ACRES","AG LAND, CROPLAND, HARVESTED - ACRES",TOTAL,NOT SPECIFIED,ACRES,12177,12177,FALSE,NASS Table 1,ag_land_cropland_harvested_acres,NA
AG CENSUS AREA,AK,020,Anchorage Area,2017,18,"AG LAND, CROPLAND, HARVESTED - ACRES","AG LAND, CROPLAND, HARVESTED - ACRES",TOTAL,NOT SPECIFIED,ACRES,10682,10682,FALSE,NASS Table 1,ag_land_cropland_harvested_acres,NA
AG CENSUS AREA,AK,020,Anchorage Area,2022,18,"AG LAND, CROPLAND, HARVESTED - ACRES","AG LAND, CROPLAND, HARVESTED - ACRES",TOTAL,NOT SPECIFIED,ACRES,10838,10838,FALSE,NASS Table 1,ag_land_cropland_harvested_acres,NA
AG CENSUS AREA,AK,020,Anchorage Area,2002,19,"AG LAND, IRRIGATED - NUMBER OF OPERATIONS","AG LAND, IRRIGATED - NUMBER OF OPERATIONS",TOTAL,NOT SPECIFIED,OPERATIONS,78,78,FALSE,NASS Table 1,ag_land_irrigated_number_of_operations,NA
AG CENSUS AREA,AK,020,Anchorage Area,2007,19,"AG LAND, IRRIGATED - NUMBER OF OPERATIONS","AG LAND, IRRIGATED - NUMBER OF OPERATIONS",TOTAL,NOT SPECIFIED,OPERATIONS,101,101,FALSE,NASS Table 1,ag_land_irrigated_number_of_operations,NA
AG CENSUS AREA,AK,020,Anchorage Area,2012,19,"AG LAND, IRRIGATED - NUMBER OF OPERATIONS","AG LAND, IRRIGATED - NUMBER OF OPERATIONS",TOTAL,NOT SPECIFIED,OPERATIONS,98,98,FALSE,NASS Table 1,ag_land_irrigated_number_of_operations,NA
AG CENSUS AREA,AK,020,Anchorage Area,2017,19,"AG LAND, IRRIGATED - NUMBER OF OPERATIONS","AG LAND, IRRIGATED - NUMBER OF OPERATIONS",TOTAL,NOT SPECIFIED,OPERATIONS,130,130,FALSE,NASS Table 1,ag_land_irrigated_number_of_operations,NA
AG CENSUS AREA,AK,020,Anchorage Area,2022,19,"AG LAND, IRRIGATED - NUMBER OF OPERATIONS","AG LAND, IRRIGATED - NUMBER OF OPERATIONS",TOTAL,NOT SPECIFIED,OPERATIONS,153,153,FALSE,NASS Table 1,ag_land_irrigated_number_of_operations,NA
AG CENSUS AREA,AK,020,Anchorage Area,1997,20,"AG LAND, IRRIGATED - ACRES","AG LAND, IRRIGATED - ACRES",TOTAL,NOT SPECIFIED,ACRES,1365,1365,FALSE,NASS Table 1,ag_land_irrigated_acres,NA
AG CENSUS AREA,AK,020,Anchorage Area,2002,20,"AG LAND, IRRIGATED - ACRES","AG LAND, IRRIGATED - ACRES",TOTAL,NOT SPECIFIED,ACRES,1485,1485,FALSE,NASS Table 1,ag_land_irrigated_acres,NA
AG CENSUS AREA,AK,020,Anchorage Area,2007,20,"AG LAND, IRRIGATED - ACRES","AG LAND, IRRIGATED - ACRES",TOTAL,NOT SPECIFIED,ACRES,1724,1724,FALSE,NASS Table 1,ag_land_irrigated_acres,NA
AG CENSUS AREA,AK,020,Anchorage Area,2012,20,"AG LAND, IRRIGATED - ACRES","AG LAND, IRRIGATED - ACRES",TOTAL,NOT SPECIFIED,ACRES,1316,1316,FALSE,NASS Table 1,ag_land_irrigated_acres,NA
AG CENSUS AREA,AK,020,Anchorage Area,2017,20,"AG LAND, IRRIGATED - ACRES","AG LAND, IRRIGATED - ACRES",TOTAL,NOT SPECIFIED,ACRES,1109,1109,FALSE,NASS Table 1,ag_land_irrigated_acres,NA
AG CENSUS AREA,AK,020,Anchorage Area,2022,20,"AG LAND, IRRIGATED - ACRES","AG LAND, IRRIGATED - ACRES",TOTAL,NOT SPECIFIED,ACRES,897,897,FALSE,NASS Table 1,ag_land_irrigated_acres,NA
AG CENSUS AREA,AK,020,Anchorage Area,1997,21,"COMMODITY TOTALS - SALES, MEASURED IN $","COMMODITY TOTALS - SALES, MEASURED IN $",TOTAL,NOT SPECIFIED,$,15851000,15851000,FALSE,NASS Table 1,commodity_totals_sales_usd,NA
AG CENSUS AREA,AK,020,Anchorage Area,2002,21,"COMMODITY TOTALS - SALES, MEASURED IN $","COMMODITY TOTALS - SALES, MEASURED IN $",TOTAL,NOT SPECIFIED,$,27512000,27512000,FALSE,NASS Table 1,commodity_totals_sales_usd,NA
AG CENSUS AREA,AK,020,Anchorage Area,2007,21,"COMMODITY TOTALS - SALES, MEASURED IN $","COMMODITY TOTALS - SALES, MEASURED IN $",TOTAL,NOT SPECIFIED,$,31752000,31752000,FALSE,NASS Table 1,commodity_totals_sales_usd,NA
AG CENSUS AREA,AK,020,Anchorage Area,2012,21,"COMMODITY TOTALS - SALES, MEASURED IN $","COMMODITY TOTALS - SALES, MEASURED IN $",TOTAL,NOT SPECIFIED,$,30019000,30019000,FALSE,NASS Table 1,commodity_totals_sales_usd,NA
AG CENSUS AREA,AK,020,Anchorage Area,2017,21,"COMMODITY TOTALS - SALES, MEASURED IN $","COMMODITY TOTALS - SALES, MEASURED IN $",TOTAL,NOT SPECIFIED,$,37536000,37536000,FALSE,NASS Table 1,commodity_totals_sales_usd,NA
AG CENSUS AREA,AK,020,Anchorage Area,2022,21,"COMMODITY TOTALS - SALES, MEASURED IN $","COMMODITY TOTALS - SALES, MEASURED IN $",TOTAL,NOT SPECIFIED,$,44031000,44031000,FALSE,NASS Table 1,commodity_totals_sales_usd,NA
AG CENSUS AREA,AK,020,Anchorage Area,1997,22,"COMMODITY TOTALS - SALES, MEASURED IN $ / OPERATION","COMMODITY TOTALS - SALES, MEASURED IN $ / OPERATION",TOTAL,NOT SPECIFIED,$ / OPERATION,71400,71400,FALSE,NASS Table 1,commodity_totals_sales_usd_per_operation,NA
AG CENSUS AREA,AK,020,Anchorage Area,2002,22,"COMMODITY TOTALS - SALES, MEASURED IN $ / OPERATION","COMMODITY TOTALS - SALES, MEASURED IN $ / OPERATION",TOTAL,NOT SPECIFIED,$ / OPERATION,109608,109608,FALSE,NASS Table 1,commodity_totals_sales_usd_per_operation,NA
AG CENSUS AREA,AK,020,Anchorage Area,2007,22,"COMMODITY TOTALS - SALES, MEASURED IN $ / OPERATION","COMMODITY TOTALS - SALES, MEASURED IN $ / OPERATION",TOTAL,NOT SPECIFIED,$ / OPERATION,114216,114216,FALSE,NASS Table 1,commodity_totals_sales_usd_per_operation,NA
AG CENSUS AREA,AK,020,Anchorage Area,2012,22,"COMMODITY TOTALS - SALES, MEASURED IN $ / OPERATION","COMMODITY TOTALS - SALES, MEASURED IN $ / OPERATION",TOTAL,NOT SPECIFIED,$ / OPERATION,103158,103158,FALSE,NASS Table 1,commodity_totals_sales_usd_per_operation,NA
AG CENSUS AREA,AK,020,Anchorage Area,2017,22,"COMMODITY TOTALS - SALES, MEASURED IN $ / OPERATION","COMMODITY TOTALS - SALES, MEASURED IN $ / OPERATION",TOTAL,NOT SPECIFIED,$ / OPERATION,107245,107245,FALSE,NASS Table 1,commodity_totals_sales_usd_per_operation,NA
AG CENSUS AREA,AK,020,Anchorage Area,2022,22,"COMMODITY TOTALS - SALES, MEASURED IN $ / OPERATION","COMMODITY TOTALS - SALES, MEASURED IN $ / OPERATION",TOTAL,NOT SPECIFIED,$ / OPERATION,109804,109804,FALSE,NASS Table 1,commodity_totals_sales_usd_per_operation,NA
AG CENSUS AREA,AK,020,Anchorage Area,1997,23,"CROP TOTALS - SALES, MEASURED IN $","CROP TOTALS - SALES, MEASURED IN $",TOTAL,NOT SPECIFIED,$,10542000,10542000,FALSE,NASS Table 1,crop_totals_sales_usd,NA
AG CENSUS AREA,AK,020,Anchorage Area,2002,23,"CROP TOTALS - SALES, MEASURED IN $","CROP TOTALS - SALES, MEASURED IN $",TOTAL,NOT SPECIFIED,$,14189000,14189000,FALSE,NASS Table 1,crop_totals_sales_usd,NA
AG CENSUS AREA,AK,020,Anchorage Area,2007,23,"CROP TOTALS - SALES, MEASURED IN $","CROP TOTALS - SALES, MEASURED IN $",TOTAL,NOT SPECIFIED,$,15735000,15735000,FALSE,NASS Table 1,crop_totals_sales_usd,NA
AG CENSUS AREA,AK,020,Anchorage Area,2012,23,"CROP TOTALS - SALES, MEASURED IN $","CROP TOTALS - SALES, MEASURED IN $",TOTAL,NOT SPECIFIED,$,14205000,14205000,FALSE,NASS Table 1,crop_totals_sales_usd,NA
AG CENSUS AREA,AK,020,Anchorage Area,2017,23,"CROP TOTALS - SALES, MEASURED IN $","CROP TOTALS - SALES, MEASURED IN $",TOTAL,NOT SPECIFIED,$,17133000,17133000,FALSE,NASS Table 1,crop_totals_sales_usd,NA
AG CENSUS AREA,AK,020,Anchorage Area,2022,23,"CROP TOTALS - SALES, MEASURED IN $","CROP TOTALS - SALES, MEASURED IN $",TOTAL,NOT SPECIFIED,$,22495000,22495000,FALSE,NASS Table 1,crop_totals_sales_usd,NA
AG CENSUS AREA,AK,020,Anchorage Area,1997,24,"ANIMAL TOTALS, INCL PRODUCTS - SALES, MEASURED IN $","ANIMAL TOTALS, INCL PRODUCTS - SALES, MEASURED IN $",TOTAL,NOT SPECIFIED,$,5309000,5309000,FALSE,NASS Table 1,animal_totals_incl_products_sales_usd,NA
AG CENSUS AREA,AK,020,Anchorage Area,2002,24,"ANIMAL TOTALS, INCL PRODUCTS - SALES, MEASURED IN $","ANIMAL TOTALS, INCL PRODUCTS - SALES, MEASURED IN $",TOTAL,NOT SPECIFIED,$,13323000,13323000,FALSE,NASS Table 1,animal_totals_incl_products_sales_usd,NA
AG CENSUS AREA,AK,020,Anchorage Area,2007,24,"ANIMAL TOTALS, INCL PRODUCTS - SALES, MEASURED IN $","ANIMAL TOTALS, INCL PRODUCTS - SALES, MEASURED IN $",TOTAL,NOT SPECIFIED,$,16017000,16017000,FALSE,NASS Table 1,animal_totals_incl_products_sales_usd,NA
AG CENSUS AREA,AK,020,Anchorage Area,2012,24,"ANIMAL TOTALS, INCL PRODUCTS - SALES, MEASURED IN $","ANIMAL TOTALS, INCL PRODUCTS - SALES, MEASURED IN $",TOTAL,NOT SPECIFIED,$,15814000,15814000,FALSE,NASS Table 1,animal_totals_incl_products_sales_usd,NA
AG CENSUS AREA,AK,020,Anchorage Area,2017,24,"ANIMAL TOTALS, INCL PRODUCTS - SALES, MEASURED IN $","ANIMAL TOTALS, INCL PRODUCTS - SALES, MEASURED IN $",TOTAL,NOT SPECIFIED,$,20403000,20403000,FALSE,NASS Table 1,animal_totals_incl_products_sales_usd,NA
AG CENSUS AREA,AK,020,Anchorage Area,2022,24,"ANIMAL TOTALS, INCL PRODUCTS - SALES, MEASURED IN $","ANIMAL TOTALS, INCL PRODUCTS - SALES, MEASURED IN $",TOTAL,NOT SPECIFIED,$,21536000,21536000,FALSE,NASS Table 1,animal_totals_incl_products_sales_usd,NA
AG CENSUS AREA,AK,020,Anchorage Area,2002,25,"COMMODITY TOTALS - OPERATIONS WITH SALES | FARM SALES: (LESS THAN 2,500 $)",COMMODITY TOTALS - OPERATIONS WITH SALES,FARM SALES,"FARM SALES: (LESS THAN 2,500 $)",OPERATIONS,75,75,FALSE,NASS Table 1,commodity_totals_operations_with_sales_farm_sales_less_than_2_500_usd,NA
AG CENSUS AREA,AK,020,Anchorage Area,2007,25,"COMMODITY TOTALS - OPERATIONS WITH SALES | FARM SALES: (LESS THAN 2,500 $)",COMMODITY TOTALS - OPERATIONS WITH SALES,FARM SALES,"FARM SALES: (LESS THAN 2,500 $)",OPERATIONS,85,85,FALSE,NASS Table 1,commodity_totals_operations_with_sales_farm_sales_less_than_2_500_usd,NA
AG CENSUS AREA,AK,020,Anchorage Area,2012,25,"COMMODITY TOTALS - OPERATIONS WITH SALES | FARM SALES: (LESS THAN 2,500 $)",COMMODITY TOTALS - OPERATIONS WITH SALES,FARM SALES,"FARM SALES: (LESS THAN 2,500 $)",OPERATIONS,88,88,FALSE,NASS Table 1,commodity_totals_operations_with_sales_farm_sales_less_than_2_500_usd,NA
AG CENSUS AREA,AK,020,Anchorage Area,2017,25,"COMMODITY TOTALS - OPERATIONS WITH SALES | FARM SALES: (LESS THAN 2,500 $)",COMMODITY TOTALS - OPERATIONS WITH SALES,FARM SALES,"FARM SALES: (LESS THAN 2,500 $)",OPERATIONS,102,102,FALSE,NASS Table 1,commodity_totals_operations_with_sales_farm_sales_less_than_2_500_usd,NA
AG CENSUS AREA,AK,020,Anchorage Area,2022,25,"COMMODITY TOTALS - OPERATIONS WITH SALES | FARM SALES: (LESS THAN 2,500 $)",COMMODITY TOTALS - OPERATIONS WITH SALES,FARM SALES,"FARM SALES: (LESS THAN 2,500 $)",OPERATIONS,112,112,FALSE,NASS Table 1,commodity_totals_operations_with_sales_farm_sales_less_than_2_500_usd,NA
AG CENSUS AREA,AK,020,Anchorage Area,1997,26,"COMMODITY TOTALS - OPERATIONS WITH SALES | FARM SALES: (2,500 TO 4,999 $)",COMMODITY TOTALS - OPERATIONS WITH SALES,FARM SALES,"FARM SALES: (2,500 TO 4,999 $)",OPERATIONS,23,23,FALSE,NASS Table 1,commodity_totals_operations_with_sales_farm_sales_2_500_to_4_999_usd,NA
AG CENSUS AREA,AK,020,Anchorage Area,2002,26,"COMMODITY TOTALS - OPERATIONS WITH SALES | FARM SALES: (2,500 TO 4,999 $)",COMMODITY TOTALS - OPERATIONS WITH SALES,FARM SALES,"FARM SALES: (2,500 TO 4,999 $)",OPERATIONS,20,20,FALSE,NASS Table 1,commodity_totals_operations_with_sales_farm_sales_2_500_to_4_999_usd,NA
AG CENSUS AREA,AK,020,Anchorage Area,2007,26,"COMMODITY TOTALS - OPERATIONS WITH SALES | FARM SALES: (2,500 TO 4,999 $)",COMMODITY TOTALS - OPERATIONS WITH SALES,FARM SALES,"FARM SALES: (2,500 TO 4,999 $)",OPERATIONS,38,38,FALSE,NASS Table 1,commodity_totals_operations_with_sales_farm_sales_2_500_to_4_999_usd,NA
AG CENSUS AREA,AK,020,Anchorage Area,2012,26,"COMMODITY TOTALS - OPERATIONS WITH SALES | FARM SALES: (2,500 TO 4,999 $)",COMMODITY TOTALS - OPERATIONS WITH SALES,FARM SALES,"FARM SALES: (2,500 TO 4,999 $)",OPERATIONS,38,38,FALSE,NASS Table 1,commodity_totals_operations_with_sales_farm_sales_2_500_to_4_999_usd,NA
AG CENSUS AREA,AK,020,Anchorage Area,2017,26,"COMMODITY TOTALS - OPERATIONS WITH SALES | FARM SALES: (2,500 TO 4,999 $)",COMMODITY TOTALS - OPERATIONS WITH SALES,FARM SALES,"FARM SALES: (2,500 TO 4,999 $)",OPERATIONS,46,46,FALSE,NASS Table 1,commodity_totals_operations_with_sales_farm_sales_2_500_to_4_999_usd,NA
AG CENSUS AREA,AK,020,Anchorage Area,2022,26,"COMMODITY TOTALS - OPERATIONS WITH SALES | FARM SALES: (2,500 TO 4,999 $)",COMMODITY TOTALS - OPERATIONS WITH SALES,FARM SALES,"FARM SALES: (2,500 TO 4,999 $)",OPERATIONS,40,40,FALSE,NASS Table 1,commodity_totals_operations_with_sales_farm_sales_2_500_to_4_999_usd,NA
AG CENSUS AREA,AK,020,Anchorage Area,1997,27,"COMMODITY TOTALS - OPERATIONS WITH SALES | FARM SALES: (5,000 TO 9,999 $)",COMMODITY TOTALS - OPERATIONS WITH SALES,FARM SALES,"FARM SALES: (5,000 TO 9,999 $)",OPERATIONS,26,26,FALSE,NASS Table 1,commodity_totals_operations_with_sales_farm_sales_5_000_to_9_999_usd,NA
AG CENSUS AREA,AK,020,Anchorage Area,2002,27,"COMMODITY TOTALS - OPERATIONS WITH SALES | FARM SALES: (5,000 TO 9,999 $)",COMMODITY TOTALS - OPERATIONS WITH SALES,FARM SALES,"FARM SALES: (5,000 TO 9,999 $)",OPERATIONS,42,42,FALSE,NASS Table 1,commodity_totals_operations_with_sales_farm_sales_5_000_to_9_999_usd,NA
AG CENSUS AREA,AK,020,Anchorage Area,2007,27,"COMMODITY TOTALS - OPERATIONS WITH SALES | FARM SALES: (5,000 TO 9,999 $)",COMMODITY TOTALS - OPERATIONS WITH SALES,FARM SALES,"FARM SALES: (5,000 TO 9,999 $)",OPERATIONS,41,41,FALSE,NASS Table 1,commodity_totals_operations_with_sales_farm_sales_5_000_to_9_999_usd,NA
AG CENSUS AREA,AK,020,Anchorage Area,2012,27,"COMMODITY TOTALS - OPERATIONS WITH SALES | FARM SALES: (5,000 TO 9,999 $)",COMMODITY TOTALS - OPERATIONS WITH SALES,FARM SALES,"FARM SALES: (5,000 TO 9,999 $)",OPERATIONS,31,31,FALSE,NASS Table 1,commodity_totals_operations_with_sales_farm_sales_5_000_to_9_999_usd,NA
AG CENSUS AREA,AK,020,Anchorage Area,2017,27,"COMMODITY TOTALS - OPERATIONS WITH SALES | FARM SALES: (5,000 TO 9,999 $)",COMMODITY TOTALS - OPERATIONS WITH SALES,FARM SALES,"FARM SALES: (5,000 TO 9,999 $)",OPERATIONS,54,54,FALSE,NASS Table 1,commodity_totals_operations_with_sales_farm_sales_5_000_to_9_999_usd,NA
AG CENSUS AREA,AK,020,Anchorage Area,2022,27,"COMMODITY TOTALS - OPERATIONS WITH SALES | FARM SALES: (5,000 TO 9,999 $)",COMMODITY TOTALS - OPERATIONS WITH SALES,FARM SALES,"FARM SALES: (5,000 TO 9,999 $)",OPERATIONS,64,64,FALSE,NASS Table 1,commodity_totals_operations_with_sales_farm_sales_5_000_to_9_999_usd,NA
AG CENSUS AREA,AK,020,Anchorage Area,2002,28,"COMMODITY TOTALS - OPERATIONS WITH SALES | FARM SALES: (10,000 TO 24,999 $)",COMMODITY TOTALS - OPERATIONS WITH SALES,FARM SALES,"FARM SALES: (10,000 TO 24,999 $)",OPERATIONS,33,33,FALSE,NASS Table 1,commodity_totals_operations_with_sales_farm_sales_10_000_to_24_999_usd,NA
AG CENSUS AREA,AK,020,Anchorage Area,2007,28,"COMMODITY TOTALS - OPERATIONS WITH SALES | FARM SALES: (10,000 TO 24,999 $)",COMMODITY TOTALS - OPERATIONS WITH SALES,FARM SALES,"FARM SALES: (10,000 TO 24,999 $)",OPERATIONS,32,32,FALSE,NASS Table 1,commodity_totals_operations_with_sales_farm_sales_10_000_to_24_999_usd,NA
AG CENSUS AREA,AK,020,Anchorage Area,2012,28,"COMMODITY TOTALS - OPERATIONS WITH SALES | FARM SALES: (10,000 TO 24,999 $)",COMMODITY TOTALS - OPERATIONS WITH SALES,FARM SALES,"FARM SALES: (10,000 TO 24,999 $)",OPERATIONS,49,49,FALSE,NASS Table 1,commodity_totals_operations_with_sales_farm_sales_10_000_to_24_999_usd,NA
AG CENSUS AREA,AK,020,Anchorage Area,2017,28,"COMMODITY TOTALS - OPERATIONS WITH SALES | FARM SALES: (10,000 TO 24,999 $)",COMMODITY TOTALS - OPERATIONS WITH SALES,FARM SALES,"FARM SALES: (10,000 TO 24,999 $)",OPERATIONS,64,64,FALSE,NASS Table 1,commodity_totals_operations_with_sales_farm_sales_10_000_to_24_999_usd,NA
AG CENSUS AREA,AK,020,Anchorage Area,2022,28,"COMMODITY TOTALS - OPERATIONS WITH SALES | FARM SALES: (10,000 TO 24,999 $)",COMMODITY TOTALS - OPERATIONS WITH SALES,FARM SALES,"FARM SALES: (10,000 TO 24,999 $)",OPERATIONS,88,88,FALSE,NASS Table 1,commodity_totals_operations_with_sales_farm_sales_10_000_to_24_999_usd,NA
AG CENSUS AREA,AK,020,Anchorage Area,2002,29,"COMMODITY TOTALS - OPERATIONS WITH SALES | FARM SALES: (25,000 TO 49,999 $)",COMMODITY TOTALS - OPERATIONS WITH SALES,FARM SALES,"FARM SALES: (25,000 TO 49,999 $)",OPERATIONS,22,22,FALSE,NASS Table 1,commodity_totals_operations_with_sales_farm_sales_25_000_to_49_999_usd,NA
AG CENSUS AREA,AK,020,Anchorage Area,2007,29,"COMMODITY TOTALS - OPERATIONS WITH SALES | FARM SALES: (25,000 TO 49,999 $)",COMMODITY TOTALS - OPERATIONS WITH SALES,FARM SALES,"FARM SALES: (25,000 TO 49,999 $)",OPERATIONS,22,22,FALSE,NASS Table 1,commodity_totals_operations_with_sales_farm_sales_25_000_to_49_999_usd,NA
AG CENSUS AREA,AK,020,Anchorage Area,2012,29,"COMMODITY TOTALS - OPERATIONS WITH SALES | FARM SALES: (25,000 TO 49,999 $)",COMMODITY TOTALS - OPERATIONS WITH SALES,FARM SALES,"FARM SALES: (25,000 TO 49,999 $)",OPERATIONS,22,22,FALSE,NASS Table 1,commodity_totals_operations_with_sales_farm_sales_25_000_to_49_999_usd,NA
AG CENSUS AREA,AK,020,Anchorage Area,2017,29,"COMMODITY TOTALS - OPERATIONS WITH SALES | FARM SALES: (25,000 TO 49,999 $)",COMMODITY TOTALS - OPERATIONS WITH SALES,FARM SALES,"FARM SALES: (25,000 TO 49,999 $)",OPERATIONS,21,21,FALSE,NASS Table 1,commodity_totals_operations_with_sales_farm_sales_25_000_to_49_999_usd,NA
AG CENSUS AREA,AK,020,Anchorage Area,2022,29,"COMMODITY TOTALS - OPERATIONS WITH SALES | FARM SALES: (25,000 TO 49,999 $)",COMMODITY TOTALS - OPERATIONS WITH SALES,FARM SALES,"FARM SALES: (25,000 TO 49,999 $)",OPERATIONS,28,28,FALSE,NASS Table 1,commodity_totals_operations_with_sales_farm_sales_25_000_to_49_999_usd,NA
AG CENSUS AREA,AK,020,Anchorage Area,1997,30,"COMMODITY TOTALS - OPERATIONS WITH SALES | FARM SALES: (50,000 TO 99,999 $)",COMMODITY TOTALS - OPERATIONS WITH SALES,FARM SALES,"FARM SALES: (50,000 TO 99,999 $)",OPERATIONS,12,12,FALSE,NASS Table 1,commodity_totals_operations_with_sales_farm_sales_50_000_to_99_999_usd,NA
AG CENSUS AREA,AK,020,Anchorage Area,2002,30,"COMMODITY TOTALS - OPERATIONS WITH SALES | FARM SALES: (50,000 TO 99,999 $)",COMMODITY TOTALS - OPERATIONS WITH SALES,FARM SALES,"FARM SALES: (50,000 TO 99,999 $)",OPERATIONS,21,21,FALSE,NASS Table 1,commodity_totals_operations_with_sales_farm_sales_50_000_to_99_999_usd,NA
AG CENSUS AREA,AK,020,Anchorage Area,2007,30,"COMMODITY TOTALS - OPERATIONS WITH SALES | FARM SALES: (50,000 TO 99,999 $)",COMMODITY TOTALS - OPERATIONS WITH SALES,FARM SALES,"FARM SALES: (50,000 TO 99,999 $)",OPERATIONS,20,20,FALSE,NASS Table 1,commodity_totals_operations_with_sales_farm_sales_50_000_to_99_999_usd,NA
AG CENSUS AREA,AK,020,Anchorage Area,2012,30,"COMMODITY TOTALS - OPERATIONS WITH SALES | FARM SALES: (50,000 TO 99,999 $)",COMMODITY TOTALS - OPERATIONS WITH SALES,FARM SALES,"FARM SALES: (50,000 TO 99,999 $)",OPERATIONS,20,20,FALSE,NASS Table 1,commodity_totals_operations_with_sales_farm_sales_50_000_to_99_999_usd,NA
AG CENSUS AREA,AK,020,Anchorage Area,2017,30,"COMMODITY TOTALS - OPERATIONS WITH SALES | FARM SALES: (50,000 TO 99,999 $)",COMMODITY TOTALS - OPERATIONS WITH SALES,FARM SALES,"FARM SALES: (50,000 TO 99,999 $)",OPERATIONS,17,17,FALSE,NASS Table 1,commodity_totals_operations_with_sales_farm_sales_50_000_to_99_999_usd,NA
AG CENSUS AREA,AK,020,Anchorage Area,2022,30,"COMMODITY TOTALS - OPERATIONS WITH SALES | FARM SALES: (50,000 TO 99,999 $)",COMMODITY TOTALS - OPERATIONS WITH SALES,FARM SALES,"FARM SALES: (50,000 TO 99,999 $)",OPERATIONS,27,27,FALSE,NASS Table 1,commodity_totals_operations_with_sales_farm_sales_50_000_to_99_999_usd,NA
AG CENSUS AREA,AK,020,Anchorage Area,2002,31,"COMMODITY TOTALS - OPERATIONS WITH SALES | FARM SALES: (100,000 OR MORE $)",COMMODITY TOTALS - OPERATIONS WITH SALES,FARM SALES,"FARM SALES: (100,000 OR MORE $)",OPERATIONS,38,38,FALSE,NASS Table 1,commodity_totals_operations_with_sales_farm_sales_100_000_or_more_usd,NA
AG CENSUS AREA,AK,020,Anchorage Area,2007,31,"COMMODITY TOTALS - OPERATIONS WITH SALES | FARM SALES: (100,000 OR MORE $)",COMMODITY TOTALS - OPERATIONS WITH SALES,FARM SALES,"FARM SALES: (100,000 OR MORE $)",OPERATIONS,40,40,FALSE,NASS Table 1,commodity_totals_operations_with_sales_farm_sales_100_000_or_more_usd,NA
AG CENSUS AREA,AK,020,Anchorage Area,2012,31,"COMMODITY TOTALS - OPERATIONS WITH SALES | FARM SALES: (100,000 OR MORE $)",COMMODITY TOTALS - OPERATIONS WITH SALES,FARM SALES,"FARM SALES: (100,000 OR MORE $)",OPERATIONS,43,43,FALSE,NASS Table 1,commodity_totals_operations_with_sales_farm_sales_100_000_or_more_usd,NA
AG CENSUS AREA,AK,020,Anchorage Area,2017,31,"COMMODITY TOTALS - OPERATIONS WITH SALES | FARM SALES: (100,000 OR MORE $)",COMMODITY TOTALS - OPERATIONS WITH SALES,FARM SALES,"FARM SALES: (100,000 OR MORE $)",OPERATIONS,46,46,FALSE,NASS Table 1,commodity_totals_operations_with_sales_farm_sales_100_000_or_more_usd,NA
AG CENSUS AREA,AK,020,Anchorage Area,2022,31,"COMMODITY TOTALS - OPERATIONS WITH SALES | FARM SALES: (100,000 OR MORE $)",COMMODITY TOTALS - OPERATIONS WITH SALES,FARM SALES,"FARM SALES: (100,000 OR MORE $)",OPERATIONS,42,42,FALSE,NASS Table 1,commodity_totals_operations_with_sales_farm_sales_100_000_or_more_usd,NA
AG CENSUS AREA,AK,020,Anchorage Area,1997,32,"GOVT PROGRAMS, FEDERAL - OPERATIONS WITH RECEIPTS","GOVT PROGRAMS, FEDERAL - OPERATIONS WITH RECEIPTS",TOTAL,NOT SPECIFIED,OPERATIONS,32,32,FALSE,NASS Table 1,govt_programs_federal_operations_with_receipts,NA
AG CENSUS AREA,AK,020,Anchorage Area,2002,32,"GOVT PROGRAMS, FEDERAL - OPERATIONS WITH RECEIPTS","GOVT PROGRAMS, FEDERAL - OPERATIONS WITH RECEIPTS",TOTAL,NOT SPECIFIED,OPERATIONS,19,19,FALSE,NASS Table 1,govt_programs_federal_operations_with_receipts,NA
AG CENSUS AREA,AK,020,Anchorage Area,2007,32,"GOVT PROGRAMS, FEDERAL - OPERATIONS WITH RECEIPTS","GOVT PROGRAMS, FEDERAL - OPERATIONS WITH RECEIPTS",TOTAL,NOT SPECIFIED,OPERATIONS,17,17,FALSE,NASS Table 1,govt_programs_federal_operations_with_receipts,NA
AG CENSUS AREA,AK,020,Anchorage Area,2012,32,"GOVT PROGRAMS, FEDERAL - OPERATIONS WITH RECEIPTS","GOVT PROGRAMS, FEDERAL - OPERATIONS WITH RECEIPTS",TOTAL,NOT SPECIFIED,OPERATIONS,51,51,FALSE,NASS Table 1,govt_programs_federal_operations_with_receipts,NA
AG CENSUS AREA,AK,020,Anchorage Area,2017,32,"GOVT PROGRAMS, FEDERAL - OPERATIONS WITH RECEIPTS","GOVT PROGRAMS, FEDERAL - OPERATIONS WITH RECEIPTS",TOTAL,NOT SPECIFIED,OPERATIONS,72,72,FALSE,NASS Table 1,govt_programs_federal_operations_with_receipts,NA
AG CENSUS AREA,AK,020,Anchorage Area,2022,32,"GOVT PROGRAMS, FEDERAL - OPERATIONS WITH RECEIPTS","GOVT PROGRAMS, FEDERAL - OPERATIONS WITH RECEIPTS",TOTAL,NOT SPECIFIED,OPERATIONS,59,59,FALSE,NASS Table 1,govt_programs_federal_operations_with_receipts,NA
AG CENSUS AREA,AK,020,Anchorage Area,1997,33,"GOVT PROGRAMS, FEDERAL - RECEIPTS, MEASURED IN $","GOVT PROGRAMS, FEDERAL - RECEIPTS, MEASURED IN $",TOTAL,NOT SPECIFIED,$,194000,194000,FALSE,NASS Table 1,govt_programs_federal_receipts_usd,NA
AG CENSUS AREA,AK,020,Anchorage Area,2002,33,"GOVT PROGRAMS, FEDERAL - RECEIPTS, MEASURED IN $","GOVT PROGRAMS, FEDERAL - RECEIPTS, MEASURED IN $",TOTAL,NOT SPECIFIED,$,393000,393000,FALSE,NASS Table 1,govt_programs_federal_receipts_usd,NA
AG CENSUS AREA,AK,020,Anchorage Area,2007,33,"GOVT PROGRAMS, FEDERAL - RECEIPTS, MEASURED IN $","GOVT PROGRAMS, FEDERAL - RECEIPTS, MEASURED IN $",TOTAL,NOT SPECIFIED,$,110000,110000,FALSE,NASS Table 1,govt_programs_federal_receipts_usd,NA
AG CENSUS AREA,AK,020,Anchorage Area,2012,33,"GOVT PROGRAMS, FEDERAL - RECEIPTS, MEASURED IN $","GOVT PROGRAMS, FEDERAL - RECEIPTS, MEASURED IN $",TOTAL,NOT SPECIFIED,$,354000,354000,FALSE,NASS Table 1,govt_programs_federal_receipts_usd,NA
AG CENSUS AREA,AK,020,Anchorage Area,2017,33,"GOVT PROGRAMS, FEDERAL - RECEIPTS, MEASURED IN $","GOVT PROGRAMS, FEDERAL - RECEIPTS, MEASURED IN $",TOTAL,NOT SPECIFIED,$,262000,262000,FALSE,NASS Table 1,govt_programs_federal_receipts_usd,NA
AG CENSUS AREA,AK,020,Anchorage Area,2022,33,"GOVT PROGRAMS, FEDERAL - RECEIPTS, MEASURED IN $","GOVT PROGRAMS, FEDERAL - RECEIPTS, MEASURED IN $",TOTAL,NOT SPECIFIED,$,244000,244000,FALSE,NASS Table 1,govt_programs_federal_receipts_usd,NA
AG CENSUS AREA,AK,020,Anchorage Area,1997,34,"INCOME, FARM-RELATED - OPERATIONS WITH RECEIPTS","INCOME, FARM-RELATED - OPERATIONS WITH RECEIPTS",TOTAL,NOT SPECIFIED,OPERATIONS,39,39,FALSE,NASS Table 1,income_farm_related_operations_with_receipts,NA
AG CENSUS AREA,AK,020,Anchorage Area,2002,34,"INCOME, FARM-RELATED - OPERATIONS WITH RECEIPTS","INCOME, FARM-RELATED - OPERATIONS WITH RECEIPTS",TOTAL,NOT SPECIFIED,OPERATIONS,47,47,FALSE,NASS Table 1,income_farm_related_operations_with_receipts,NA
AG CENSUS AREA,AK,020,Anchorage Area,2007,34,"INCOME, FARM-RELATED - OPERATIONS WITH RECEIPTS","INCOME, FARM-RELATED - OPERATIONS WITH RECEIPTS",TOTAL,NOT SPECIFIED,OPERATIONS,52,52,FALSE,NASS Table 1,income_farm_related_operations_with_receipts,NA
AG CENSUS AREA,AK,020,Anchorage Area,2012,34,"INCOME, FARM-RELATED - OPERATIONS WITH RECEIPTS","INCOME, FARM-RELATED - OPERATIONS WITH RECEIPTS",TOTAL,NOT SPECIFIED,OPERATIONS,73,73,FALSE,NASS Table 1,income_farm_related_operations_with_receipts,NA
AG CENSUS AREA,AK,020,Anchorage Area,2017,34,"INCOME, FARM-RELATED - OPERATIONS WITH RECEIPTS","INCOME, FARM-RELATED - OPERATIONS WITH RECEIPTS",TOTAL,NOT SPECIFIED,OPERATIONS,73,73,FALSE,NASS Table 1,income_farm_related_operations_with_receipts,NA
AG CENSUS AREA,AK,020,Anchorage Area,2022,34,"INCOME, FARM-RELATED - OPERATIONS WITH RECEIPTS","INCOME, FARM-RELATED - OPERATIONS WITH RECEIPTS",TOTAL,NOT SPECIFIED,OPERATIONS,76,76,FALSE,NASS Table 1,income_farm_related_operations_with_receipts,NA
AG CENSUS AREA,AK,020,Anchorage Area,1997,35,"INCOME, FARM-RELATED - RECEIPTS, MEASURED IN $","INCOME, FARM-RELATED - RECEIPTS, MEASURED IN $",TOTAL,NOT SPECIFIED,$,204000,204000,FALSE,NASS Table 1,income_farm_related_receipts_usd,NA
AG CENSUS AREA,AK,020,Anchorage Area,2002,35,"INCOME, FARM-RELATED - RECEIPTS, MEASURED IN $","INCOME, FARM-RELATED - RECEIPTS, MEASURED IN $",TOTAL,NOT SPECIFIED,$,311000,311000,FALSE,NASS Table 1,income_farm_related_receipts_usd,NA
AG CENSUS AREA,AK,020,Anchorage Area,2007,35,"INCOME, FARM-RELATED - RECEIPTS, MEASURED IN $","INCOME, FARM-RELATED - RECEIPTS, MEASURED IN $",TOTAL,NOT SPECIFIED,$,1157000,1157000,FALSE,NASS Table 1,income_farm_related_receipts_usd,NA
AG CENSUS AREA,AK,020,Anchorage Area,2012,35,"INCOME, FARM-RELATED - RECEIPTS, MEASURED IN $","INCOME, FARM-RELATED - RECEIPTS, MEASURED IN $",TOTAL,NOT SPECIFIED,$,1559000,1559000,FALSE,NASS Table 1,income_farm_related_receipts_usd,NA
AG CENSUS AREA,AK,020,Anchorage Area,2017,35,"INCOME, FARM-RELATED - RECEIPTS, MEASURED IN $","INCOME, FARM-RELATED - RECEIPTS, MEASURED IN $",TOTAL,NOT SPECIFIED,$,4107000,4107000,FALSE,NASS Table 1,income_farm_related_receipts_usd,NA
AG CENSUS AREA,AK,020,Anchorage Area,2022,35,"INCOME, FARM-RELATED - RECEIPTS, MEASURED IN $","INCOME, FARM-RELATED - RECEIPTS, MEASURED IN $",TOTAL,NOT SPECIFIED,$,2096000,2096000,FALSE,NASS Table 1,income_farm_related_receipts_usd,NA
AG CENSUS AREA,AK,020,Anchorage Area,1997,36,"EXPENSE TOTALS, OPERATING - EXPENSE, MEASURED IN $","EXPENSE TOTALS, OPERATING - EXPENSE, MEASURED IN $",TOTAL,NOT SPECIFIED,$,13246000,13246000,FALSE,NASS Table 1,expense_totals_operating_expense_usd,NA
AG CENSUS AREA,AK,020,Anchorage Area,2002,36,"EXPENSE TOTALS, OPERATING - EXPENSE, MEASURED IN $","EXPENSE TOTALS, OPERATING - EXPENSE, MEASURED IN $",TOTAL,NOT SPECIFIED,$,19354000,19354000,FALSE,NASS Table 1,expense_totals_operating_expense_usd,NA
AG CENSUS AREA,AK,020,Anchorage Area,2007,36,"EXPENSE TOTALS, OPERATING - EXPENSE, MEASURED IN $","EXPENSE TOTALS, OPERATING - EXPENSE, MEASURED IN $",TOTAL,NOT SPECIFIED,$,24967000,24967000,FALSE,NASS Table 1,expense_totals_operating_expense_usd,NA
AG CENSUS AREA,AK,020,Anchorage Area,2012,36,"EXPENSE TOTALS, OPERATING - EXPENSE, MEASURED IN $","EXPENSE TOTALS, OPERATING - EXPENSE, MEASURED IN $",TOTAL,NOT SPECIFIED,$,25003000,25003000,FALSE,NASS Table 1,expense_totals_operating_expense_usd,NA
AG CENSUS AREA,AK,020,Anchorage Area,2017,36,"EXPENSE TOTALS, OPERATING - EXPENSE, MEASURED IN $","EXPENSE TOTALS, OPERATING - EXPENSE, MEASURED IN $",TOTAL,NOT SPECIFIED,$,30600000,30600000,FALSE,NASS Table 1,expense_totals_operating_expense_usd,NA
AG CENSUS AREA,AK,020,Anchorage Area,2022,36,"EXPENSE TOTALS, OPERATING - EXPENSE, MEASURED IN $","EXPENSE TOTALS, OPERATING - EXPENSE, MEASURED IN $",TOTAL,NOT SPECIFIED,$,37316000,37316000,FALSE,NASS Table 1,expense_totals_operating_expense_usd,NA
AG CENSUS AREA,AK,020,Anchorage Area,1997,37,"EXPENSE TOTALS, OPERATING - EXPENSE, MEASURED IN $ / OPERATION","EXPENSE TOTALS, OPERATING - EXPENSE, MEASURED IN $ / OPERATION",TOTAL,NOT SPECIFIED,$ / OPERATION,59668,59668,FALSE,NASS Table 1,expense_totals_operating_expense_usd_per_operation,NA
AG CENSUS AREA,AK,020,Anchorage Area,2002,37,"EXPENSE TOTALS, OPERATING - EXPENSE, MEASURED IN $ / OPERATION","EXPENSE TOTALS, OPERATING - EXPENSE, MEASURED IN $ / OPERATION",TOTAL,NOT SPECIFIED,$ / OPERATION,77109,77109,FALSE,NASS Table 1,expense_totals_operating_expense_usd_per_operation,NA
AG CENSUS AREA,AK,020,Anchorage Area,2007,37,"EXPENSE TOTALS, OPERATING - EXPENSE, MEASURED IN $ / OPERATION","EXPENSE TOTALS, OPERATING - EXPENSE, MEASURED IN $ / OPERATION",TOTAL,NOT SPECIFIED,$ / OPERATION,89809,89809,FALSE,NASS Table 1,expense_totals_operating_expense_usd_per_operation,NA
AG CENSUS AREA,AK,020,Anchorage Area,2012,37,"EXPENSE TOTALS, OPERATING - EXPENSE, MEASURED IN $ / OPERATION","EXPENSE TOTALS, OPERATING - EXPENSE, MEASURED IN $ / OPERATION",TOTAL,NOT SPECIFIED,$ / OPERATION,85922,85922,FALSE,NASS Table 1,expense_totals_operating_expense_usd_per_operation,NA
AG CENSUS AREA,AK,020,Anchorage Area,2017,37,"EXPENSE TOTALS, OPERATING - EXPENSE, MEASURED IN $ / OPERATION","EXPENSE TOTALS, OPERATING - EXPENSE, MEASURED IN $ / OPERATION",TOTAL,NOT SPECIFIED,$ / OPERATION,87427,87427,FALSE,NASS Table 1,expense_totals_operating_expense_usd_per_operation,NA
AG CENSUS AREA,AK,020,Anchorage Area,2022,37,"EXPENSE TOTALS, OPERATING - EXPENSE, MEASURED IN $ / OPERATION","EXPENSE TOTALS, OPERATING - EXPENSE, MEASURED IN $ / OPERATION",TOTAL,NOT SPECIFIED,$ / OPERATION,93056,93056,FALSE,NASS Table 1,expense_totals_operating_expense_usd_per_operation,NA
AG CENSUS AREA,AK,020,Anchorage Area,2002,38,"INCOME, NET CASH FARM, OF OPERATIONS - OPERATIONS WITH NET INCOME","INCOME, NET CASH FARM, OF OPERATIONS - OPERATIONS WITH NET INCOME",TOTAL,NOT SPECIFIED,OPERATIONS,251,251,FALSE,NASS Table 1,income_net_cash_farm_of_operations_operations_with_net_income,NA
AG CENSUS AREA,AK,020,Anchorage Area,2007,38,"INCOME, NET CASH FARM, OF OPERATIONS - OPERATIONS WITH NET INCOME","INCOME, NET CASH FARM, OF OPERATIONS - OPERATIONS WITH NET INCOME",TOTAL,NOT SPECIFIED,OPERATIONS,278,278,FALSE,NASS Table 1,income_net_cash_farm_of_operations_operations_with_net_income,NA
AG CENSUS AREA,AK,020,Anchorage Area,2012,38,"INCOME, NET CASH FARM, OF OPERATIONS - OPERATIONS WITH NET INCOME","INCOME, NET CASH FARM, OF OPERATIONS - OPERATIONS WITH NET INCOME",TOTAL,NOT SPECIFIED,OPERATIONS,291,291,FALSE,NASS Table 1,income_net_cash_farm_of_operations_operations_with_net_income,NA
AG CENSUS AREA,AK,020,Anchorage Area,2017,38,"INCOME, NET CASH FARM, OF OPERATIONS - OPERATIONS WITH NET INCOME","INCOME, NET CASH FARM, OF OPERATIONS - OPERATIONS WITH NET INCOME",TOTAL,NOT SPECIFIED,OPERATIONS,350,350,FALSE,NASS Table 1,income_net_cash_farm_of_operations_operations_with_net_income,NA
AG CENSUS AREA,AK,020,Anchorage Area,2022,38,"INCOME, NET CASH FARM, OF OPERATIONS - OPERATIONS WITH NET INCOME","INCOME, NET CASH FARM, OF OPERATIONS - OPERATIONS WITH NET INCOME",TOTAL,NOT SPECIFIED,OPERATIONS,401,401,FALSE,NASS Table 1,income_net_cash_farm_of_operations_operations_with_net_income,NA
AG CENSUS AREA,AK,020,Anchorage Area,2002,39,"INCOME, NET CASH FARM, OF OPERATIONS - NET INCOME, MEASURED IN $","INCOME, NET CASH FARM, OF OPERATIONS - NET INCOME, MEASURED IN $",TOTAL,NOT SPECIFIED,$,8861000,8861000,FALSE,NASS Table 1,income_net_cash_farm_of_operations_net_income_usd,NA
AG CENSUS AREA,AK,020,Anchorage Area,2007,39,"INCOME, NET CASH FARM, OF OPERATIONS - NET INCOME, MEASURED IN $","INCOME, NET CASH FARM, OF OPERATIONS - NET INCOME, MEASURED IN $",TOTAL,NOT SPECIFIED,$,8052000,8052000,FALSE,NASS Table 1,income_net_cash_farm_of_operations_net_income_usd,NA
AG CENSUS AREA,AK,020,Anchorage Area,2012,39,"INCOME, NET CASH FARM, OF OPERATIONS - NET INCOME, MEASURED IN $","INCOME, NET CASH FARM, OF OPERATIONS - NET INCOME, MEASURED IN $",TOTAL,NOT SPECIFIED,$,6929000,6929000,FALSE,NASS Table 1,income_net_cash_farm_of_operations_net_income_usd,NA
AG CENSUS AREA,AK,020,Anchorage Area,2017,39,"INCOME, NET CASH FARM, OF OPERATIONS - NET INCOME, MEASURED IN $","INCOME, NET CASH FARM, OF OPERATIONS - NET INCOME, MEASURED IN $",TOTAL,NOT SPECIFIED,$,11305000,11305000,FALSE,NASS Table 1,income_net_cash_farm_of_operations_net_income_usd,NA
AG CENSUS AREA,AK,020,Anchorage Area,2022,39,"INCOME, NET CASH FARM, OF OPERATIONS - NET INCOME, MEASURED IN $","INCOME, NET CASH FARM, OF OPERATIONS - NET INCOME, MEASURED IN $",TOTAL,NOT SPECIFIED,$,9055000,9055000,FALSE,NASS Table 1,income_net_cash_farm_of_operations_net_income_usd,NA
AG CENSUS AREA,AK,020,Anchorage Area,2002,40,"INCOME, NET CASH FARM, OF OPERATIONS - NET INCOME, MEASURED IN $ / OPERATION","INCOME, NET CASH FARM, OF OPERATIONS - NET INCOME, MEASURED IN $ / OPERATION",TOTAL,NOT SPECIFIED,$ / OPERATION,35302,35302,FALSE,NASS Table 1,income_net_cash_farm_of_operations_net_income_usd_per_operation,NA
AG CENSUS AREA,AK,020,Anchorage Area,2007,40,"INCOME, NET CASH FARM, OF OPERATIONS - NET INCOME, MEASURED IN $ / OPERATION","INCOME, NET CASH FARM, OF OPERATIONS - NET INCOME, MEASURED IN $ / OPERATION",TOTAL,NOT SPECIFIED,$ / OPERATION,28966,28966,FALSE,NASS Table 1,income_net_cash_farm_of_operations_net_income_usd_per_operation,NA
AG CENSUS AREA,AK,020,Anchorage Area,2012,40,"INCOME, NET CASH FARM, OF OPERATIONS - NET INCOME, MEASURED IN $ / OPERATION","INCOME, NET CASH FARM, OF OPERATIONS - NET INCOME, MEASURED IN $ / OPERATION",TOTAL,NOT SPECIFIED,$ / OPERATION,23811,23811,FALSE,NASS Table 1,income_net_cash_farm_of_operations_net_income_usd_per_operation,NA
AG CENSUS AREA,AK,020,Anchorage Area,2017,40,"INCOME, NET CASH FARM, OF OPERATIONS - NET INCOME, MEASURED IN $ / OPERATION","INCOME, NET CASH FARM, OF OPERATIONS - NET INCOME, MEASURED IN $ / OPERATION",TOTAL,NOT SPECIFIED,$ / OPERATION,32300,32300,FALSE,NASS Table 1,income_net_cash_farm_of_operations_net_income_usd_per_operation,NA
AG CENSUS AREA,AK,020,Anchorage Area,2022,40,"INCOME, NET CASH FARM, OF OPERATIONS - NET INCOME, MEASURED IN $ / OPERATION","INCOME, NET CASH FARM, OF OPERATIONS - NET INCOME, MEASURED IN $ / OPERATION",TOTAL,NOT SPECIFIED,$ / OPERATION,22582,22582,FALSE,NASS Table 1,income_net_cash_farm_of_operations_net_income_usd_per_operation,NA
AG CENSUS AREA,AK,020,Anchorage Area,1997,41,"CATTLE, INCL CALVES - OPERATIONS WITH INVENTORY","CATTLE, INCL CALVES - OPERATIONS WITH INVENTORY",TOTAL,NOT SPECIFIED,OPERATIONS,47,47,FALSE,NASS Table 1,cattle_incl_calves_operations_with_inventory,NA
AG CENSUS AREA,AK,020,Anchorage Area,2002,41,"CATTLE, INCL CALVES - OPERATIONS WITH INVENTORY","CATTLE, INCL CALVES - OPERATIONS WITH INVENTORY",TOTAL,NOT SPECIFIED,OPERATIONS,46,46,FALSE,NASS Table 1,cattle_incl_calves_operations_with_inventory,NA
AG CENSUS AREA,AK,020,Anchorage Area,2007,41,"CATTLE, INCL CALVES - OPERATIONS WITH INVENTORY","CATTLE, INCL CALVES - OPERATIONS WITH INVENTORY",TOTAL,NOT SPECIFIED,OPERATIONS,45,45,FALSE,NASS Table 1,cattle_incl_calves_operations_with_inventory,NA
AG CENSUS AREA,AK,020,Anchorage Area,2012,41,"CATTLE, INCL CALVES - OPERATIONS WITH INVENTORY","CATTLE, INCL CALVES - OPERATIONS WITH INVENTORY",TOTAL,NOT SPECIFIED,OPERATIONS,54,54,FALSE,NASS Table 1,cattle_incl_calves_operations_with_inventory,NA
AG CENSUS AREA,AK,020,Anchorage Area,2017,41,"CATTLE, INCL CALVES - OPERATIONS WITH INVENTORY","CATTLE, INCL CALVES - OPERATIONS WITH INVENTORY",TOTAL,NOT SPECIFIED,OPERATIONS,54,54,FALSE,NASS Table 1,cattle_incl_calves_operations_with_inventory,NA
AG CENSUS AREA,AK,020,Anchorage Area,2022,41,"CATTLE, INCL CALVES - OPERATIONS WITH INVENTORY","CATTLE, INCL CALVES - OPERATIONS WITH INVENTORY",TOTAL,NOT SPECIFIED,OPERATIONS,61,61,FALSE,NASS Table 1,cattle_incl_calves_operations_with_inventory,NA
AG CENSUS AREA,AK,020,Anchorage Area,1997,42,"CATTLE, INCL CALVES - INVENTORY","CATTLE, INCL CALVES - INVENTORY",TOTAL,NOT SPECIFIED,HEAD,1965,1965,FALSE,NASS Table 1,cattle_incl_calves_inventory,NA
AG CENSUS AREA,AK,020,Anchorage Area,2002,42,"CATTLE, INCL CALVES - INVENTORY","CATTLE, INCL CALVES - INVENTORY",TOTAL,NOT SPECIFIED,HEAD,2487,2487,FALSE,NASS Table 1,cattle_incl_calves_inventory,NA
AG CENSUS AREA,AK,020,Anchorage Area,2007,42,"CATTLE, INCL CALVES - INVENTORY","CATTLE, INCL CALVES - INVENTORY",TOTAL,NOT SPECIFIED,HEAD,1355,1355,FALSE,NASS Table 1,cattle_incl_calves_inventory,NA
AG CENSUS AREA,AK,020,Anchorage Area,2012,42,"CATTLE, INCL CALVES - INVENTORY","CATTLE, INCL CALVES - INVENTORY",TOTAL,NOT SPECIFIED,HEAD,1242,1242,FALSE,NASS Table 1,cattle_incl_calves_inventory,NA
AG CENSUS AREA,AK,020,Anchorage Area,2017,42,"CATTLE, INCL CALVES - INVENTORY","CATTLE, INCL CALVES - INVENTORY",TOTAL,NOT SPECIFIED,HEAD,1500,1500,FALSE,NASS Table 1,cattle_incl_calves_inventory,NA
AG CENSUS AREA,AK,020,Anchorage Area,2022,42,"CATTLE, INCL CALVES - INVENTORY","CATTLE, INCL CALVES - INVENTORY",TOTAL,NOT SPECIFIED,HEAD,NA,NA,FALSE,NASS Table 1,cattle_incl_calves_inventory,NA
AG CENSUS AREA,AK,020,Anchorage Area,1997,43,"CATTLE, COWS, BEEF - OPERATIONS WITH INVENTORY","CATTLE, COWS, BEEF - OPERATIONS WITH INVENTORY",TOTAL,NOT SPECIFIED,OPERATIONS,29,29,FALSE,NASS Table 1,cattle_cows_beef_operations_with_inventory,NA
AG CENSUS AREA,AK,020,Anchorage Area,2002,43,"CATTLE, COWS, BEEF - OPERATIONS WITH INVENTORY","CATTLE, COWS, BEEF - OPERATIONS WITH INVENTORY",TOTAL,NOT SPECIFIED,OPERATIONS,31,31,FALSE,NASS Table 1,cattle_cows_beef_operations_with_inventory,NA
AG CENSUS AREA,AK,020,Anchorage Area,2007,43,"CATTLE, COWS, BEEF - OPERATIONS WITH INVENTORY","CATTLE, COWS, BEEF - OPERATIONS WITH INVENTORY",TOTAL,NOT SPECIFIED,OPERATIONS,30,30,FALSE,NASS Table 1,cattle_cows_beef_operations_with_inventory,NA
AG CENSUS AREA,AK,020,Anchorage Area,2012,43,"CATTLE, COWS, BEEF - OPERATIONS WITH INVENTORY","CATTLE, COWS, BEEF - OPERATIONS WITH INVENTORY",TOTAL,NOT SPECIFIED,OPERATIONS,36,36,FALSE,NASS Table 1,cattle_cows_beef_operations_with_inventory,NA
AG CENSUS AREA,AK,020,Anchorage Area,2017,43,"CATTLE, COWS, BEEF - OPERATIONS WITH INVENTORY","CATTLE, COWS, BEEF - OPERATIONS WITH INVENTORY",TOTAL,NOT SPECIFIED,OPERATIONS,40,40,FALSE,NASS Table 1,cattle_cows_beef_operations_with_inventory,NA
AG CENSUS AREA,AK,020,Anchorage Area,2022,43,"CATTLE, COWS, BEEF - OPERATIONS WITH INVENTORY","CATTLE, COWS, BEEF - OPERATIONS WITH INVENTORY",TOTAL,NOT SPECIFIED,OPERATIONS,47,47,FALSE,NASS Table 1,cattle_cows_beef_operations_with_inventory,NA
AG CENSUS AREA,AK,020,Anchorage Area,1997,44,"CATTLE, COWS, BEEF - INVENTORY","CATTLE, COWS, BEEF - INVENTORY",TOTAL,NOT SPECIFIED,HEAD,342,342,FALSE,NASS Table 1,cattle_cows_beef_inventory,NA
AG CENSUS AREA,AK,020,Anchorage Area,2002,44,"CATTLE, COWS, BEEF - INVENTORY","CATTLE, COWS, BEEF - INVENTORY",TOTAL,NOT SPECIFIED,HEAD,454,454,FALSE,NASS Table 1,cattle_cows_beef_inventory,NA
AG CENSUS AREA,AK,020,Anchorage Area,2007,44,"CATTLE, COWS, BEEF - INVENTORY","CATTLE, COWS, BEEF - INVENTORY",TOTAL,NOT SPECIFIED,HEAD,522,522,FALSE,NASS Table 1,cattle_cows_beef_inventory,NA
AG CENSUS AREA,AK,020,Anchorage Area,2012,44,"CATTLE, COWS, BEEF - INVENTORY","CATTLE, COWS, BEEF - INVENTORY",TOTAL,NOT SPECIFIED,HEAD,NA,NA,FALSE,NASS Table 1,cattle_cows_beef_inventory,NA
AG CENSUS AREA,AK,020,Anchorage Area,2017,44,"CATTLE, COWS, BEEF - INVENTORY","CATTLE, COWS, BEEF - INVENTORY",TOTAL,NOT SPECIFIED,HEAD,NA,NA,FALSE,NASS Table 1,cattle_cows_beef_inventory,NA
AG CENSUS AREA,AK,020,Anchorage Area,2022,44,"CATTLE, COWS, BEEF - INVENTORY","CATTLE, COWS, BEEF - INVENTORY",TOTAL,NOT SPECIFIED,HEAD,NA,NA,FALSE,NASS Table 1,cattle_cows_beef_inventory,NA
AG CENSUS AREA,AK,020,Anchorage Area,1997,45,"CATTLE, COWS, MILK - OPERATIONS WITH INVENTORY","CATTLE, COWS, MILK - OPERATIONS WITH INVENTORY",TOTAL,NOT SPECIFIED,OPERATIONS,11,11,FALSE,NASS Table 1,cattle_cows_milk_operations_with_inventory,NA
AG CENSUS AREA,AK,020,Anchorage Area,2002,45,"CATTLE, COWS, MILK - OPERATIONS WITH INVENTORY","CATTLE, COWS, MILK - OPERATIONS WITH INVENTORY",TOTAL,NOT SPECIFIED,OPERATIONS,12,12,FALSE,NASS Table 1,cattle_cows_milk_operations_with_inventory,NA
AG CENSUS AREA,AK,020,Anchorage Area,2007,45,"CATTLE, COWS, MILK - OPERATIONS WITH INVENTORY","CATTLE, COWS, MILK - OPERATIONS WITH INVENTORY",TOTAL,NOT SPECIFIED,OPERATIONS,8,8,FALSE,NASS Table 1,cattle_cows_milk_operations_with_inventory,NA
AG CENSUS AREA,AK,020,Anchorage Area,2012,45,"CATTLE, COWS, MILK - OPERATIONS WITH INVENTORY","CATTLE, COWS, MILK - OPERATIONS WITH INVENTORY",TOTAL,NOT SPECIFIED,OPERATIONS,12,12,FALSE,NASS Table 1,cattle_cows_milk_operations_with_inventory,NA
AG CENSUS AREA,AK,020,Anchorage Area,2017,45,"CATTLE, COWS, MILK - OPERATIONS WITH INVENTORY","CATTLE, COWS, MILK - OPERATIONS WITH INVENTORY",TOTAL,NOT SPECIFIED,OPERATIONS,10,10,FALSE,NASS Table 1,cattle_cows_milk_operations_with_inventory,NA
AG CENSUS AREA,AK,020,Anchorage Area,2022,45,"CATTLE, COWS, MILK - OPERATIONS WITH INVENTORY","CATTLE, COWS, MILK - OPERATIONS WITH INVENTORY",TOTAL,NOT SPECIFIED,OPERATIONS,9,9,FALSE,NASS Table 1,cattle_cows_milk_operations_with_inventory,NA
AG CENSUS AREA,AK,020,Anchorage Area,1997,46,"CATTLE, COWS, MILK - INVENTORY","CATTLE, COWS, MILK - INVENTORY",TOTAL,NOT SPECIFIED,HEAD,798,798,FALSE,NASS Table 1,cattle_cows_milk_inventory,NA
AG CENSUS AREA,AK,020,Anchorage Area,2002,46,"CATTLE, COWS, MILK - INVENTORY","CATTLE, COWS, MILK - INVENTORY",TOTAL,NOT SPECIFIED,HEAD,1028,1028,FALSE,NASS Table 1,cattle_cows_milk_inventory,NA
AG CENSUS AREA,AK,020,Anchorage Area,2007,46,"CATTLE, COWS, MILK - INVENTORY","CATTLE, COWS, MILK - INVENTORY",TOTAL,NOT SPECIFIED,HEAD,347,347,FALSE,NASS Table 1,cattle_cows_milk_inventory,NA
AG CENSUS AREA,AK,020,Anchorage Area,2012,46,"CATTLE, COWS, MILK - INVENTORY","CATTLE, COWS, MILK - INVENTORY",TOTAL,NOT SPECIFIED,HEAD,NA,NA,FALSE,NASS Table 1,cattle_cows_milk_inventory,NA
AG CENSUS AREA,AK,020,Anchorage Area,2017,46,"CATTLE, COWS, MILK - INVENTORY","CATTLE, COWS, MILK - INVENTORY",TOTAL,NOT SPECIFIED,HEAD,NA,NA,FALSE,NASS Table 1,cattle_cows_milk_inventory,NA
AG CENSUS AREA,AK,020,Anchorage Area,2022,46,"CATTLE, COWS, MILK - INVENTORY","CATTLE, COWS, MILK - INVENTORY",TOTAL,NOT SPECIFIED,HEAD,29,29,FALSE,NASS Table 1,cattle_cows_milk_inventory,NA
AG CENSUS AREA,AK,020,Anchorage Area,1997,47,"CATTLE, INCL CALVES - OPERATIONS WITH SALES","CATTLE, INCL CALVES - OPERATIONS WITH SALES",TOTAL,NOT SPECIFIED,OPERATIONS,33,33,FALSE,NASS Table 1,cattle_incl_calves_operations_with_sales,NA
AG CENSUS AREA,AK,020,Anchorage Area,2002,47,"CATTLE, INCL CALVES - OPERATIONS WITH SALES","CATTLE, INCL CALVES - OPERATIONS WITH SALES",TOTAL,NOT SPECIFIED,OPERATIONS,39,39,FALSE,NASS Table 1,cattle_incl_calves_operations_with_sales,NA
AG CENSUS AREA,AK,020,Anchorage Area,2007,47,"CATTLE, INCL CALVES - OPERATIONS WITH SALES","CATTLE, INCL CALVES - OPERATIONS WITH SALES",TOTAL,NOT SPECIFIED,OPERATIONS,29,29,FALSE,NASS Table 1,cattle_incl_calves_operations_with_sales,NA
AG CENSUS AREA,AK,020,Anchorage Area,2012,47,"CATTLE, INCL CALVES - OPERATIONS WITH SALES","CATTLE, INCL CALVES - OPERATIONS WITH SALES",TOTAL,NOT SPECIFIED,OPERATIONS,27,27,FALSE,NASS Table 1,cattle_incl_calves_operations_with_sales,NA
AG CENSUS AREA,AK,020,Anchorage Area,2017,47,"CATTLE, INCL CALVES - OPERATIONS WITH SALES","CATTLE, INCL CALVES - OPERATIONS WITH SALES",TOTAL,NOT SPECIFIED,OPERATIONS,39,39,FALSE,NASS Table 1,cattle_incl_calves_operations_with_sales,NA
AG CENSUS AREA,AK,020,Anchorage Area,2022,47,"CATTLE, INCL CALVES - OPERATIONS WITH SALES","CATTLE, INCL CALVES - OPERATIONS WITH SALES",TOTAL,NOT SPECIFIED,OPERATIONS,47,47,FALSE,NASS Table 1,cattle_incl_calves_operations_with_sales,NA
AG CENSUS AREA,AK,020,Anchorage Area,1997,48,"CATTLE, INCL CALVES - SALES, MEASURED IN HEAD","CATTLE, INCL CALVES - SALES, MEASURED IN HEAD",TOTAL,NOT SPECIFIED,HEAD,601,601,FALSE,NASS Table 1,cattle_incl_calves_sales_head,NA
AG CENSUS AREA,AK,020,Anchorage Area,2002,48,"CATTLE, INCL CALVES - SALES, MEASURED IN HEAD","CATTLE, INCL CALVES - SALES, MEASURED IN HEAD",TOTAL,NOT SPECIFIED,HEAD,718,718,FALSE,NASS Table 1,cattle_incl_calves_sales_head,NA
AG CENSUS AREA,AK,020,Anchorage Area,2007,48,"CATTLE, INCL CALVES - SALES, MEASURED IN HEAD","CATTLE, INCL CALVES - SALES, MEASURED IN HEAD",TOTAL,NOT SPECIFIED,HEAD,438,438,FALSE,NASS Table 1,cattle_incl_calves_sales_head,NA
AG CENSUS AREA,AK,020,Anchorage Area,2012,48,"CATTLE, INCL CALVES - SALES, MEASURED IN HEAD","CATTLE, INCL CALVES - SALES, MEASURED IN HEAD",TOTAL,NOT SPECIFIED,HEAD,308,308,FALSE,NASS Table 1,cattle_incl_calves_sales_head,NA
AG CENSUS AREA,AK,020,Anchorage Area,2017,48,"CATTLE, INCL CALVES - SALES, MEASURED IN HEAD","CATTLE, INCL CALVES - SALES, MEASURED IN HEAD",TOTAL,NOT SPECIFIED,HEAD,795,795,FALSE,NASS Table 1,cattle_incl_calves_sales_head,NA
AG CENSUS AREA,AK,020,Anchorage Area,2022,48,"CATTLE, INCL CALVES - SALES, MEASURED IN HEAD","CATTLE, INCL CALVES - SALES, MEASURED IN HEAD",TOTAL,NOT SPECIFIED,HEAD,563,563,FALSE,NASS Table 1,cattle_incl_calves_sales_head,NA
AG CENSUS AREA,AK,020,Anchorage Area,1997,49,HOGS - OPERATIONS WITH INVENTORY,HOGS - OPERATIONS WITH INVENTORY,TOTAL,NOT SPECIFIED,OPERATIONS,21,21,FALSE,NASS Table 1,hogs_operations_with_inventory,NA
AG CENSUS AREA,AK,020,Anchorage Area,2002,49,HOGS - OPERATIONS WITH INVENTORY,HOGS - OPERATIONS WITH INVENTORY,TOTAL,NOT SPECIFIED,OPERATIONS,24,24,FALSE,NASS Table 1,hogs_operations_with_inventory,NA
AG CENSUS AREA,AK,020,Anchorage Area,2007,49,HOGS - OPERATIONS WITH INVENTORY,HOGS - OPERATIONS WITH INVENTORY,TOTAL,NOT SPECIFIED,OPERATIONS,19,19,FALSE,NASS Table 1,hogs_operations_with_inventory,NA
AG CENSUS AREA,AK,020,Anchorage Area,2012,49,HOGS - OPERATIONS WITH INVENTORY,HOGS - OPERATIONS WITH INVENTORY,TOTAL,NOT SPECIFIED,OPERATIONS,19,19,FALSE,NASS Table 1,hogs_operations_with_inventory,NA
AG CENSUS AREA,AK,020,Anchorage Area,2017,49,HOGS - OPERATIONS WITH INVENTORY,HOGS - OPERATIONS WITH INVENTORY,TOTAL,NOT SPECIFIED,OPERATIONS,32,32,FALSE,NASS Table 1,hogs_operations_with_inventory,NA
AG CENSUS AREA,AK,020,Anchorage Area,2022,49,HOGS - OPERATIONS WITH INVENTORY,HOGS - OPERATIONS WITH INVENTORY,TOTAL,NOT SPECIFIED,OPERATIONS,38,38,FALSE,NASS Table 1,hogs_operations_with_inventory,NA
AG CENSUS AREA,AK,020,Anchorage Area,1997,50,HOGS - INVENTORY,HOGS - INVENTORY,TOTAL,NOT SPECIFIED,HEAD,491,491,FALSE,NASS Table 1,hogs_inventory,NA
AG CENSUS AREA,AK,020,Anchorage Area,2002,50,HOGS - INVENTORY,HOGS - INVENTORY,TOTAL,NOT SPECIFIED,HEAD,570,570,FALSE,NASS Table 1,hogs_inventory,NA
AG CENSUS AREA,AK,020,Anchorage Area,2007,50,HOGS - INVENTORY,HOGS - INVENTORY,TOTAL,NOT SPECIFIED,HEAD,425,425,FALSE,NASS Table 1,hogs_inventory,NA
AG CENSUS AREA,AK,020,Anchorage Area,2012,50,HOGS - INVENTORY,HOGS - INVENTORY,TOTAL,NOT SPECIFIED,HEAD,579,579,FALSE,NASS Table 1,hogs_inventory,NA
AG CENSUS AREA,AK,020,Anchorage Area,2017,50,HOGS - INVENTORY,HOGS - INVENTORY,TOTAL,NOT SPECIFIED,HEAD,727,727,FALSE,NASS Table 1,hogs_inventory,NA
AG CENSUS AREA,AK,020,Anchorage Area,2022,50,HOGS - INVENTORY,HOGS - INVENTORY,TOTAL,NOT SPECIFIED,HEAD,670,670,FALSE,NASS Table 1,hogs_inventory,NA
AG CENSUS AREA,AK,020,Anchorage Area,1997,51,HOGS - OPERATIONS WITH SALES,HOGS - OPERATIONS WITH SALES,TOTAL,NOT SPECIFIED,OPERATIONS,11,11,FALSE,NASS Table 1,hogs_operations_with_sales,NA
AG CENSUS AREA,AK,020,Anchorage Area,2002,51,HOGS - OPERATIONS WITH SALES,HOGS - OPERATIONS WITH SALES,TOTAL,NOT SPECIFIED,OPERATIONS,21,21,FALSE,NASS Table 1,hogs_operations_with_sales,NA
AG CENSUS AREA,AK,020,Anchorage Area,2007,51,HOGS - OPERATIONS WITH SALES,HOGS - OPERATIONS WITH SALES,TOTAL,NOT SPECIFIED,OPERATIONS,21,21,FALSE,NASS Table 1,hogs_operations_with_sales,NA
AG CENSUS AREA,AK,020,Anchorage Area,2012,51,HOGS - OPERATIONS WITH SALES,HOGS - OPERATIONS WITH SALES,TOTAL,NOT SPECIFIED,OPERATIONS,15,15,FALSE,NASS Table 1,hogs_operations_with_sales,NA
AG CENSUS AREA,AK,020,Anchorage Area,2017,51,HOGS - OPERATIONS WITH SALES,HOGS - OPERATIONS WITH SALES,TOTAL,NOT SPECIFIED,OPERATIONS,27,27,FALSE,NASS Table 1,hogs_operations_with_sales,NA
AG CENSUS AREA,AK,020,Anchorage Area,2022,51,HOGS - OPERATIONS WITH SALES,HOGS - OPERATIONS WITH SALES,TOTAL,NOT SPECIFIED,OPERATIONS,32,32,FALSE,NASS Table 1,hogs_operations_with_sales,NA
AG CENSUS AREA,AK,020,Anchorage Area,1997,52,"HOGS - SALES, MEASURED IN HEAD","HOGS - SALES, MEASURED IN HEAD",TOTAL,NOT SPECIFIED,HEAD,NA,NA,FALSE,NASS Table 1,hogs_sales_head,NA
AG CENSUS AREA,AK,020,Anchorage Area,2002,52,"HOGS - SALES, MEASURED IN HEAD","HOGS - SALES, MEASURED IN HEAD",TOTAL,NOT SPECIFIED,HEAD,1244,1244,FALSE,NASS Table 1,hogs_sales_head,NA
AG CENSUS AREA,AK,020,Anchorage Area,2007,52,"HOGS - SALES, MEASURED IN HEAD","HOGS - SALES, MEASURED IN HEAD",TOTAL,NOT SPECIFIED,HEAD,1311,1311,FALSE,NASS Table 1,hogs_sales_head,NA
AG CENSUS AREA,AK,020,Anchorage Area,2012,52,"HOGS - SALES, MEASURED IN HEAD","HOGS - SALES, MEASURED IN HEAD",TOTAL,NOT SPECIFIED,HEAD,NA,NA,FALSE,NASS Table 1,hogs_sales_head,NA
AG CENSUS AREA,AK,020,Anchorage Area,2017,52,"HOGS - SALES, MEASURED IN HEAD","HOGS - SALES, MEASURED IN HEAD",TOTAL,NOT SPECIFIED,HEAD,2019,2019,FALSE,NASS Table 1,hogs_sales_head,NA
AG CENSUS AREA,AK,020,Anchorage Area,2022,52,"HOGS - SALES, MEASURED IN HEAD","HOGS - SALES, MEASURED IN HEAD",TOTAL,NOT SPECIFIED,HEAD,2088,2088,FALSE,NASS Table 1,hogs_sales_head,NA
AG CENSUS AREA,AK,020,Anchorage Area,1997,53,"SHEEP, INCL LAMBS - OPERATIONS WITH INVENTORY","SHEEP, INCL LAMBS - OPERATIONS WITH INVENTORY",TOTAL,NOT SPECIFIED,OPERATIONS,17,17,FALSE,NASS Table 1,sheep_incl_lambs_operations_with_inventory,NA
AG CENSUS AREA,AK,020,Anchorage Area,2002,53,"SHEEP, INCL LAMBS - OPERATIONS WITH INVENTORY","SHEEP, INCL LAMBS - OPERATIONS WITH INVENTORY",TOTAL,NOT SPECIFIED,OPERATIONS,15,15,FALSE,NASS Table 1,sheep_incl_lambs_operations_with_inventory,NA
AG CENSUS AREA,AK,020,Anchorage Area,2007,53,"SHEEP, INCL LAMBS - OPERATIONS WITH INVENTORY","SHEEP, INCL LAMBS - OPERATIONS WITH INVENTORY",TOTAL,NOT SPECIFIED,OPERATIONS,18,18,FALSE,NASS Table 1,sheep_incl_lambs_operations_with_inventory,NA
AG CENSUS AREA,AK,020,Anchorage Area,2012,53,"SHEEP, INCL LAMBS - OPERATIONS WITH INVENTORY","SHEEP, INCL LAMBS - OPERATIONS WITH INVENTORY",TOTAL,NOT SPECIFIED,OPERATIONS,25,25,FALSE,NASS Table 1,sheep_incl_lambs_operations_with_inventory,NA
AG CENSUS AREA,AK,020,Anchorage Area,2017,53,"SHEEP, INCL LAMBS - OPERATIONS WITH INVENTORY","SHEEP, INCL LAMBS - OPERATIONS WITH INVENTORY",TOTAL,NOT SPECIFIED,OPERATIONS,24,24,FALSE,NASS Table 1,sheep_incl_lambs_operations_with_inventory,NA
AG CENSUS AREA,AK,020,Anchorage Area,2022,53,"SHEEP, INCL LAMBS - OPERATIONS WITH INVENTORY","SHEEP, INCL LAMBS - OPERATIONS WITH INVENTORY",TOTAL,NOT SPECIFIED,OPERATIONS,28,28,FALSE,NASS Table 1,sheep_incl_lambs_operations_with_inventory,NA
AG CENSUS AREA,AK,020,Anchorage Area,1997,54,"SHEEP, INCL LAMBS - INVENTORY","SHEEP, INCL LAMBS - INVENTORY",TOTAL,NOT SPECIFIED,HEAD,467,467,FALSE,NASS Table 1,sheep_incl_lambs_inventory,NA
AG CENSUS AREA,AK,020,Anchorage Area,2002,54,"SHEEP, INCL LAMBS - INVENTORY","SHEEP, INCL LAMBS - INVENTORY",TOTAL,NOT SPECIFIED,HEAD,290,290,FALSE,NASS Table 1,sheep_incl_lambs_inventory,NA
AG CENSUS AREA,AK,020,Anchorage Area,2007,54,"SHEEP, INCL LAMBS - INVENTORY","SHEEP, INCL LAMBS - INVENTORY",TOTAL,NOT SPECIFIED,HEAD,355,355,FALSE,NASS Table 1,sheep_incl_lambs_inventory,NA
AG CENSUS AREA,AK,020,Anchorage Area,2012,54,"SHEEP, INCL LAMBS - INVENTORY","SHEEP, INCL LAMBS - INVENTORY",TOTAL,NOT SPECIFIED,HEAD,326,326,FALSE,NASS Table 1,sheep_incl_lambs_inventory,NA
AG CENSUS AREA,AK,020,Anchorage Area,2017,54,"SHEEP, INCL LAMBS - INVENTORY","SHEEP, INCL LAMBS - INVENTORY",TOTAL,NOT SPECIFIED,HEAD,348,348,FALSE,NASS Table 1,sheep_incl_lambs_inventory,NA
AG CENSUS AREA,AK,020,Anchorage Area,2022,54,"SHEEP, INCL LAMBS - INVENTORY","SHEEP, INCL LAMBS - INVENTORY",TOTAL,NOT SPECIFIED,HEAD,263,263,FALSE,NASS Table 1,sheep_incl_lambs_inventory,NA
AG CENSUS AREA,AK,020,Anchorage Area,1997,55,"CHICKENS, LAYERS - OPERATIONS WITH INVENTORY","CHICKENS, LAYERS - OPERATIONS WITH INVENTORY",TOTAL,NOT SPECIFIED,OPERATIONS,27,27,FALSE,NASS Table 1,chickens_layers_operations_with_inventory,NA
AG CENSUS AREA,AK,020,Anchorage Area,2002,55,"CHICKENS, LAYERS - OPERATIONS WITH INVENTORY","CHICKENS, LAYERS - OPERATIONS WITH INVENTORY",TOTAL,NOT SPECIFIED,OPERATIONS,41,41,FALSE,NASS Table 1,chickens_layers_operations_with_inventory,NA
AG CENSUS AREA,AK,020,Anchorage Area,2007,55,"CHICKENS, LAYERS - OPERATIONS WITH INVENTORY","CHICKENS, LAYERS - OPERATIONS WITH INVENTORY",TOTAL,NOT SPECIFIED,OPERATIONS,40,40,FALSE,NASS Table 1,chickens_layers_operations_with_inventory,NA
AG CENSUS AREA,AK,020,Anchorage Area,2012,55,"CHICKENS, LAYERS - OPERATIONS WITH INVENTORY","CHICKENS, LAYERS - OPERATIONS WITH INVENTORY",TOTAL,NOT SPECIFIED,OPERATIONS,63,63,FALSE,NASS Table 1,chickens_layers_operations_with_inventory,NA
AG CENSUS AREA,AK,020,Anchorage Area,2017,55,"CHICKENS, LAYERS - OPERATIONS WITH INVENTORY","CHICKENS, LAYERS - OPERATIONS WITH INVENTORY",TOTAL,NOT SPECIFIED,OPERATIONS,60,60,FALSE,NASS Table 1,chickens_layers_operations_with_inventory,NA
AG CENSUS AREA,AK,020,Anchorage Area,2022,55,"CHICKENS, LAYERS - OPERATIONS WITH INVENTORY","CHICKENS, LAYERS - OPERATIONS WITH INVENTORY",TOTAL,NOT SPECIFIED,OPERATIONS,88,88,FALSE,NASS Table 1,chickens_layers_operations_with_inventory,NA
AG CENSUS AREA,AK,020,Anchorage Area,1997,56,"CHICKENS, LAYERS - INVENTORY","CHICKENS, LAYERS - INVENTORY",TOTAL,NOT SPECIFIED,HEAD,786,786,FALSE,NASS Table 1,chickens_layers_inventory,NA
AG CENSUS AREA,AK,020,Anchorage Area,2002,56,"CHICKENS, LAYERS - INVENTORY","CHICKENS, LAYERS - INVENTORY",TOTAL,NOT SPECIFIED,HEAD,1541,1541,FALSE,NASS Table 1,chickens_layers_inventory,NA
AG CENSUS AREA,AK,020,Anchorage Area,2007,56,"CHICKENS, LAYERS - INVENTORY","CHICKENS, LAYERS - INVENTORY",TOTAL,NOT SPECIFIED,HEAD,2350,2350,FALSE,NASS Table 1,chickens_layers_inventory,NA
AG CENSUS AREA,AK,020,Anchorage Area,2012,56,"CHICKENS, LAYERS - INVENTORY","CHICKENS, LAYERS - INVENTORY",TOTAL,NOT SPECIFIED,HEAD,5099,5099,FALSE,NASS Table 1,chickens_layers_inventory,NA
AG CENSUS AREA,AK,020,Anchorage Area,2017,56,"CHICKENS, LAYERS - INVENTORY","CHICKENS, LAYERS - INVENTORY",TOTAL,NOT SPECIFIED,HEAD,4309,4309,FALSE,NASS Table 1,chickens_layers_inventory,NA
AG CENSUS AREA,AK,020,Anchorage Area,2022,56,"CHICKENS, LAYERS - INVENTORY","CHICKENS, LAYERS - INVENTORY",TOTAL,NOT SPECIFIED,HEAD,4364,4364,FALSE,NASS Table 1,chickens_layers_inventory,NA
AG CENSUS AREA,AK,020,Anchorage Area,1997,57,"CHICKENS, BROILERS - OPERATIONS WITH SALES","CHICKENS, BROILERS - OPERATIONS WITH SALES",TOTAL,NOT SPECIFIED,OPERATIONS,3,3,FALSE,NASS Table 1,chickens_broilers_operations_with_sales,NA
AG CENSUS AREA,AK,020,Anchorage Area,2002,57,"CHICKENS, BROILERS - OPERATIONS WITH SALES","CHICKENS, BROILERS - OPERATIONS WITH SALES",TOTAL,NOT SPECIFIED,OPERATIONS,4,4,FALSE,NASS Table 1,chickens_broilers_operations_with_sales,NA
AG CENSUS AREA,AK,020,Anchorage Area,2007,57,"CHICKENS, BROILERS - OPERATIONS WITH SALES","CHICKENS, BROILERS - OPERATIONS WITH SALES",TOTAL,NOT SPECIFIED,OPERATIONS,7,7,FALSE,NASS Table 1,chickens_broilers_operations_with_sales,NA
AG CENSUS AREA,AK,020,Anchorage Area,2012,57,"CHICKENS, BROILERS - OPERATIONS WITH SALES","CHICKENS, BROILERS - OPERATIONS WITH SALES",TOTAL,NOT SPECIFIED,OPERATIONS,6,6,FALSE,NASS Table 1,chickens_broilers_operations_with_sales,NA
AG CENSUS AREA,AK,020,Anchorage Area,2017,57,"CHICKENS, BROILERS - OPERATIONS WITH SALES","CHICKENS, BROILERS - OPERATIONS WITH SALES",TOTAL,NOT SPECIFIED,OPERATIONS,11,11,FALSE,NASS Table 1,chickens_broilers_operations_with_sales,NA
AG CENSUS AREA,AK,020,Anchorage Area,2022,57,"CHICKENS, BROILERS - OPERATIONS WITH SALES","CHICKENS, BROILERS - OPERATIONS WITH SALES",TOTAL,NOT SPECIFIED,OPERATIONS,16,16,FALSE,NASS Table 1,chickens_broilers_operations_with_sales,NA
AG CENSUS AREA,AK,020,Anchorage Area,1997,58,"CHICKENS, BROILERS - SALES, MEASURED IN HEAD","CHICKENS, BROILERS - SALES, MEASURED IN HEAD",TOTAL,NOT SPECIFIED,HEAD,NA,NA,FALSE,NASS Table 1,chickens_broilers_sales_head,NA
AG CENSUS AREA,AK,020,Anchorage Area,2002,58,"CHICKENS, BROILERS - SALES, MEASURED IN HEAD","CHICKENS, BROILERS - SALES, MEASURED IN HEAD",TOTAL,NOT SPECIFIED,HEAD,NA,NA,FALSE,NASS Table 1,chickens_broilers_sales_head,NA
AG CENSUS AREA,AK,020,Anchorage Area,2007,58,"CHICKENS, BROILERS - SALES, MEASURED IN HEAD","CHICKENS, BROILERS - SALES, MEASURED IN HEAD",TOTAL,NOT SPECIFIED,HEAD,NA,NA,FALSE,NASS Table 1,chickens_broilers_sales_head,NA
AG CENSUS AREA,AK,020,Anchorage Area,2012,58,"CHICKENS, BROILERS - SALES, MEASURED IN HEAD","CHICKENS, BROILERS - SALES, MEASURED IN HEAD",TOTAL,NOT SPECIFIED,HEAD,710,710,FALSE,NASS Table 1,chickens_broilers_sales_head,NA
AG CENSUS AREA,AK,020,Anchorage Area,2017,58,"CHICKENS, BROILERS - SALES, MEASURED IN HEAD","CHICKENS, BROILERS - SALES, MEASURED IN HEAD",TOTAL,NOT SPECIFIED,HEAD,5777,5777,FALSE,NASS Table 1,chickens_broilers_sales_head,NA
AG CENSUS AREA,AK,020,Anchorage Area,2022,58,"CHICKENS, BROILERS - SALES, MEASURED IN HEAD","CHICKENS, BROILERS - SALES, MEASURED IN HEAD",TOTAL,NOT SPECIFIED,HEAD,5642,5642,FALSE,NASS Table 1,chickens_broilers_sales_head,NA
AG CENSUS AREA,AK,020,Anchorage Area,2017,65,WHEAT - OPERATIONS WITH AREA HARVESTED,WHEAT - OPERATIONS WITH AREA HARVESTED,TOTAL,NOT SPECIFIED,OPERATIONS,2,2,FALSE,NASS Table 1,wheat_operations_with_area_harvested,NA
AG CENSUS AREA,AK,020,Anchorage Area,2022,65,WHEAT - OPERATIONS WITH AREA HARVESTED,WHEAT - OPERATIONS WITH AREA HARVESTED,TOTAL,NOT SPECIFIED,OPERATIONS,1,1,FALSE,NASS Table 1,wheat_operations_with_area_harvested,NA
AG CENSUS AREA,AK,020,Anchorage Area,2017,66,WHEAT - ACRES HARVESTED,WHEAT - ACRES HARVESTED,TOTAL,NOT SPECIFIED,ACRES,NA,NA,FALSE,NASS Table 1,wheat_acres_harvested,NA
AG CENSUS AREA,AK,020,Anchorage Area,2022,66,WHEAT - ACRES HARVESTED,WHEAT - ACRES HARVESTED,TOTAL,NOT SPECIFIED,ACRES,NA,NA,FALSE,NASS Table 1,wheat_acres_harvested,NA
AG CENSUS AREA,AK,020,Anchorage Area,2017,67,"WHEAT - PRODUCTION, MEASURED IN BU","WHEAT - PRODUCTION, MEASURED IN BU",TOTAL,NOT SPECIFIED,BU,NA,NA,FALSE,NASS Table 1,wheat_production_bu,NA
AG CENSUS AREA,AK,020,Anchorage Area,2022,67,"WHEAT - PRODUCTION, MEASURED IN BU","WHEAT - PRODUCTION, MEASURED IN BU",TOTAL,NOT SPECIFIED,BU,NA,NA,FALSE,NASS Table 1,wheat_production_bu,NA
AG CENSUS AREA,AK,020,Anchorage Area,2017,71,"WHEAT, SPRING, (EXCL DURUM) - OPERATIONS WITH AREA HARVESTED","WHEAT, SPRING, (EXCL DURUM) - OPERATIONS WITH AREA HARVESTED",TOTAL,NOT SPECIFIED,OPERATIONS,2,2,FALSE,NASS Table 1,wheat_spring_excl_durum_operations_with_area_harvested,NA
AG CENSUS AREA,AK,020,Anchorage Area,2022,71,"WHEAT, SPRING, (EXCL DURUM) - OPERATIONS WITH AREA HARVESTED","WHEAT, SPRING, (EXCL DURUM) - OPERATIONS WITH AREA HARVESTED",TOTAL,NOT SPECIFIED,OPERATIONS,1,1,FALSE,NASS Table 1,wheat_spring_excl_durum_operations_with_area_harvested,NA
AG CENSUS AREA,AK,020,Anchorage Area,2017,72,"WHEAT, SPRING, (EXCL DURUM) - ACRES HARVESTED","WHEAT, SPRING, (EXCL DURUM) - ACRES HARVESTED",TOTAL,NOT SPECIFIED,ACRES,NA,NA,FALSE,NASS Table 1,wheat_spring_excl_durum_acres_harvested,NA
AG CENSUS AREA,AK,020,Anchorage Area,2022,72,"WHEAT, SPRING, (EXCL DURUM) - ACRES HARVESTED","WHEAT, SPRING, (EXCL DURUM) - ACRES HARVESTED",TOTAL,NOT SPECIFIED,ACRES,NA,NA,FALSE,NASS Table 1,wheat_spring_excl_durum_acres_harvested,NA
AG CENSUS AREA,AK,020,Anchorage Area,2017,73,"WHEAT, SPRING, (EXCL DURUM) - PRODUCTION, MEASURED IN BU","WHEAT, SPRING, (EXCL DURUM) - PRODUCTION, MEASURED IN BU",TOTAL,NOT SPECIFIED,BU,NA,NA,FALSE,NASS Table 1,wheat_spring_excl_durum_production_bu,NA
AG CENSUS AREA,AK,020,Anchorage Area,2022,73,"WHEAT, SPRING, (EXCL DURUM) - PRODUCTION, MEASURED IN BU","WHEAT, SPRING, (EXCL DURUM) - PRODUCTION, MEASURED IN BU",TOTAL,NOT SPECIFIED,BU,NA,NA,FALSE,NASS Table 1,wheat_spring_excl_durum_production_bu,NA
AG CENSUS AREA,AK,020,Anchorage Area,1997,77,OATS - OPERATIONS WITH AREA HARVESTED,OATS - OPERATIONS WITH AREA HARVESTED,TOTAL,NOT SPECIFIED,OPERATIONS,8,8,FALSE,NASS Table 1,oats_operations_with_area_harvested,NA
AG CENSUS AREA,AK,020,Anchorage Area,2002,77,OATS - OPERATIONS WITH AREA HARVESTED,OATS - OPERATIONS WITH AREA HARVESTED,TOTAL,NOT SPECIFIED,OPERATIONS,3,3,FALSE,NASS Table 1,oats_operations_with_area_harvested,NA
AG CENSUS AREA,AK,020,Anchorage Area,2007,77,OATS - OPERATIONS WITH AREA HARVESTED,OATS - OPERATIONS WITH AREA HARVESTED,TOTAL,NOT SPECIFIED,OPERATIONS,2,2,FALSE,NASS Table 1,oats_operations_with_area_harvested,NA
AG CENSUS AREA,AK,020,Anchorage Area,2012,77,OATS - OPERATIONS WITH AREA HARVESTED,OATS - OPERATIONS WITH AREA HARVESTED,TOTAL,NOT SPECIFIED,OPERATIONS,2,2,FALSE,NASS Table 1,oats_operations_with_area_harvested,NA
AG CENSUS AREA,AK,020,Anchorage Area,2017,77,OATS - OPERATIONS WITH AREA HARVESTED,OATS - OPERATIONS WITH AREA HARVESTED,TOTAL,NOT SPECIFIED,OPERATIONS,4,4,FALSE,NASS Table 1,oats_operations_with_area_harvested,NA
AG CENSUS AREA,AK,020,Anchorage Area,1997,78,OATS - ACRES HARVESTED,OATS - ACRES HARVESTED,TOTAL,NOT SPECIFIED,ACRES,146,146,FALSE,NASS Table 1,oats_acres_harvested,NA
AG CENSUS AREA,AK,020,Anchorage Area,2002,78,OATS - ACRES HARVESTED,OATS - ACRES HARVESTED,TOTAL,NOT SPECIFIED,ACRES,NA,NA,FALSE,NASS Table 1,oats_acres_harvested,NA
AG CENSUS AREA,AK,020,Anchorage Area,2007,78,OATS - ACRES HARVESTED,OATS - ACRES HARVESTED,TOTAL,NOT SPECIFIED,ACRES,NA,NA,FALSE,NASS Table 1,oats_acres_harvested,NA
AG CENSUS AREA,AK,020,Anchorage Area,2012,78,OATS - ACRES HARVESTED,OATS - ACRES HARVESTED,TOTAL,NOT SPECIFIED,ACRES,NA,NA,FALSE,NASS Table 1,oats_acres_harvested,NA
AG CENSUS AREA,AK,020,Anchorage Area,2017,78,OATS - ACRES HARVESTED,OATS - ACRES HARVESTED,TOTAL,NOT SPECIFIED,ACRES,50,50,FALSE,NASS Table 1,oats_acres_harvested,NA
AG CENSUS AREA,AK,020,Anchorage Area,1997,79,"OATS - PRODUCTION, MEASURED IN BU","OATS - PRODUCTION, MEASURED IN BU",TOTAL,NOT SPECIFIED,BU,6923,6923,FALSE,NASS Table 1,oats_production_bu,NA
AG CENSUS AREA,AK,020,Anchorage Area,2002,79,"OATS - PRODUCTION, MEASURED IN BU","OATS - PRODUCTION, MEASURED IN BU",TOTAL,NOT SPECIFIED,BU,NA,NA,FALSE,NASS Table 1,oats_production_bu,NA
AG CENSUS AREA,AK,020,Anchorage Area,2007,79,"OATS - PRODUCTION, MEASURED IN BU","OATS - PRODUCTION, MEASURED IN BU",TOTAL,NOT SPECIFIED,BU,NA,NA,FALSE,NASS Table 1,oats_production_bu,NA
AG CENSUS AREA,AK,020,Anchorage Area,2012,79,"OATS - PRODUCTION, MEASURED IN BU","OATS - PRODUCTION, MEASURED IN BU",TOTAL,NOT SPECIFIED,BU,NA,NA,FALSE,NASS Table 1,oats_production_bu,NA
AG CENSUS AREA,AK,020,Anchorage Area,2017,79,"OATS - PRODUCTION, MEASURED IN BU","OATS - PRODUCTION, MEASURED IN BU",TOTAL,NOT SPECIFIED,BU,3000,3000,FALSE,NASS Table 1,oats_production_bu,NA
AG CENSUS AREA,AK,020,Anchorage Area,1997,80,BARLEY - OPERATIONS WITH AREA HARVESTED,BARLEY - OPERATIONS WITH AREA HARVESTED,TOTAL,NOT SPECIFIED,OPERATIONS,8,8,FALSE,NASS Table 1,barley_operations_with_area_harvested,NA
AG CENSUS AREA,AK,020,Anchorage Area,2002,80,BARLEY - OPERATIONS WITH AREA HARVESTED,BARLEY - OPERATIONS WITH AREA HARVESTED,TOTAL,NOT SPECIFIED,OPERATIONS,4,4,FALSE,NASS Table 1,barley_operations_with_area_harvested,NA
AG CENSUS AREA,AK,020,Anchorage Area,2007,80,BARLEY - OPERATIONS WITH AREA HARVESTED,BARLEY - OPERATIONS WITH AREA HARVESTED,TOTAL,NOT SPECIFIED,OPERATIONS,4,4,FALSE,NASS Table 1,barley_operations_with_area_harvested,NA
AG CENSUS AREA,AK,020,Anchorage Area,2012,80,BARLEY - OPERATIONS WITH AREA HARVESTED,BARLEY - OPERATIONS WITH AREA HARVESTED,TOTAL,NOT SPECIFIED,OPERATIONS,2,2,FALSE,NASS Table 1,barley_operations_with_area_harvested,NA
AG CENSUS AREA,AK,020,Anchorage Area,2017,80,BARLEY - OPERATIONS WITH AREA HARVESTED,BARLEY - OPERATIONS WITH AREA HARVESTED,TOTAL,NOT SPECIFIED,OPERATIONS,4,4,FALSE,NASS Table 1,barley_operations_with_area_harvested,NA
AG CENSUS AREA,AK,020,Anchorage Area,2022,80,BARLEY - OPERATIONS WITH AREA HARVESTED,BARLEY - OPERATIONS WITH AREA HARVESTED,TOTAL,NOT SPECIFIED,OPERATIONS,5,5,FALSE,NASS Table 1,barley_operations_with_area_harvested,NA
AG CENSUS AREA,AK,020,Anchorage Area,1997,81,BARLEY - ACRES HARVESTED,BARLEY - ACRES HARVESTED,TOTAL,NOT SPECIFIED,ACRES,NA,NA,FALSE,NASS Table 1,barley_acres_harvested,NA
AG CENSUS AREA,AK,020,Anchorage Area,2002,81,BARLEY - ACRES HARVESTED,BARLEY - ACRES HARVESTED,TOTAL,NOT SPECIFIED,ACRES,NA,NA,FALSE,NASS Table 1,barley_acres_harvested,NA
AG CENSUS AREA,AK,020,Anchorage Area,2007,81,BARLEY - ACRES HARVESTED,BARLEY - ACRES HARVESTED,TOTAL,NOT SPECIFIED,ACRES,NA,NA,FALSE,NASS Table 1,barley_acres_harvested,NA
AG CENSUS AREA,AK,020,Anchorage Area,2012,81,BARLEY - ACRES HARVESTED,BARLEY - ACRES HARVESTED,TOTAL,NOT SPECIFIED,ACRES,NA,NA,FALSE,NASS Table 1,barley_acres_harvested,NA
AG CENSUS AREA,AK,020,Anchorage Area,2017,81,BARLEY - ACRES HARVESTED,BARLEY - ACRES HARVESTED,TOTAL,NOT SPECIFIED,ACRES,15,15,FALSE,NASS Table 1,barley_acres_harvested,NA
AG CENSUS AREA,AK,020,Anchorage Area,2022,81,BARLEY - ACRES HARVESTED,BARLEY - ACRES HARVESTED,TOTAL,NOT SPECIFIED,ACRES,NA,NA,FALSE,NASS Table 1,barley_acres_harvested,NA
AG CENSUS AREA,AK,020,Anchorage Area,1997,82,"BARLEY - PRODUCTION, MEASURED IN BU","BARLEY - PRODUCTION, MEASURED IN BU",TOTAL,NOT SPECIFIED,BU,NA,NA,FALSE,NASS Table 1,barley_production_bu,NA
AG CENSUS AREA,AK,020,Anchorage Area,2002,82,"BARLEY - PRODUCTION, MEASURED IN BU","BARLEY - PRODUCTION, MEASURED IN BU",TOTAL,NOT SPECIFIED,BU,NA,NA,FALSE,NASS Table 1,barley_production_bu,NA
AG CENSUS AREA,AK,020,Anchorage Area,2007,82,"BARLEY - PRODUCTION, MEASURED IN BU","BARLEY - PRODUCTION, MEASURED IN BU",TOTAL,NOT SPECIFIED,BU,NA,NA,FALSE,NASS Table 1,barley_production_bu,NA
AG CENSUS AREA,AK,020,Anchorage Area,2012,82,"BARLEY - PRODUCTION, MEASURED IN BU","BARLEY - PRODUCTION, MEASURED IN BU",TOTAL,NOT SPECIFIED,BU,NA,NA,FALSE,NASS Table 1,barley_production_bu,NA
AG CENSUS AREA,AK,020,Anchorage Area,2017,82,"BARLEY - PRODUCTION, MEASURED IN BU","BARLEY - PRODUCTION, MEASURED IN BU",TOTAL,NOT SPECIFIED,BU,675,675,FALSE,NASS Table 1,barley_production_bu,NA
AG CENSUS AREA,AK,020,Anchorage Area,2022,82,"BARLEY - PRODUCTION, MEASURED IN BU","BARLEY - PRODUCTION, MEASURED IN BU",TOTAL,NOT SPECIFIED,BU,NA,NA,FALSE,NASS Table 1,barley_production_bu,NA
AG CENSUS AREA,AK,020,Anchorage Area,2002,107,HAY & HAYLAGE - OPERATIONS WITH AREA HARVESTED,HAY & HAYLAGE - OPERATIONS WITH AREA HARVESTED,TOTAL,NOT SPECIFIED,OPERATIONS,106,106,FALSE,NASS Table 1,hay_and_haylage_operations_with_area_harvested,NA
AG CENSUS AREA,AK,020,Anchorage Area,2007,107,HAY & HAYLAGE - OPERATIONS WITH AREA HARVESTED,HAY & HAYLAGE - OPERATIONS WITH AREA HARVESTED,TOTAL,NOT SPECIFIED,OPERATIONS,100,100,FALSE,NASS Table 1,hay_and_haylage_operations_with_area_harvested,NA
AG CENSUS AREA,AK,020,Anchorage Area,2012,107,HAY & HAYLAGE - OPERATIONS WITH AREA HARVESTED,HAY & HAYLAGE - OPERATIONS WITH AREA HARVESTED,TOTAL,NOT SPECIFIED,OPERATIONS,93,93,FALSE,NASS Table 1,hay_and_haylage_operations_with_area_harvested,NA
AG CENSUS AREA,AK,020,Anchorage Area,2017,107,HAY & HAYLAGE - OPERATIONS WITH AREA HARVESTED,HAY & HAYLAGE - OPERATIONS WITH AREA HARVESTED,TOTAL,NOT SPECIFIED,OPERATIONS,81,81,FALSE,NASS Table 1,hay_and_haylage_operations_with_area_harvested,NA
AG CENSUS AREA,AK,020,Anchorage Area,2022,107,HAY & HAYLAGE - OPERATIONS WITH AREA HARVESTED,HAY & HAYLAGE - OPERATIONS WITH AREA HARVESTED,TOTAL,NOT SPECIFIED,OPERATIONS,97,97,FALSE,NASS Table 1,hay_and_haylage_operations_with_area_harvested,NA
AG CENSUS AREA,AK,020,Anchorage Area,2002,108,HAY & HAYLAGE - ACRES HARVESTED,HAY & HAYLAGE - ACRES HARVESTED,TOTAL,NOT SPECIFIED,ACRES,11588,11588,FALSE,NASS Table 1,hay_and_haylage_acres_harvested,NA
AG CENSUS AREA,AK,020,Anchorage Area,2007,108,HAY & HAYLAGE - ACRES HARVESTED,HAY & HAYLAGE - ACRES HARVESTED,TOTAL,NOT SPECIFIED,ACRES,10300,10300,FALSE,NASS Table 1,hay_and_haylage_acres_harvested,NA
AG CENSUS AREA,AK,020,Anchorage Area,2012,108,HAY & HAYLAGE - ACRES HARVESTED,HAY & HAYLAGE - ACRES HARVESTED,TOTAL,NOT SPECIFIED,ACRES,11163,11163,FALSE,NASS Table 1,hay_and_haylage_acres_harvested,NA
AG CENSUS AREA,AK,020,Anchorage Area,2017,108,HAY & HAYLAGE - ACRES HARVESTED,HAY & HAYLAGE - ACRES HARVESTED,TOTAL,NOT SPECIFIED,ACRES,9710,9710,FALSE,NASS Table 1,hay_and_haylage_acres_harvested,NA
AG CENSUS AREA,AK,020,Anchorage Area,2022,108,HAY & HAYLAGE - ACRES HARVESTED,HAY & HAYLAGE - ACRES HARVESTED,TOTAL,NOT SPECIFIED,ACRES,10032,10032,FALSE,NASS Table 1,hay_and_haylage_acres_harvested,NA
AG CENSUS AREA,AK,020,Anchorage Area,2002,109,"HAY & HAYLAGE - PRODUCTION, MEASURED IN TONS, DRY BASIS","HAY & HAYLAGE - PRODUCTION, MEASURED IN TONS, DRY BASIS",TOTAL,NOT SPECIFIED,"TONS, DRY BASIS",13768,13768,FALSE,NASS Table 1,hay_and_haylage_production_tons_dry_basis,NA
AG CENSUS AREA,AK,020,Anchorage Area,2007,109,"HAY & HAYLAGE - PRODUCTION, MEASURED IN TONS, DRY BASIS","HAY & HAYLAGE - PRODUCTION, MEASURED IN TONS, DRY BASIS",TOTAL,NOT SPECIFIED,"TONS, DRY BASIS",13736,13736,FALSE,NASS Table 1,hay_and_haylage_production_tons_dry_basis,NA
AG CENSUS AREA,AK,020,Anchorage Area,2012,109,"HAY & HAYLAGE - PRODUCTION, MEASURED IN TONS, DRY BASIS","HAY & HAYLAGE - PRODUCTION, MEASURED IN TONS, DRY BASIS",TOTAL,NOT SPECIFIED,"TONS, DRY BASIS",13496,13496,FALSE,NASS Table 1,hay_and_haylage_production_tons_dry_basis,NA
AG CENSUS AREA,AK,020,Anchorage Area,2017,109,"HAY & HAYLAGE - PRODUCTION, MEASURED IN TONS, DRY BASIS","HAY & HAYLAGE - PRODUCTION, MEASURED IN TONS, DRY BASIS",TOTAL,NOT SPECIFIED,"TONS, DRY BASIS",10724,10724,FALSE,NASS Table 1,hay_and_haylage_production_tons_dry_basis,NA
AG CENSUS AREA,AK,020,Anchorage Area,2022,109,"HAY & HAYLAGE - PRODUCTION, MEASURED IN TONS, DRY BASIS","HAY & HAYLAGE - PRODUCTION, MEASURED IN TONS, DRY BASIS",TOTAL,NOT SPECIFIED,"TONS, DRY BASIS",11910,11910,FALSE,NASS Table 1,hay_and_haylage_production_tons_dry_basis,NA
AG CENSUS AREA,AK,020,Anchorage Area,1997,125,"VEGETABLE TOTALS, IN THE OPEN - OPERATIONS WITH AREA HARVESTED","VEGETABLE TOTALS, IN THE OPEN - OPERATIONS WITH AREA HARVESTED",TOTAL,NOT SPECIFIED,OPERATIONS,25,25,FALSE,NASS Table 1,vegetable_totals_in_the_open_operations_with_area_harvested,NA
AG CENSUS AREA,AK,020,Anchorage Area,2002,125,"VEGETABLE TOTALS, IN THE OPEN - OPERATIONS WITH AREA HARVESTED","VEGETABLE TOTALS, IN THE OPEN - OPERATIONS WITH AREA HARVESTED",TOTAL,NOT SPECIFIED,OPERATIONS,28,28,FALSE,NASS Table 1,vegetable_totals_in_the_open_operations_with_area_harvested,NA
AG CENSUS AREA,AK,020,Anchorage Area,2007,125,"VEGETABLE TOTALS, IN THE OPEN - OPERATIONS WITH AREA HARVESTED","VEGETABLE TOTALS, IN THE OPEN - OPERATIONS WITH AREA HARVESTED",TOTAL,NOT SPECIFIED,OPERATIONS,47,47,FALSE,NASS Table 1,vegetable_totals_in_the_open_operations_with_area_harvested,NA
AG CENSUS AREA,AK,020,Anchorage Area,2012,125,"VEGETABLE TOTALS, IN THE OPEN - OPERATIONS WITH AREA HARVESTED","VEGETABLE TOTALS, IN THE OPEN - OPERATIONS WITH AREA HARVESTED",TOTAL,NOT SPECIFIED,OPERATIONS,64,64,FALSE,NASS Table 1,vegetable_totals_in_the_open_operations_with_area_harvested,NA
AG CENSUS AREA,AK,020,Anchorage Area,2017,125,"VEGETABLE TOTALS, IN THE OPEN - OPERATIONS WITH AREA HARVESTED","VEGETABLE TOTALS, IN THE OPEN - OPERATIONS WITH AREA HARVESTED",TOTAL,NOT SPECIFIED,OPERATIONS,87,87,FALSE,NASS Table 1,vegetable_totals_in_the_open_operations_with_area_harvested,NA
AG CENSUS AREA,AK,020,Anchorage Area,2022,125,"VEGETABLE TOTALS, IN THE OPEN - OPERATIONS WITH AREA HARVESTED","VEGETABLE TOTALS, IN THE OPEN - OPERATIONS WITH AREA HARVESTED",TOTAL,NOT SPECIFIED,OPERATIONS,79,79,FALSE,NASS Table 1,vegetable_totals_in_the_open_operations_with_area_harvested,NA
AG CENSUS AREA,AK,020,Anchorage Area,1997,126,"VEGETABLE TOTALS, IN THE OPEN - ACRES HARVESTED","VEGETABLE TOTALS, IN THE OPEN - ACRES HARVESTED",TOTAL,NOT SPECIFIED,ACRES,266,266,FALSE,NASS Table 1,vegetable_totals_in_the_open_acres_harvested,NA
AG CENSUS AREA,AK,020,Anchorage Area,2002,126,"VEGETABLE TOTALS, IN THE OPEN - ACRES HARVESTED","VEGETABLE TOTALS, IN THE OPEN - ACRES HARVESTED",TOTAL,NOT SPECIFIED,ACRES,319,319,FALSE,NASS Table 1,vegetable_totals_in_the_open_acres_harvested,NA
AG CENSUS AREA,AK,020,Anchorage Area,2007,126,"VEGETABLE TOTALS, IN THE OPEN - ACRES HARVESTED","VEGETABLE TOTALS, IN THE OPEN - ACRES HARVESTED",TOTAL,NOT SPECIFIED,ACRES,827,827,FALSE,NASS Table 1,vegetable_totals_in_the_open_acres_harvested,NA
AG CENSUS AREA,AK,020,Anchorage Area,2012,126,"VEGETABLE TOTALS, IN THE OPEN - ACRES HARVESTED","VEGETABLE TOTALS, IN THE OPEN - ACRES HARVESTED",TOTAL,NOT SPECIFIED,ACRES,741,741,FALSE,NASS Table 1,vegetable_totals_in_the_open_acres_harvested,NA
AG CENSUS AREA,AK,020,Anchorage Area,2017,126,"VEGETABLE TOTALS, IN THE OPEN - ACRES HARVESTED","VEGETABLE TOTALS, IN THE OPEN - ACRES HARVESTED",TOTAL,NOT SPECIFIED,ACRES,687,687,FALSE,NASS Table 1,vegetable_totals_in_the_open_acres_harvested,NA
AG CENSUS AREA,AK,020,Anchorage Area,2022,126,"VEGETABLE TOTALS, IN THE OPEN - ACRES HARVESTED","VEGETABLE TOTALS, IN THE OPEN - ACRES HARVESTED",TOTAL,NOT SPECIFIED,ACRES,448,448,FALSE,NASS Table 1,vegetable_totals_in_the_open_acres_harvested,NA
AG CENSUS AREA,AK,020,Anchorage Area,1997,127,POTATOES - OPERATIONS WITH AREA HARVESTED,POTATOES - OPERATIONS WITH AREA HARVESTED,TOTAL,NOT SPECIFIED,OPERATIONS,30,30,FALSE,NASS Table 1,potatoes_operations_with_area_harvested,NA
AG CENSUS AREA,AK,020,Anchorage Area,2002,127,POTATOES - OPERATIONS WITH AREA HARVESTED,POTATOES - OPERATIONS WITH AREA HARVESTED,TOTAL,NOT SPECIFIED,OPERATIONS,33,33,FALSE,NASS Table 1,potatoes_operations_with_area_harvested,NA
AG CENSUS AREA,AK,020,Anchorage Area,2007,127,POTATOES - OPERATIONS WITH AREA HARVESTED,POTATOES - OPERATIONS WITH AREA HARVESTED,TOTAL,NOT SPECIFIED,OPERATIONS,32,32,FALSE,NASS Table 1,potatoes_operations_with_area_harvested,NA
AG CENSUS AREA,AK,020,Anchorage Area,2012,127,POTATOES - OPERATIONS WITH AREA HARVESTED,POTATOES - OPERATIONS WITH AREA HARVESTED,TOTAL,NOT SPECIFIED,OPERATIONS,43,43,FALSE,NASS Table 1,potatoes_operations_with_area_harvested,NA
AG CENSUS AREA,AK,020,Anchorage Area,2017,127,POTATOES - OPERATIONS WITH AREA HARVESTED,POTATOES - OPERATIONS WITH AREA HARVESTED,TOTAL,NOT SPECIFIED,OPERATIONS,47,47,FALSE,NASS Table 1,potatoes_operations_with_area_harvested,NA
AG CENSUS AREA,AK,020,Anchorage Area,2022,127,POTATOES - OPERATIONS WITH AREA HARVESTED,POTATOES - OPERATIONS WITH AREA HARVESTED,TOTAL,NOT SPECIFIED,OPERATIONS,37,37,FALSE,NASS Table 1,potatoes_operations_with_area_harvested,NA
AG CENSUS AREA,AK,020,Anchorage Area,1997,128,POTATOES - ACRES HARVESTED,POTATOES - ACRES HARVESTED,TOTAL,NOT SPECIFIED,ACRES,520,520,FALSE,NASS Table 1,potatoes_acres_harvested,NA
AG CENSUS AREA,AK,020,Anchorage Area,2002,128,POTATOES - ACRES HARVESTED,POTATOES - ACRES HARVESTED,TOTAL,NOT SPECIFIED,ACRES,567,567,FALSE,NASS Table 1,potatoes_acres_harvested,NA
AG CENSUS AREA,AK,020,Anchorage Area,2007,128,POTATOES - ACRES HARVESTED,POTATOES - ACRES HARVESTED,TOTAL,NOT SPECIFIED,ACRES,541,541,FALSE,NASS Table 1,potatoes_acres_harvested,NA
AG CENSUS AREA,AK,020,Anchorage Area,2012,128,POTATOES - ACRES HARVESTED,POTATOES - ACRES HARVESTED,TOTAL,NOT SPECIFIED,ACRES,442,442,FALSE,NASS Table 1,potatoes_acres_harvested,NA
AG CENSUS AREA,AK,020,Anchorage Area,2017,128,POTATOES - ACRES HARVESTED,POTATOES - ACRES HARVESTED,TOTAL,NOT SPECIFIED,ACRES,365,365,FALSE,NASS Table 1,potatoes_acres_harvested,NA
AG CENSUS AREA,AK,020,Anchorage Area,2022,128,POTATOES - ACRES HARVESTED,POTATOES - ACRES HARVESTED,TOTAL,NOT SPECIFIED,ACRES,203,203,FALSE,NASS Table 1,potatoes_acres_harvested,NA
AG CENSUS AREA,AK,020,Anchorage Area,1997,131,ORCHARDS - OPERATIONS WITH AREA BEARING & NON-BEARING,ORCHARDS - OPERATIONS WITH AREA BEARING & NON-BEARING,TOTAL,NOT SPECIFIED,OPERATIONS,4,4,FALSE,NASS Table 1,orchards_operations_with_area_bearing_and_non_bearing,NA
AG CENSUS AREA,AK,020,Anchorage Area,2002,131,ORCHARDS - OPERATIONS WITH AREA BEARING & NON-BEARING,ORCHARDS - OPERATIONS WITH AREA BEARING & NON-BEARING,TOTAL,NOT SPECIFIED,OPERATIONS,7,7,FALSE,NASS Table 1,orchards_operations_with_area_bearing_and_non_bearing,NA
AG CENSUS AREA,AK,020,Anchorage Area,2007,131,ORCHARDS - OPERATIONS WITH AREA BEARING & NON-BEARING,ORCHARDS - OPERATIONS WITH AREA BEARING & NON-BEARING,TOTAL,NOT SPECIFIED,OPERATIONS,8,8,FALSE,NASS Table 1,orchards_operations_with_area_bearing_and_non_bearing,NA
AG CENSUS AREA,AK,020,Anchorage Area,2012,131,ORCHARDS - OPERATIONS WITH AREA BEARING & NON-BEARING,ORCHARDS - OPERATIONS WITH AREA BEARING & NON-BEARING,TOTAL,NOT SPECIFIED,OPERATIONS,9,9,FALSE,NASS Table 1,orchards_operations_with_area_bearing_and_non_bearing,NA
AG CENSUS AREA,AK,020,Anchorage Area,2017,131,ORCHARDS - OPERATIONS WITH AREA BEARING & NON-BEARING,ORCHARDS - OPERATIONS WITH AREA BEARING & NON-BEARING,TOTAL,NOT SPECIFIED,OPERATIONS,14,14,FALSE,NASS Table 1,orchards_operations_with_area_bearing_and_non_bearing,NA
AG CENSUS AREA,AK,020,Anchorage Area,2022,131,ORCHARDS - OPERATIONS WITH AREA BEARING & NON-BEARING,ORCHARDS - OPERATIONS WITH AREA BEARING & NON-BEARING,TOTAL,NOT SPECIFIED,OPERATIONS,27,27,FALSE,NASS Table 1,orchards_operations_with_area_bearing_and_non_bearing,NA
AG CENSUS AREA,AK,020,Anchorage Area,1997,132,ORCHARDS - ACRES BEARING & NON-BEARING,ORCHARDS - ACRES BEARING & NON-BEARING,TOTAL,NOT SPECIFIED,ACRES,3,3,FALSE,NASS Table 1,orchards_acres_bearing_and_non_bearing,NA
AG CENSUS AREA,AK,020,Anchorage Area,2002,132,ORCHARDS - ACRES BEARING & NON-BEARING,ORCHARDS - ACRES BEARING & NON-BEARING,TOTAL,NOT SPECIFIED,ACRES,6,6,FALSE,NASS Table 1,orchards_acres_bearing_and_non_bearing,NA
AG CENSUS AREA,AK,020,Anchorage Area,2007,132,ORCHARDS - ACRES BEARING & NON-BEARING,ORCHARDS - ACRES BEARING & NON-BEARING,TOTAL,NOT SPECIFIED,ACRES,NA,NA,FALSE,NASS Table 1,orchards_acres_bearing_and_non_bearing,NA
AG CENSUS AREA,AK,020,Anchorage Area,2012,132,ORCHARDS - ACRES BEARING & NON-BEARING,ORCHARDS - ACRES BEARING & NON-BEARING,TOTAL,NOT SPECIFIED,ACRES,10,10,FALSE,NASS Table 1,orchards_acres_bearing_and_non_bearing,NA
AG CENSUS AREA,AK,020,Anchorage Area,2017,132,ORCHARDS - ACRES BEARING & NON-BEARING,ORCHARDS - ACRES BEARING & NON-BEARING,TOTAL,NOT SPECIFIED,ACRES,7,7,FALSE,NASS Table 1,orchards_acres_bearing_and_non_bearing,NA
AG CENSUS AREA,AK,020,Anchorage Area,2022,132,ORCHARDS - ACRES BEARING & NON-BEARING,ORCHARDS - ACRES BEARING & NON-BEARING,TOTAL,NOT SPECIFIED,ACRES,19,19,FALSE,NASS Table 1,orchards_acres_bearing_and_non_bearing,NA
AG CENSUS AREA,AK,090,Fairbanks North Star Area,1997,1,FARM OPERATIONS - NUMBER OF OPERATIONS,FARM OPERATIONS - NUMBER OF OPERATIONS,TOTAL,NOT SPECIFIED,OPERATIONS,179,179,FALSE,NASS Table 1,farm_operations_number_of_operations,NA
AG CENSUS AREA,AK,090,Fairbanks North Star Area,2002,1,FARM OPERATIONS - NUMBER OF OPERATIONS,FARM OPERATIONS - NUMBER OF OPERATIONS,TOTAL,NOT SPECIFIED,OPERATIONS,187,187,FALSE,NASS Table 1,farm_operations_number_of_operations,NA
AG CENSUS AREA,AK,090,Fairbanks North Star Area,2007,1,FARM OPERATIONS - NUMBER OF OPERATIONS,FARM OPERATIONS - NUMBER OF OPERATIONS,TOTAL,NOT SPECIFIED,OPERATIONS,212,212,FALSE,NASS Table 1,farm_operations_number_of_operations,NA
AG CENSUS AREA,AK,090,Fairbanks North Star Area,2012,1,FARM OPERATIONS - NUMBER OF OPERATIONS,FARM OPERATIONS - NUMBER OF OPERATIONS,TOTAL,NOT SPECIFIED,OPERATIONS,217,217,FALSE,NASS Table 1,farm_operations_number_of_operations,NA
AG CENSUS AREA,AK,090,Fairbanks North Star Area,2017,1,FARM OPERATIONS - NUMBER OF OPERATIONS,FARM OPERATIONS - NUMBER OF OPERATIONS,TOTAL,NOT SPECIFIED,OPERATIONS,274,274,FALSE,NASS Table 1,farm_operations_number_of_operations,NA
AG CENSUS AREA,AK,090,Fairbanks North Star Area,2022,1,FARM OPERATIONS - NUMBER OF OPERATIONS,FARM OPERATIONS - NUMBER OF OPERATIONS,TOTAL,NOT SPECIFIED,OPERATIONS,295,295,FALSE,NASS Table 1,farm_operations_number_of_operations,NA
AG CENSUS AREA,AK,090,Fairbanks North Star Area,1997,2,FARM OPERATIONS - ACRES OPERATED,FARM OPERATIONS - ACRES OPERATED,TOTAL,NOT SPECIFIED,ACRES,118836,118836,FALSE,NASS Table 1,farm_operations_acres_operated,NA
AG CENSUS AREA,AK,090,Fairbanks North Star Area,2002,2,FARM OPERATIONS - ACRES OPERATED,FARM OPERATIONS - ACRES OPERATED,TOTAL,NOT SPECIFIED,ACRES,109990,109990,FALSE,NASS Table 1,farm_operations_acres_operated,NA
AG CENSUS AREA,AK,090,Fairbanks North Star Area,2007,2,FARM OPERATIONS - ACRES OPERATED,FARM OPERATIONS - ACRES OPERATED,TOTAL,NOT SPECIFIED,ACRES,110780,110780,FALSE,NASS Table 1,farm_operations_acres_operated,NA
AG CENSUS AREA,AK,090,Fairbanks North Star Area,2012,2,FARM OPERATIONS - ACRES OPERATED,FARM OPERATIONS - ACRES OPERATED,TOTAL,NOT SPECIFIED,ACRES,99620,99620,FALSE,NASS Table 1,farm_operations_acres_operated,NA
AG CENSUS AREA,AK,090,Fairbanks North Star Area,2017,2,FARM OPERATIONS - ACRES OPERATED,FARM OPERATIONS - ACRES OPERATED,TOTAL,NOT SPECIFIED,ACRES,102005,102005,FALSE,NASS Table 1,farm_operations_acres_operated,NA
AG CENSUS AREA,AK,090,Fairbanks North Star Area,2022,2,FARM OPERATIONS - ACRES OPERATED,FARM OPERATIONS - ACRES OPERATED,TOTAL,NOT SPECIFIED,ACRES,101187,101187,FALSE,NASS Table 1,farm_operations_acres_operated,NA
AG CENSUS AREA,AK,090,Fairbanks North Star Area,2002,3,"FARM OPERATIONS - AREA OPERATED, MEASURED IN ACRES / OPERATION","FARM OPERATIONS - AREA OPERATED, MEASURED IN ACRES / OPERATION",TOTAL,NOT SPECIFIED,ACRES / OPERATION,588,588,FALSE,NASS Table 1,farm_operations_area_operated_acres_per_operation,NA
AG CENSUS AREA,AK,090,Fairbanks North Star Area,2007,3,"FARM OPERATIONS - AREA OPERATED, MEASURED IN ACRES / OPERATION","FARM OPERATIONS - AREA OPERATED, MEASURED IN ACRES / OPERATION",TOTAL,NOT SPECIFIED,ACRES / OPERATION,523,523,FALSE,NASS Table 1,farm_operations_area_operated_acres_per_operation,NA
AG CENSUS AREA,AK,090,Fairbanks North Star Area,2012,3,"FARM OPERATIONS - AREA OPERATED, MEASURED IN ACRES / OPERATION","FARM OPERATIONS - AREA OPERATED, MEASURED IN ACRES / OPERATION",TOTAL,NOT SPECIFIED,ACRES / OPERATION,459,459,FALSE,NASS Table 1,farm_operations_area_operated_acres_per_operation,NA
AG CENSUS AREA,AK,090,Fairbanks North Star Area,2017,3,"FARM OPERATIONS - AREA OPERATED, MEASURED IN ACRES / OPERATION","FARM OPERATIONS - AREA OPERATED, MEASURED IN ACRES / OPERATION",TOTAL,NOT SPECIFIED,ACRES / OPERATION,372,372,FALSE,NASS Table 1,farm_operations_area_operated_acres_per_operation,NA
AG CENSUS AREA,AK,090,Fairbanks North Star Area,2022,3,"FARM OPERATIONS - AREA OPERATED, MEASURED IN ACRES / OPERATION","FARM OPERATIONS - AREA OPERATED, MEASURED IN ACRES / OPERATION",TOTAL,NOT SPECIFIED,ACRES / OPERATION,343,343,FALSE,NASS Table 1,farm_operations_area_operated_acres_per_operation,NA
AG CENSUS AREA,AK,090,Fairbanks North Star Area,2002,4,"FARM OPERATIONS - AREA OPERATED, MEASURED IN ACRES / OPERATION, MEDIAN","FARM OPERATIONS - AREA OPERATED, MEASURED IN ACRES / OPERATION, MEDIAN",TOTAL,NOT SPECIFIED,"ACRES / OPERATION, MEDIAN",181,181,FALSE,NASS Table 1,farm_operations_area_operated_acres_per_operation_median,NA
AG CENSUS AREA,AK,090,Fairbanks North Star Area,2007,4,"FARM OPERATIONS - AREA OPERATED, MEASURED IN ACRES / OPERATION, MEDIAN","FARM OPERATIONS - AREA OPERATED, MEASURED IN ACRES / OPERATION, MEDIAN",TOTAL,NOT SPECIFIED,"ACRES / OPERATION, MEDIAN",133,133,FALSE,NASS Table 1,farm_operations_area_operated_acres_per_operation_median,NA
AG CENSUS AREA,AK,090,Fairbanks North Star Area,2012,4,"FARM OPERATIONS - AREA OPERATED, MEASURED IN ACRES / OPERATION, MEDIAN","FARM OPERATIONS - AREA OPERATED, MEASURED IN ACRES / OPERATION, MEDIAN",TOTAL,NOT SPECIFIED,"ACRES / OPERATION, MEDIAN",100,100,FALSE,NASS Table 1,farm_operations_area_operated_acres_per_operation_median,NA
AG CENSUS AREA,AK,090,Fairbanks North Star Area,2017,4,"FARM OPERATIONS - AREA OPERATED, MEASURED IN ACRES / OPERATION, MEDIAN","FARM OPERATIONS - AREA OPERATED, MEASURED IN ACRES / OPERATION, MEDIAN",TOTAL,NOT SPECIFIED,"ACRES / OPERATION, MEDIAN",50,50,FALSE,NASS Table 1,farm_operations_area_operated_acres_per_operation_median,NA
AG CENSUS AREA,AK,090,Fairbanks North Star Area,2022,4,"FARM OPERATIONS - AREA OPERATED, MEASURED IN ACRES / OPERATION, MEDIAN","FARM OPERATIONS - AREA OPERATED, MEASURED IN ACRES / OPERATION, MEDIAN",TOTAL,NOT SPECIFIED,"ACRES / OPERATION, MEDIAN",40,40,FALSE,NASS Table 1,farm_operations_area_operated_acres_per_operation_median,NA
AG CENSUS AREA,AK,090,Fairbanks North Star Area,1997,5,"AG LAND, INCL BUILDINGS - ASSET VALUE, MEASURED IN $ / OPERATION","AG LAND, INCL BUILDINGS - ASSET VALUE, MEASURED IN $ / OPERATION",TOTAL,NOT SPECIFIED,$ / OPERATION,403534,403534,FALSE,NASS Table 1,ag_land_incl_buildings_asset_value_usd_per_operation,NA
AG CENSUS AREA,AK,090,Fairbanks North Star Area,2002,5,"AG LAND, INCL BUILDINGS - ASSET VALUE, MEASURED IN $ / OPERATION","AG LAND, INCL BUILDINGS - ASSET VALUE, MEASURED IN $ / OPERATION",TOTAL,NOT SPECIFIED,$ / OPERATION,385526,385526,FALSE,NASS Table 1,ag_land_incl_buildings_asset_value_usd_per_operation,NA
AG CENSUS AREA,AK,090,Fairbanks North Star Area,2007,5,"AG LAND, INCL BUILDINGS - ASSET VALUE, MEASURED IN $ / OPERATION","AG LAND, INCL BUILDINGS - ASSET VALUE, MEASURED IN $ / OPERATION",TOTAL,NOT SPECIFIED,$ / OPERATION,406163,406163,FALSE,NASS Table 1,ag_land_incl_buildings_asset_value_usd_per_operation,NA
AG CENSUS AREA,AK,090,Fairbanks North Star Area,2012,5,"AG LAND, INCL BUILDINGS - ASSET VALUE, MEASURED IN $ / OPERATION","AG LAND, INCL BUILDINGS - ASSET VALUE, MEASURED IN $ / OPERATION",TOTAL,NOT SPECIFIED,$ / OPERATION,580385,580385,FALSE,NASS Table 1,ag_land_incl_buildings_asset_value_usd_per_operation,NA
AG CENSUS AREA,AK,090,Fairbanks North Star Area,2017,5,"AG LAND, INCL BUILDINGS - ASSET VALUE, MEASURED IN $ / OPERATION","AG LAND, INCL BUILDINGS - ASSET VALUE, MEASURED IN $ / OPERATION",TOTAL,NOT SPECIFIED,$ / OPERATION,610607,610607,FALSE,NASS Table 1,ag_land_incl_buildings_asset_value_usd_per_operation,NA
AG CENSUS AREA,AK,090,Fairbanks North Star Area,2022,5,"AG LAND, INCL BUILDINGS - ASSET VALUE, MEASURED IN $ / OPERATION","AG LAND, INCL BUILDINGS - ASSET VALUE, MEASURED IN $ / OPERATION",TOTAL,NOT SPECIFIED,$ / OPERATION,787432,787432,FALSE,NASS Table 1,ag_land_incl_buildings_asset_value_usd_per_operation,NA
AG CENSUS AREA,AK,090,Fairbanks North Star Area,1997,6,"AG LAND, INCL BUILDINGS - ASSET VALUE, MEASURED IN $ / ACRE","AG LAND, INCL BUILDINGS - ASSET VALUE, MEASURED IN $ / ACRE",TOTAL,NOT SPECIFIED,$ / ACRE,608,608,FALSE,NASS Table 1,ag_land_incl_buildings_asset_value_usd_per_acre,NA
AG CENSUS AREA,AK,090,Fairbanks North Star Area,2002,6,"AG LAND, INCL BUILDINGS - ASSET VALUE, MEASURED IN $ / ACRE","AG LAND, INCL BUILDINGS - ASSET VALUE, MEASURED IN $ / ACRE",TOTAL,NOT SPECIFIED,$ / ACRE,655,655,FALSE,NASS Table 1,ag_land_incl_buildings_asset_value_usd_per_acre,NA
AG CENSUS AREA,AK,090,Fairbanks North Star Area,2007,6,"AG LAND, INCL BUILDINGS - ASSET VALUE, MEASURED IN $ / ACRE","AG LAND, INCL BUILDINGS - ASSET VALUE, MEASURED IN $ / ACRE",TOTAL,NOT SPECIFIED,$ / ACRE,777,777,FALSE,NASS Table 1,ag_land_incl_buildings_asset_value_usd_per_acre,NA
AG CENSUS AREA,AK,090,Fairbanks North Star Area,2012,6,"AG LAND, INCL BUILDINGS - ASSET VALUE, MEASURED IN $ / ACRE","AG LAND, INCL BUILDINGS - ASSET VALUE, MEASURED IN $ / ACRE",TOTAL,NOT SPECIFIED,$ / ACRE,1264,1264,FALSE,NASS Table 1,ag_land_incl_buildings_asset_value_usd_per_acre,NA
AG CENSUS AREA,AK,090,Fairbanks North Star Area,2017,6,"AG LAND, INCL BUILDINGS - ASSET VALUE, MEASURED IN $ / ACRE","AG LAND, INCL BUILDINGS - ASSET VALUE, MEASURED IN $ / ACRE",TOTAL,NOT SPECIFIED,$ / ACRE,1640,1640,FALSE,NASS Table 1,ag_land_incl_buildings_asset_value_usd_per_acre,NA
AG CENSUS AREA,AK,090,Fairbanks North Star Area,2022,6,"AG LAND, INCL BUILDINGS - ASSET VALUE, MEASURED IN $ / ACRE","AG LAND, INCL BUILDINGS - ASSET VALUE, MEASURED IN $ / ACRE",TOTAL,NOT SPECIFIED,$ / ACRE,2296,2296,FALSE,NASS Table 1,ag_land_incl_buildings_asset_value_usd_per_acre,NA
AG CENSUS AREA,AK,090,Fairbanks North Star Area,1997,7,"MACHINERY TOTALS - ASSET VALUE, MEASURED IN $","MACHINERY TOTALS - ASSET VALUE, MEASURED IN $",TOTAL,NOT SPECIFIED,$,11908000,11908000,FALSE,NASS Table 1,machinery_totals_asset_value_usd,NA
AG CENSUS AREA,AK,090,Fairbanks North Star Area,2002,7,"MACHINERY TOTALS - ASSET VALUE, MEASURED IN $","MACHINERY TOTALS - ASSET VALUE, MEASURED IN $",TOTAL,NOT SPECIFIED,$,12627000,12627000,FALSE,NASS Table 1,machinery_totals_asset_value_usd,NA
AG CENSUS AREA,AK,090,Fairbanks North Star Area,2007,7,"MACHINERY TOTALS - ASSET VALUE, MEASURED IN $","MACHINERY TOTALS - ASSET VALUE, MEASURED IN $",TOTAL,NOT SPECIFIED,$,15760000,15760000,FALSE,NASS Table 1,machinery_totals_asset_value_usd,NA
AG CENSUS AREA,AK,090,Fairbanks North Star Area,2012,7,"MACHINERY TOTALS - ASSET VALUE, MEASURED IN $","MACHINERY TOTALS - ASSET VALUE, MEASURED IN $",TOTAL,NOT SPECIFIED,$,20476000,20476000,FALSE,NASS Table 1,machinery_totals_asset_value_usd,NA
AG CENSUS AREA,AK,090,Fairbanks North Star Area,2017,7,"MACHINERY TOTALS - ASSET VALUE, MEASURED IN $","MACHINERY TOTALS - ASSET VALUE, MEASURED IN $",TOTAL,NOT SPECIFIED,$,22643000,22643000,FALSE,NASS Table 1,machinery_totals_asset_value_usd,NA
AG CENSUS AREA,AK,090,Fairbanks North Star Area,2022,7,"MACHINERY TOTALS - ASSET VALUE, MEASURED IN $","MACHINERY TOTALS - ASSET VALUE, MEASURED IN $",TOTAL,NOT SPECIFIED,$,27600000,27600000,FALSE,NASS Table 1,machinery_totals_asset_value_usd,NA
AG CENSUS AREA,AK,090,Fairbanks North Star Area,1997,8,"MACHINERY TOTALS - ASSET VALUE, MEASURED IN $ / OPERATION","MACHINERY TOTALS - ASSET VALUE, MEASURED IN $ / OPERATION",TOTAL,NOT SPECIFIED,$ / OPERATION,66897,66897,FALSE,NASS Table 1,machinery_totals_asset_value_usd_per_operation,NA
AG CENSUS AREA,AK,090,Fairbanks North Star Area,2002,8,"MACHINERY TOTALS - ASSET VALUE, MEASURED IN $ / OPERATION","MACHINERY TOTALS - ASSET VALUE, MEASURED IN $ / OPERATION",TOTAL,NOT SPECIFIED,$ / OPERATION,72156,72156,FALSE,NASS Table 1,machinery_totals_asset_value_usd_per_operation,NA
AG CENSUS AREA,AK,090,Fairbanks North Star Area,2007,8,"MACHINERY TOTALS - ASSET VALUE, MEASURED IN $ / OPERATION","MACHINERY TOTALS - ASSET VALUE, MEASURED IN $ / OPERATION",TOTAL,NOT SPECIFIED,$ / OPERATION,74337,74337,FALSE,NASS Table 1,machinery_totals_asset_value_usd_per_operation,NA
AG CENSUS AREA,AK,090,Fairbanks North Star Area,2012,8,"MACHINERY TOTALS - ASSET VALUE, MEASURED IN $ / OPERATION","MACHINERY TOTALS - ASSET VALUE, MEASURED IN $ / OPERATION",TOTAL,NOT SPECIFIED,$ / OPERATION,94362,94362,FALSE,NASS Table 1,machinery_totals_asset_value_usd_per_operation,NA
AG CENSUS AREA,AK,090,Fairbanks North Star Area,2017,8,"MACHINERY TOTALS - ASSET VALUE, MEASURED IN $ / OPERATION","MACHINERY TOTALS - ASSET VALUE, MEASURED IN $ / OPERATION",TOTAL,NOT SPECIFIED,$ / OPERATION,82638,82638,FALSE,NASS Table 1,machinery_totals_asset_value_usd_per_operation,NA
AG CENSUS AREA,AK,090,Fairbanks North Star Area,2022,8,"MACHINERY TOTALS - ASSET VALUE, MEASURED IN $ / OPERATION","MACHINERY TOTALS - ASSET VALUE, MEASURED IN $ / OPERATION",TOTAL,NOT SPECIFIED,$ / OPERATION,93558,93558,FALSE,NASS Table 1,machinery_totals_asset_value_usd_per_operation,NA
AG CENSUS AREA,AK,090,Fairbanks North Star Area,1997,9,FARM OPERATIONS - NUMBER OF OPERATIONS | AREA OPERATED: (1.0 TO 9.9 ACRES),FARM OPERATIONS - NUMBER OF OPERATIONS,AREA OPERATED,AREA OPERATED: (1.0 TO 9.9 ACRES),OPERATIONS,16,16,FALSE,NASS Table 1,farm_operations_number_of_operations_area_operated_1_0_to_9_9_acres,NA
AG CENSUS AREA,AK,090,Fairbanks North Star Area,2002,9,FARM OPERATIONS - NUMBER OF OPERATIONS | AREA OPERATED: (1.0 TO 9.9 ACRES),FARM OPERATIONS - NUMBER OF OPERATIONS,AREA OPERATED,AREA OPERATED: (1.0 TO 9.9 ACRES),OPERATIONS,24,24,FALSE,NASS Table 1,farm_operations_number_of_operations_area_operated_1_0_to_9_9_acres,NA
AG CENSUS AREA,AK,090,Fairbanks North Star Area,2007,9,FARM OPERATIONS - NUMBER OF OPERATIONS | AREA OPERATED: (1.0 TO 9.9 ACRES),FARM OPERATIONS - NUMBER OF OPERATIONS,AREA OPERATED,AREA OPERATED: (1.0 TO 9.9 ACRES),OPERATIONS,29,29,FALSE,NASS Table 1,farm_operations_number_of_operations_area_operated_1_0_to_9_9_acres,NA
AG CENSUS AREA,AK,090,Fairbanks North Star Area,2012,9,FARM OPERATIONS - NUMBER OF OPERATIONS | AREA OPERATED: (1.0 TO 9.9 ACRES),FARM OPERATIONS - NUMBER OF OPERATIONS,AREA OPERATED,AREA OPERATED: (1.0 TO 9.9 ACRES),OPERATIONS,43,43,FALSE,NASS Table 1,farm_operations_number_of_operations_area_operated_1_0_to_9_9_acres,NA
AG CENSUS AREA,AK,090,Fairbanks North Star Area,2017,9,FARM OPERATIONS - NUMBER OF OPERATIONS | AREA OPERATED: (1.0 TO 9.9 ACRES),FARM OPERATIONS - NUMBER OF OPERATIONS,AREA OPERATED,AREA OPERATED: (1.0 TO 9.9 ACRES),OPERATIONS,89,89,FALSE,NASS Table 1,farm_operations_number_of_operations_area_operated_1_0_to_9_9_acres,NA
AG CENSUS AREA,AK,090,Fairbanks North Star Area,2022,9,FARM OPERATIONS - NUMBER OF OPERATIONS | AREA OPERATED: (1.0 TO 9.9 ACRES),FARM OPERATIONS - NUMBER OF OPERATIONS,AREA OPERATED,AREA OPERATED: (1.0 TO 9.9 ACRES),OPERATIONS,97,97,FALSE,NASS Table 1,farm_operations_number_of_operations_area_operated_1_0_to_9_9_acres,NA
AG CENSUS AREA,AK,090,Fairbanks North Star Area,1997,10,FARM OPERATIONS - NUMBER OF OPERATIONS | AREA OPERATED: (10.0 TO 49.9 ACRES),FARM OPERATIONS - NUMBER OF OPERATIONS,AREA OPERATED,AREA OPERATED: (10.0 TO 49.9 ACRES),OPERATIONS,18,18,FALSE,NASS Table 1,farm_operations_number_of_operations_area_operated_10_0_to_49_9_acres,NA
AG CENSUS AREA,AK,090,Fairbanks North Star Area,2002,10,FARM OPERATIONS - NUMBER OF OPERATIONS | AREA OPERATED: (10.0 TO 49.9 ACRES),FARM OPERATIONS - NUMBER OF OPERATIONS,AREA OPERATED,AREA OPERATED: (10.0 TO 49.9 ACRES),OPERATIONS,21,21,FALSE,NASS Table 1,farm_operations_number_of_operations_area_operated_10_0_to_49_9_acres,NA
AG CENSUS AREA,AK,090,Fairbanks North Star Area,2007,10,FARM OPERATIONS - NUMBER OF OPERATIONS | AREA OPERATED: (10.0 TO 49.9 ACRES),FARM OPERATIONS - NUMBER OF OPERATIONS,AREA OPERATED,AREA OPERATED: (10.0 TO 49.9 ACRES),OPERATIONS,43,43,FALSE,NASS Table 1,farm_operations_number_of_operations_area_operated_10_0_to_49_9_acres,NA
AG CENSUS AREA,AK,090,Fairbanks North Star Area,2012,10,FARM OPERATIONS - NUMBER OF OPERATIONS | AREA OPERATED: (10.0 TO 49.9 ACRES),FARM OPERATIONS - NUMBER OF OPERATIONS,AREA OPERATED,AREA OPERATED: (10.0 TO 49.9 ACRES),OPERATIONS,42,42,FALSE,NASS Table 1,farm_operations_number_of_operations_area_operated_10_0_to_49_9_acres,NA
AG CENSUS AREA,AK,090,Fairbanks North Star Area,2017,10,FARM OPERATIONS - NUMBER OF OPERATIONS | AREA OPERATED: (10.0 TO 49.9 ACRES),FARM OPERATIONS - NUMBER OF OPERATIONS,AREA OPERATED,AREA OPERATED: (10.0 TO 49.9 ACRES),OPERATIONS,47,47,FALSE,NASS Table 1,farm_operations_number_of_operations_area_operated_10_0_to_49_9_acres,NA
AG CENSUS AREA,AK,090,Fairbanks North Star Area,2022,10,FARM OPERATIONS - NUMBER OF OPERATIONS | AREA OPERATED: (10.0 TO 49.9 ACRES),FARM OPERATIONS - NUMBER OF OPERATIONS,AREA OPERATED,AREA OPERATED: (10.0 TO 49.9 ACRES),OPERATIONS,59,59,FALSE,NASS Table 1,farm_operations_number_of_operations_area_operated_10_0_to_49_9_acres,NA
AG CENSUS AREA,AK,090,Fairbanks North Star Area,2002,11,FARM OPERATIONS - NUMBER OF OPERATIONS | AREA OPERATED: (50 TO 179 ACRES),FARM OPERATIONS - NUMBER OF OPERATIONS,AREA OPERATED,AREA OPERATED: (50 TO 179 ACRES),OPERATIONS,48,48,FALSE,NASS Table 1,farm_operations_number_of_operations_area_operated_50_to_179_acres,NA
AG CENSUS AREA,AK,090,Fairbanks North Star Area,2007,11,FARM OPERATIONS - NUMBER OF OPERATIONS | AREA OPERATED: (50 TO 179 ACRES),FARM OPERATIONS - NUMBER OF OPERATIONS,AREA OPERATED,AREA OPERATED: (50 TO 179 ACRES),OPERATIONS,48,48,FALSE,NASS Table 1,farm_operations_number_of_operations_area_operated_50_to_179_acres,NA
AG CENSUS AREA,AK,090,Fairbanks North Star Area,2012,11,FARM OPERATIONS - NUMBER OF OPERATIONS | AREA OPERATED: (50 TO 179 ACRES),FARM OPERATIONS - NUMBER OF OPERATIONS,AREA OPERATED,AREA OPERATED: (50 TO 179 ACRES),OPERATIONS,48,48,FALSE,NASS Table 1,farm_operations_number_of_operations_area_operated_50_to_179_acres,NA
AG CENSUS AREA,AK,090,Fairbanks North Star Area,2017,11,FARM OPERATIONS - NUMBER OF OPERATIONS | AREA OPERATED: (50 TO 179 ACRES),FARM OPERATIONS - NUMBER OF OPERATIONS,AREA OPERATED,AREA OPERATED: (50 TO 179 ACRES),OPERATIONS,57,57,FALSE,NASS Table 1,farm_operations_number_of_operations_area_operated_50_to_179_acres,NA
AG CENSUS AREA,AK,090,Fairbanks North Star Area,2022,11,FARM OPERATIONS - NUMBER OF OPERATIONS | AREA OPERATED: (50 TO 179 ACRES),FARM OPERATIONS - NUMBER OF OPERATIONS,AREA OPERATED,AREA OPERATED: (50 TO 179 ACRES),OPERATIONS,62,62,FALSE,NASS Table 1,farm_operations_number_of_operations_area_operated_50_to_179_acres,NA
AG CENSUS AREA,AK,090,Fairbanks North Star Area,2002,12,FARM OPERATIONS - NUMBER OF OPERATIONS | AREA OPERATED: (180 TO 499 ACRES),FARM OPERATIONS - NUMBER OF OPERATIONS,AREA OPERATED,AREA OPERATED: (180 TO 499 ACRES),OPERATIONS,49,49,FALSE,NASS Table 1,farm_operations_number_of_operations_area_operated_180_to_499_acres,NA
AG CENSUS AREA,AK,090,Fairbanks North Star Area,2007,12,FARM OPERATIONS - NUMBER OF OPERATIONS | AREA OPERATED: (180 TO 499 ACRES),FARM OPERATIONS - NUMBER OF OPERATIONS,AREA OPERATED,AREA OPERATED: (180 TO 499 ACRES),OPERATIONS,45,45,FALSE,NASS Table 1,farm_operations_number_of_operations_area_operated_180_to_499_acres,NA
AG CENSUS AREA,AK,090,Fairbanks North Star Area,2012,12,FARM OPERATIONS - NUMBER OF OPERATIONS | AREA OPERATED: (180 TO 499 ACRES),FARM OPERATIONS - NUMBER OF OPERATIONS,AREA OPERATED,AREA OPERATED: (180 TO 499 ACRES),OPERATIONS,39,39,FALSE,NASS Table 1,farm_operations_number_of_operations_area_operated_180_to_499_acres,NA
AG CENSUS AREA,AK,090,Fairbanks North Star Area,2017,12,FARM OPERATIONS - NUMBER OF OPERATIONS | AREA OPERATED: (180 TO 499 ACRES),FARM OPERATIONS - NUMBER OF OPERATIONS,AREA OPERATED,AREA OPERATED: (180 TO 499 ACRES),OPERATIONS,36,36,FALSE,NASS Table 1,farm_operations_number_of_operations_area_operated_180_to_499_acres,NA
AG CENSUS AREA,AK,090,Fairbanks North Star Area,2022,12,FARM OPERATIONS - NUMBER OF OPERATIONS | AREA OPERATED: (180 TO 499 ACRES),FARM OPERATIONS - NUMBER OF OPERATIONS,AREA OPERATED,AREA OPERATED: (180 TO 499 ACRES),OPERATIONS,33,33,FALSE,NASS Table 1,farm_operations_number_of_operations_area_operated_180_to_499_acres,NA
AG CENSUS AREA,AK,090,Fairbanks North Star Area,1997,13,FARM OPERATIONS - NUMBER OF OPERATIONS | AREA OPERATED: (500 TO 999 ACRES),FARM OPERATIONS - NUMBER OF OPERATIONS,AREA OPERATED,AREA OPERATED: (500 TO 999 ACRES),OPERATIONS,18,18,FALSE,NASS Table 1,farm_operations_number_of_operations_area_operated_500_to_999_acres,NA
AG CENSUS AREA,AK,090,Fairbanks North Star Area,2002,13,FARM OPERATIONS - NUMBER OF OPERATIONS | AREA OPERATED: (500 TO 999 ACRES),FARM OPERATIONS - NUMBER OF OPERATIONS,AREA OPERATED,AREA OPERATED: (500 TO 999 ACRES),OPERATIONS,17,17,FALSE,NASS Table 1,farm_operations_number_of_operations_area_operated_500_to_999_acres,NA
AG CENSUS AREA,AK,090,Fairbanks North Star Area,2007,13,FARM OPERATIONS - NUMBER OF OPERATIONS | AREA OPERATED: (500 TO 999 ACRES),FARM OPERATIONS - NUMBER OF OPERATIONS,AREA OPERATED,AREA OPERATED: (500 TO 999 ACRES),OPERATIONS,21,21,FALSE,NASS Table 1,farm_operations_number_of_operations_area_operated_500_to_999_acres,NA
AG CENSUS AREA,AK,090,Fairbanks North Star Area,2012,13,FARM OPERATIONS - NUMBER OF OPERATIONS | AREA OPERATED: (500 TO 999 ACRES),FARM OPERATIONS - NUMBER OF OPERATIONS,AREA OPERATED,AREA OPERATED: (500 TO 999 ACRES),OPERATIONS,21,21,FALSE,NASS Table 1,farm_operations_number_of_operations_area_operated_500_to_999_acres,NA
AG CENSUS AREA,AK,090,Fairbanks North Star Area,2017,13,FARM OPERATIONS - NUMBER OF OPERATIONS | AREA OPERATED: (500 TO 999 ACRES),FARM OPERATIONS - NUMBER OF OPERATIONS,AREA OPERATED,AREA OPERATED: (500 TO 999 ACRES),OPERATIONS,23,23,FALSE,NASS Table 1,farm_operations_number_of_operations_area_operated_500_to_999_acres,NA
AG CENSUS AREA,AK,090,Fairbanks North Star Area,2022,13,FARM OPERATIONS - NUMBER OF OPERATIONS | AREA OPERATED: (500 TO 999 ACRES),FARM OPERATIONS - NUMBER OF OPERATIONS,AREA OPERATED,AREA OPERATED: (500 TO 999 ACRES),OPERATIONS,21,21,FALSE,NASS Table 1,farm_operations_number_of_operations_area_operated_500_to_999_acres,NA
AG CENSUS AREA,AK,090,Fairbanks North Star Area,2002,14,"FARM OPERATIONS - NUMBER OF OPERATIONS | AREA OPERATED: (1,000 OR MORE ACRES)",FARM OPERATIONS - NUMBER OF OPERATIONS,AREA OPERATED,"AREA OPERATED: (1,000 OR MORE ACRES)",OPERATIONS,28,28,FALSE,NASS Table 1,farm_operations_number_of_operations_area_operated_1_000_or_more_acres,NA
AG CENSUS AREA,AK,090,Fairbanks North Star Area,2007,14,"FARM OPERATIONS - NUMBER OF OPERATIONS | AREA OPERATED: (1,000 OR MORE ACRES)",FARM OPERATIONS - NUMBER OF OPERATIONS,AREA OPERATED,"AREA OPERATED: (1,000 OR MORE ACRES)",OPERATIONS,26,26,FALSE,NASS Table 1,farm_operations_number_of_operations_area_operated_1_000_or_more_acres,NA
AG CENSUS AREA,AK,090,Fairbanks North Star Area,2012,14,"FARM OPERATIONS - NUMBER OF OPERATIONS | AREA OPERATED: (1,000 OR MORE ACRES)",FARM OPERATIONS - NUMBER OF OPERATIONS,AREA OPERATED,"AREA OPERATED: (1,000 OR MORE ACRES)",OPERATIONS,24,24,FALSE,NASS Table 1,farm_operations_number_of_operations_area_operated_1_000_or_more_acres,NA
AG CENSUS AREA,AK,090,Fairbanks North Star Area,2017,14,"FARM OPERATIONS - NUMBER OF OPERATIONS | AREA OPERATED: (1,000 OR MORE ACRES)",FARM OPERATIONS - NUMBER OF OPERATIONS,AREA OPERATED,"AREA OPERATED: (1,000 OR MORE ACRES)",OPERATIONS,22,22,FALSE,NASS Table 1,farm_operations_number_of_operations_area_operated_1_000_or_more_acres,NA
AG CENSUS AREA,AK,090,Fairbanks North Star Area,2022,14,"FARM OPERATIONS - NUMBER OF OPERATIONS | AREA OPERATED: (1,000 OR MORE ACRES)",FARM OPERATIONS - NUMBER OF OPERATIONS,AREA OPERATED,"AREA OPERATED: (1,000 OR MORE ACRES)",OPERATIONS,23,23,FALSE,NASS Table 1,farm_operations_number_of_operations_area_operated_1_000_or_more_acres,NA
AG CENSUS AREA,AK,090,Fairbanks North Star Area,1997,15,"AG LAND, CROPLAND - NUMBER OF OPERATIONS","AG LAND, CROPLAND - NUMBER OF OPERATIONS",TOTAL,NOT SPECIFIED,OPERATIONS,161,161,FALSE,NASS Table 1,ag_land_cropland_number_of_operations,NA
AG CENSUS AREA,AK,090,Fairbanks North Star Area,2002,15,"AG LAND, CROPLAND - NUMBER OF OPERATIONS","AG LAND, CROPLAND - NUMBER OF OPERATIONS",TOTAL,NOT SPECIFIED,OPERATIONS,171,171,FALSE,NASS Table 1,ag_land_cropland_number_of_operations,NA
AG CENSUS AREA,AK,090,Fairbanks North Star Area,2007,15,"AG LAND, CROPLAND - NUMBER OF OPERATIONS","AG LAND, CROPLAND - NUMBER OF OPERATIONS",TOTAL,NOT SPECIFIED,OPERATIONS,185,185,FALSE,NASS Table 1,ag_land_cropland_number_of_operations,NA
AG CENSUS AREA,AK,090,Fairbanks North Star Area,2012,15,"AG LAND, CROPLAND - NUMBER OF OPERATIONS","AG LAND, CROPLAND - NUMBER OF OPERATIONS",TOTAL,NOT SPECIFIED,OPERATIONS,182,182,FALSE,NASS Table 1,ag_land_cropland_number_of_operations,NA
AG CENSUS AREA,AK,090,Fairbanks North Star Area,2017,15,"AG LAND, CROPLAND - NUMBER OF OPERATIONS","AG LAND, CROPLAND - NUMBER OF OPERATIONS",TOTAL,NOT SPECIFIED,OPERATIONS,237,237,FALSE,NASS Table 1,ag_land_cropland_number_of_operations,NA
AG CENSUS AREA,AK,090,Fairbanks North Star Area,2022,15,"AG LAND, CROPLAND - NUMBER OF OPERATIONS","AG LAND, CROPLAND - NUMBER OF OPERATIONS",TOTAL,NOT SPECIFIED,OPERATIONS,249,249,FALSE,NASS Table 1,ag_land_cropland_number_of_operations,NA
AG CENSUS AREA,AK,090,Fairbanks North Star Area,1997,16,"AG LAND, CROPLAND - ACRES","AG LAND, CROPLAND - ACRES",TOTAL,NOT SPECIFIED,ACRES,68506,68506,FALSE,NASS Table 1,ag_land_cropland_acres,NA
AG CENSUS AREA,AK,090,Fairbanks North Star Area,2002,16,"AG LAND, CROPLAND - ACRES","AG LAND, CROPLAND - ACRES",TOTAL,NOT SPECIFIED,ACRES,69454,69454,FALSE,NASS Table 1,ag_land_cropland_acres,NA
AG CENSUS AREA,AK,090,Fairbanks North Star Area,2007,16,"AG LAND, CROPLAND - ACRES","AG LAND, CROPLAND - ACRES",TOTAL,NOT SPECIFIED,ACRES,63621,63621,FALSE,NASS Table 1,ag_land_cropland_acres,NA
AG CENSUS AREA,AK,090,Fairbanks North Star Area,2012,16,"AG LAND, CROPLAND - ACRES","AG LAND, CROPLAND - ACRES",TOTAL,NOT SPECIFIED,ACRES,61394,61394,FALSE,NASS Table 1,ag_land_cropland_acres,NA
AG CENSUS AREA,AK,090,Fairbanks North Star Area,2017,16,"AG LAND, CROPLAND - ACRES","AG LAND, CROPLAND - ACRES",TOTAL,NOT SPECIFIED,ACRES,63226,63226,FALSE,NASS Table 1,ag_land_cropland_acres,NA
AG CENSUS AREA,AK,090,Fairbanks North Star Area,2022,16,"AG LAND, CROPLAND - ACRES","AG LAND, CROPLAND - ACRES",TOTAL,NOT SPECIFIED,ACRES,51038,51038,FALSE,NASS Table 1,ag_land_cropland_acres,NA
AG CENSUS AREA,AK,090,Fairbanks North Star Area,1997,17,"AG LAND, CROPLAND, HARVESTED - NUMBER OF OPERATIONS","AG LAND, CROPLAND, HARVESTED - NUMBER OF OPERATIONS",TOTAL,NOT SPECIFIED,OPERATIONS,141,141,FALSE,NASS Table 1,ag_land_cropland_harvested_number_of_operations,NA
AG CENSUS AREA,AK,090,Fairbanks North Star Area,2002,17,"AG LAND, CROPLAND, HARVESTED - NUMBER OF OPERATIONS","AG LAND, CROPLAND, HARVESTED - NUMBER OF OPERATIONS",TOTAL,NOT SPECIFIED,OPERATIONS,130,130,FALSE,NASS Table 1,ag_land_cropland_harvested_number_of_operations,NA
AG CENSUS AREA,AK,090,Fairbanks North Star Area,2007,17,"AG LAND, CROPLAND, HARVESTED - NUMBER OF OPERATIONS","AG LAND, CROPLAND, HARVESTED - NUMBER OF OPERATIONS",TOTAL,NOT SPECIFIED,OPERATIONS,144,144,FALSE,NASS Table 1,ag_land_cropland_harvested_number_of_operations,NA
AG CENSUS AREA,AK,090,Fairbanks North Star Area,2012,17,"AG LAND, CROPLAND, HARVESTED - NUMBER OF OPERATIONS","AG LAND, CROPLAND, HARVESTED - NUMBER OF OPERATIONS",TOTAL,NOT SPECIFIED,OPERATIONS,151,151,FALSE,NASS Table 1,ag_land_cropland_harvested_number_of_operations,NA
AG CENSUS AREA,AK,090,Fairbanks North Star Area,2017,17,"AG LAND, CROPLAND, HARVESTED - NUMBER OF OPERATIONS","AG LAND, CROPLAND, HARVESTED - NUMBER OF OPERATIONS",TOTAL,NOT SPECIFIED,OPERATIONS,206,206,FALSE,NASS Table 1,ag_land_cropland_harvested_number_of_operations,NA
AG CENSUS AREA,AK,090,Fairbanks North Star Area,2022,17,"AG LAND, CROPLAND, HARVESTED - NUMBER OF OPERATIONS","AG LAND, CROPLAND, HARVESTED - NUMBER OF OPERATIONS",TOTAL,NOT SPECIFIED,OPERATIONS,221,221,FALSE,NASS Table 1,ag_land_cropland_harvested_number_of_operations,NA
AG CENSUS AREA,AK,090,Fairbanks North Star Area,1997,18,"AG LAND, CROPLAND, HARVESTED - ACRES","AG LAND, CROPLAND, HARVESTED - ACRES",TOTAL,NOT SPECIFIED,ACRES,19514,19514,FALSE,NASS Table 1,ag_land_cropland_harvested_acres,NA
AG CENSUS AREA,AK,090,Fairbanks North Star Area,2002,18,"AG LAND, CROPLAND, HARVESTED - ACRES","AG LAND, CROPLAND, HARVESTED - ACRES",TOTAL,NOT SPECIFIED,ACRES,16050,16050,FALSE,NASS Table 1,ag_land_cropland_harvested_acres,NA
AG CENSUS AREA,AK,090,Fairbanks North Star Area,2007,18,"AG LAND, CROPLAND, HARVESTED - ACRES","AG LAND, CROPLAND, HARVESTED - ACRES",TOTAL,NOT SPECIFIED,ACRES,16834,16834,FALSE,NASS Table 1,ag_land_cropland_harvested_acres,NA
AG CENSUS AREA,AK,090,Fairbanks North Star Area,2012,18,"AG LAND, CROPLAND, HARVESTED - ACRES","AG LAND, CROPLAND, HARVESTED - ACRES",TOTAL,NOT SPECIFIED,ACRES,16708,16708,FALSE,NASS Table 1,ag_land_cropland_harvested_acres,NA
AG CENSUS AREA,AK,090,Fairbanks North Star Area,2017,18,"AG LAND, CROPLAND, HARVESTED - ACRES","AG LAND, CROPLAND, HARVESTED - ACRES",TOTAL,NOT SPECIFIED,ACRES,19161,19161,FALSE,NASS Table 1,ag_land_cropland_harvested_acres,NA
AG CENSUS AREA,AK,090,Fairbanks North Star Area,2022,18,"AG LAND, CROPLAND, HARVESTED - ACRES","AG LAND, CROPLAND, HARVESTED - ACRES",TOTAL,NOT SPECIFIED,ACRES,NA,NA,FALSE,NASS Table 1,ag_land_cropland_harvested_acres,NA
AG CENSUS AREA,AK,090,Fairbanks North Star Area,2002,19,"AG LAND, IRRIGATED - NUMBER OF OPERATIONS","AG LAND, IRRIGATED - NUMBER OF OPERATIONS",TOTAL,NOT SPECIFIED,OPERATIONS,40,40,FALSE,NASS Table 1,ag_land_irrigated_number_of_operations,NA
AG CENSUS AREA,AK,090,Fairbanks North Star Area,2007,19,"AG LAND, IRRIGATED - NUMBER OF OPERATIONS","AG LAND, IRRIGATED - NUMBER OF OPERATIONS",TOTAL,NOT SPECIFIED,OPERATIONS,45,45,FALSE,NASS Table 1,ag_land_irrigated_number_of_operations,NA
AG CENSUS AREA,AK,090,Fairbanks North Star Area,2012,19,"AG LAND, IRRIGATED - NUMBER OF OPERATIONS","AG LAND, IRRIGATED - NUMBER OF OPERATIONS",TOTAL,NOT SPECIFIED,OPERATIONS,49,49,FALSE,NASS Table 1,ag_land_irrigated_number_of_operations,NA
AG CENSUS AREA,AK,090,Fairbanks North Star Area,2017,19,"AG LAND, IRRIGATED - NUMBER OF OPERATIONS","AG LAND, IRRIGATED - NUMBER OF OPERATIONS",TOTAL,NOT SPECIFIED,OPERATIONS,97,97,FALSE,NASS Table 1,ag_land_irrigated_number_of_operations,NA
AG CENSUS AREA,AK,090,Fairbanks North Star Area,2022,19,"AG LAND, IRRIGATED - NUMBER OF OPERATIONS","AG LAND, IRRIGATED - NUMBER OF OPERATIONS",TOTAL,NOT SPECIFIED,OPERATIONS,110,110,FALSE,NASS Table 1,ag_land_irrigated_number_of_operations,NA
AG CENSUS AREA,AK,090,Fairbanks North Star Area,1997,20,"AG LAND, IRRIGATED - ACRES","AG LAND, IRRIGATED - ACRES",TOTAL,NOT SPECIFIED,ACRES,1278,1278,FALSE,NASS Table 1,ag_land_irrigated_acres,NA
AG CENSUS AREA,AK,090,Fairbanks North Star Area,2002,20,"AG LAND, IRRIGATED - ACRES","AG LAND, IRRIGATED - ACRES",TOTAL,NOT SPECIFIED,ACRES,1184,1184,FALSE,NASS Table 1,ag_land_irrigated_acres,NA
AG CENSUS AREA,AK,090,Fairbanks North Star Area,2007,20,"AG LAND, IRRIGATED - ACRES","AG LAND, IRRIGATED - ACRES",TOTAL,NOT SPECIFIED,ACRES,1956,1956,FALSE,NASS Table 1,ag_land_irrigated_acres,NA
AG CENSUS AREA,AK,090,Fairbanks North Star Area,2012,20,"AG LAND, IRRIGATED - ACRES","AG LAND, IRRIGATED - ACRES",TOTAL,NOT SPECIFIED,ACRES,1017,1017,FALSE,NASS Table 1,ag_land_irrigated_acres,NA
AG CENSUS AREA,AK,090,Fairbanks North Star Area,2017,20,"AG LAND, IRRIGATED - ACRES","AG LAND, IRRIGATED - ACRES",TOTAL,NOT SPECIFIED,ACRES,1100,1100,FALSE,NASS Table 1,ag_land_irrigated_acres,NA
AG CENSUS AREA,AK,090,Fairbanks North Star Area,2022,20,"AG LAND, IRRIGATED - ACRES","AG LAND, IRRIGATED - ACRES",TOTAL,NOT SPECIFIED,ACRES,1167,1167,FALSE,NASS Table 1,ag_land_irrigated_acres,NA
AG CENSUS AREA,AK,090,Fairbanks North Star Area,1997,21,"COMMODITY TOTALS - SALES, MEASURED IN $","COMMODITY TOTALS - SALES, MEASURED IN $",TOTAL,NOT SPECIFIED,$,5822000,5822000,FALSE,NASS Table 1,commodity_totals_sales_usd,NA
AG CENSUS AREA,AK,090,Fairbanks North Star Area,2002,21,"COMMODITY TOTALS - SALES, MEASURED IN $","COMMODITY TOTALS - SALES, MEASURED IN $",TOTAL,NOT SPECIFIED,$,5285000,5285000,FALSE,NASS Table 1,commodity_totals_sales_usd,NA
AG CENSUS AREA,AK,090,Fairbanks North Star Area,2007,21,"COMMODITY TOTALS - SALES, MEASURED IN $","COMMODITY TOTALS - SALES, MEASURED IN $",TOTAL,NOT SPECIFIED,$,7075000,7075000,FALSE,NASS Table 1,commodity_totals_sales_usd,NA
AG CENSUS AREA,AK,090,Fairbanks North Star Area,2012,21,"COMMODITY TOTALS - SALES, MEASURED IN $","COMMODITY TOTALS - SALES, MEASURED IN $",TOTAL,NOT SPECIFIED,$,9140000,9140000,FALSE,NASS Table 1,commodity_totals_sales_usd,NA
AG CENSUS AREA,AK,090,Fairbanks North Star Area,2017,21,"COMMODITY TOTALS - SALES, MEASURED IN $","COMMODITY TOTALS - SALES, MEASURED IN $",TOTAL,NOT SPECIFIED,$,10392000,10392000,FALSE,NASS Table 1,commodity_totals_sales_usd,NA
AG CENSUS AREA,AK,090,Fairbanks North Star Area,2022,21,"COMMODITY TOTALS - SALES, MEASURED IN $","COMMODITY TOTALS - SALES, MEASURED IN $",TOTAL,NOT SPECIFIED,$,15653000,15653000,FALSE,NASS Table 1,commodity_totals_sales_usd,NA
AG CENSUS AREA,AK,090,Fairbanks North Star Area,1997,22,"COMMODITY TOTALS - SALES, MEASURED IN $ / OPERATION","COMMODITY TOTALS - SALES, MEASURED IN $ / OPERATION",TOTAL,NOT SPECIFIED,$ / OPERATION,32523,32523,FALSE,NASS Table 1,commodity_totals_sales_usd_per_operation,NA
AG CENSUS AREA,AK,090,Fairbanks North Star Area,2002,22,"COMMODITY TOTALS - SALES, MEASURED IN $ / OPERATION","COMMODITY TOTALS - SALES, MEASURED IN $ / OPERATION",TOTAL,NOT SPECIFIED,$ / OPERATION,28261,28261,FALSE,NASS Table 1,commodity_totals_sales_usd_per_operation,NA
AG CENSUS AREA,AK,090,Fairbanks North Star Area,2007,22,"COMMODITY TOTALS - SALES, MEASURED IN $ / OPERATION","COMMODITY TOTALS - SALES, MEASURED IN $ / OPERATION",TOTAL,NOT SPECIFIED,$ / OPERATION,33375,33375,FALSE,NASS Table 1,commodity_totals_sales_usd_per_operation,NA
AG CENSUS AREA,AK,090,Fairbanks North Star Area,2012,22,"COMMODITY TOTALS - SALES, MEASURED IN $ / OPERATION","COMMODITY TOTALS - SALES, MEASURED IN $ / OPERATION",TOTAL,NOT SPECIFIED,$ / OPERATION,42122,42122,FALSE,NASS Table 1,commodity_totals_sales_usd_per_operation,NA
AG CENSUS AREA,AK,090,Fairbanks North Star Area,2017,22,"COMMODITY TOTALS - SALES, MEASURED IN $ / OPERATION","COMMODITY TOTALS - SALES, MEASURED IN $ / OPERATION",TOTAL,NOT SPECIFIED,$ / OPERATION,37927,37927,FALSE,NASS Table 1,commodity_totals_sales_usd_per_operation,NA
AG CENSUS AREA,AK,090,Fairbanks North Star Area,2022,22,"COMMODITY TOTALS - SALES, MEASURED IN $ / OPERATION","COMMODITY TOTALS - SALES, MEASURED IN $ / OPERATION",TOTAL,NOT SPECIFIED,$ / OPERATION,53061,53061,FALSE,NASS Table 1,commodity_totals_sales_usd_per_operation,NA
AG CENSUS AREA,AK,090,Fairbanks North Star Area,1997,23,"CROP TOTALS - SALES, MEASURED IN $","CROP TOTALS - SALES, MEASURED IN $",TOTAL,NOT SPECIFIED,$,4233000,4233000,FALSE,NASS Table 1,crop_totals_sales_usd,NA
AG CENSUS AREA,AK,090,Fairbanks North Star Area,2002,23,"CROP TOTALS - SALES, MEASURED IN $","CROP TOTALS - SALES, MEASURED IN $",TOTAL,NOT SPECIFIED,$,4349000,4349000,FALSE,NASS Table 1,crop_totals_sales_usd,NA
AG CENSUS AREA,AK,090,Fairbanks North Star Area,2007,23,"CROP TOTALS - SALES, MEASURED IN $","CROP TOTALS - SALES, MEASURED IN $",TOTAL,NOT SPECIFIED,$,5889000,5889000,FALSE,NASS Table 1,crop_totals_sales_usd,NA
AG CENSUS AREA,AK,090,Fairbanks North Star Area,2012,23,"CROP TOTALS - SALES, MEASURED IN $","CROP TOTALS - SALES, MEASURED IN $",TOTAL,NOT SPECIFIED,$,7749000,7749000,FALSE,NASS Table 1,crop_totals_sales_usd,NA
AG CENSUS AREA,AK,090,Fairbanks North Star Area,2017,23,"CROP TOTALS - SALES, MEASURED IN $","CROP TOTALS - SALES, MEASURED IN $",TOTAL,NOT SPECIFIED,$,8485000,8485000,FALSE,NASS Table 1,crop_totals_sales_usd,NA
AG CENSUS AREA,AK,090,Fairbanks North Star Area,2022,23,"CROP TOTALS - SALES, MEASURED IN $","CROP TOTALS - SALES, MEASURED IN $",TOTAL,NOT SPECIFIED,$,10570000,10570000,FALSE,NASS Table 1,crop_totals_sales_usd,NA
AG CENSUS AREA,AK,090,Fairbanks North Star Area,1997,24,"ANIMAL TOTALS, INCL PRODUCTS - SALES, MEASURED IN $","ANIMAL TOTALS, INCL PRODUCTS - SALES, MEASURED IN $",TOTAL,NOT SPECIFIED,$,1589000,1589000,FALSE,NASS Table 1,animal_totals_incl_products_sales_usd,NA
AG CENSUS AREA,AK,090,Fairbanks North Star Area,2002,24,"ANIMAL TOTALS, INCL PRODUCTS - SALES, MEASURED IN $","ANIMAL TOTALS, INCL PRODUCTS - SALES, MEASURED IN $",TOTAL,NOT SPECIFIED,$,936000,936000,FALSE,NASS Table 1,animal_totals_incl_products_sales_usd,NA
AG CENSUS AREA,AK,090,Fairbanks North Star Area,2007,24,"ANIMAL TOTALS, INCL PRODUCTS - SALES, MEASURED IN $","ANIMAL TOTALS, INCL PRODUCTS - SALES, MEASURED IN $",TOTAL,NOT SPECIFIED,$,1187000,1187000,FALSE,NASS Table 1,animal_totals_incl_products_sales_usd,NA
AG CENSUS AREA,AK,090,Fairbanks North Star Area,2012,24,"ANIMAL TOTALS, INCL PRODUCTS - SALES, MEASURED IN $","ANIMAL TOTALS, INCL PRODUCTS - SALES, MEASURED IN $",TOTAL,NOT SPECIFIED,$,1391000,1391000,FALSE,NASS Table 1,animal_totals_incl_products_sales_usd,NA
AG CENSUS AREA,AK,090,Fairbanks North Star Area,2017,24,"ANIMAL TOTALS, INCL PRODUCTS - SALES, MEASURED IN $","ANIMAL TOTALS, INCL PRODUCTS - SALES, MEASURED IN $",TOTAL,NOT SPECIFIED,$,1907000,1907000,FALSE,NASS Table 1,animal_totals_incl_products_sales_usd,NA
AG CENSUS AREA,AK,090,Fairbanks North Star Area,2022,24,"ANIMAL TOTALS, INCL PRODUCTS - SALES, MEASURED IN $","ANIMAL TOTALS, INCL PRODUCTS - SALES, MEASURED IN $",TOTAL,NOT SPECIFIED,$,5083000,5083000,FALSE,NASS Table 1,animal_totals_incl_products_sales_usd,NA
AG CENSUS AREA,AK,090,Fairbanks North Star Area,2002,25,"COMMODITY TOTALS - OPERATIONS WITH SALES | FARM SALES: (LESS THAN 2,500 $)",COMMODITY TOTALS - OPERATIONS WITH SALES,FARM SALES,"FARM SALES: (LESS THAN 2,500 $)",OPERATIONS,71,71,FALSE,NASS Table 1,commodity_totals_operations_with_sales_farm_sales_less_than_2_500_usd,NA
AG CENSUS AREA,AK,090,Fairbanks North Star Area,2007,25,"COMMODITY TOTALS - OPERATIONS WITH SALES | FARM SALES: (LESS THAN 2,500 $)",COMMODITY TOTALS - OPERATIONS WITH SALES,FARM SALES,"FARM SALES: (LESS THAN 2,500 $)",OPERATIONS,80,80,FALSE,NASS Table 1,commodity_totals_operations_with_sales_farm_sales_less_than_2_500_usd,NA
AG CENSUS AREA,AK,090,Fairbanks North Star Area,2012,25,"COMMODITY TOTALS - OPERATIONS WITH SALES | FARM SALES: (LESS THAN 2,500 $)",COMMODITY TOTALS - OPERATIONS WITH SALES,FARM SALES,"FARM SALES: (LESS THAN 2,500 $)",OPERATIONS,67,67,FALSE,NASS Table 1,commodity_totals_operations_with_sales_farm_sales_less_than_2_500_usd,NA
AG CENSUS AREA,AK,090,Fairbanks North Star Area,2017,25,"COMMODITY TOTALS - OPERATIONS WITH SALES | FARM SALES: (LESS THAN 2,500 $)",COMMODITY TOTALS - OPERATIONS WITH SALES,FARM SALES,"FARM SALES: (LESS THAN 2,500 $)",OPERATIONS,98,98,FALSE,NASS Table 1,commodity_totals_operations_with_sales_farm_sales_less_than_2_500_usd,NA
AG CENSUS AREA,AK,090,Fairbanks North Star Area,2022,25,"COMMODITY TOTALS - OPERATIONS WITH SALES | FARM SALES: (LESS THAN 2,500 $)",COMMODITY TOTALS - OPERATIONS WITH SALES,FARM SALES,"FARM SALES: (LESS THAN 2,500 $)",OPERATIONS,64,64,FALSE,NASS Table 1,commodity_totals_operations_with_sales_farm_sales_less_than_2_500_usd,NA
AG CENSUS AREA,AK,090,Fairbanks North Star Area,1997,26,"COMMODITY TOTALS - OPERATIONS WITH SALES | FARM SALES: (2,500 TO 4,999 $)",COMMODITY TOTALS - OPERATIONS WITH SALES,FARM SALES,"FARM SALES: (2,500 TO 4,999 $)",OPERATIONS,26,26,FALSE,NASS Table 1,commodity_totals_operations_with_sales_farm_sales_2_500_to_4_999_usd,NA
AG CENSUS AREA,AK,090,Fairbanks North Star Area,2002,26,"COMMODITY TOTALS - OPERATIONS WITH SALES | FARM SALES: (2,500 TO 4,999 $)",COMMODITY TOTALS - OPERATIONS WITH SALES,FARM SALES,"FARM SALES: (2,500 TO 4,999 $)",OPERATIONS,20,20,FALSE,NASS Table 1,commodity_totals_operations_with_sales_farm_sales_2_500_to_4_999_usd,NA
AG CENSUS AREA,AK,090,Fairbanks North Star Area,2007,26,"COMMODITY TOTALS - OPERATIONS WITH SALES | FARM SALES: (2,500 TO 4,999 $)",COMMODITY TOTALS - OPERATIONS WITH SALES,FARM SALES,"FARM SALES: (2,500 TO 4,999 $)",OPERATIONS,21,21,FALSE,NASS Table 1,commodity_totals_operations_with_sales_farm_sales_2_500_to_4_999_usd,NA
AG CENSUS AREA,AK,090,Fairbanks North Star Area,2012,26,"COMMODITY TOTALS - OPERATIONS WITH SALES | FARM SALES: (2,500 TO 4,999 $)",COMMODITY TOTALS - OPERATIONS WITH SALES,FARM SALES,"FARM SALES: (2,500 TO 4,999 $)",OPERATIONS,26,26,FALSE,NASS Table 1,commodity_totals_operations_with_sales_farm_sales_2_500_to_4_999_usd,NA
AG CENSUS AREA,AK,090,Fairbanks North Star Area,2017,26,"COMMODITY TOTALS - OPERATIONS WITH SALES | FARM SALES: (2,500 TO 4,999 $)",COMMODITY TOTALS - OPERATIONS WITH SALES,FARM SALES,"FARM SALES: (2,500 TO 4,999 $)",OPERATIONS,34,34,FALSE,NASS Table 1,commodity_totals_operations_with_sales_farm_sales_2_500_to_4_999_usd,NA
AG CENSUS AREA,AK,090,Fairbanks North Star Area,2022,26,"COMMODITY TOTALS - OPERATIONS WITH SALES | FARM SALES: (2,500 TO 4,999 $)",COMMODITY TOTALS - OPERATIONS WITH SALES,FARM SALES,"FARM SALES: (2,500 TO 4,999 $)",OPERATIONS,36,36,FALSE,NASS Table 1,commodity_totals_operations_with_sales_farm_sales_2_500_to_4_999_usd,NA
AG CENSUS AREA,AK,090,Fairbanks North Star Area,1997,27,"COMMODITY TOTALS - OPERATIONS WITH SALES | FARM SALES: (5,000 TO 9,999 $)",COMMODITY TOTALS - OPERATIONS WITH SALES,FARM SALES,"FARM SALES: (5,000 TO 9,999 $)",OPERATIONS,23,23,FALSE,NASS Table 1,commodity_totals_operations_with_sales_farm_sales_5_000_to_9_999_usd,NA
AG CENSUS AREA,AK,090,Fairbanks North Star Area,2002,27,"COMMODITY TOTALS - OPERATIONS WITH SALES | FARM SALES: (5,000 TO 9,999 $)",COMMODITY TOTALS - OPERATIONS WITH SALES,FARM SALES,"FARM SALES: (5,000 TO 9,999 $)",OPERATIONS,26,26,FALSE,NASS Table 1,commodity_totals_operations_with_sales_farm_sales_5_000_to_9_999_usd,NA
AG CENSUS AREA,AK,090,Fairbanks North Star Area,2007,27,"COMMODITY TOTALS - OPERATIONS WITH SALES | FARM SALES: (5,000 TO 9,999 $)",COMMODITY TOTALS - OPERATIONS WITH SALES,FARM SALES,"FARM SALES: (5,000 TO 9,999 $)",OPERATIONS,21,21,FALSE,NASS Table 1,commodity_totals_operations_with_sales_farm_sales_5_000_to_9_999_usd,NA
AG CENSUS AREA,AK,090,Fairbanks North Star Area,2012,27,"COMMODITY TOTALS - OPERATIONS WITH SALES | FARM SALES: (5,000 TO 9,999 $)",COMMODITY TOTALS - OPERATIONS WITH SALES,FARM SALES,"FARM SALES: (5,000 TO 9,999 $)",OPERATIONS,32,32,FALSE,NASS Table 1,commodity_totals_operations_with_sales_farm_sales_5_000_to_9_999_usd,NA
AG CENSUS AREA,AK,090,Fairbanks North Star Area,2017,27,"COMMODITY TOTALS - OPERATIONS WITH SALES | FARM SALES: (5,000 TO 9,999 $)",COMMODITY TOTALS - OPERATIONS WITH SALES,FARM SALES,"FARM SALES: (5,000 TO 9,999 $)",OPERATIONS,31,31,FALSE,NASS Table 1,commodity_totals_operations_with_sales_farm_sales_5_000_to_9_999_usd,NA
AG CENSUS AREA,AK,090,Fairbanks North Star Area,2022,27,"COMMODITY TOTALS - OPERATIONS WITH SALES | FARM SALES: (5,000 TO 9,999 $)",COMMODITY TOTALS - OPERATIONS WITH SALES,FARM SALES,"FARM SALES: (5,000 TO 9,999 $)",OPERATIONS,57,57,FALSE,NASS Table 1,commodity_totals_operations_with_sales_farm_sales_5_000_to_9_999_usd,NA
AG CENSUS AREA,AK,090,Fairbanks North Star Area,2002,28,"COMMODITY TOTALS - OPERATIONS WITH SALES | FARM SALES: (10,000 TO 24,999 $)",COMMODITY TOTALS - OPERATIONS WITH SALES,FARM SALES,"FARM SALES: (10,000 TO 24,999 $)",OPERATIONS,33,33,FALSE,NASS Table 1,commodity_totals_operations_with_sales_farm_sales_10_000_to_24_999_usd,NA
AG CENSUS AREA,AK,090,Fairbanks North Star Area,2007,28,"COMMODITY TOTALS - OPERATIONS WITH SALES | FARM SALES: (10,000 TO 24,999 $)",COMMODITY TOTALS - OPERATIONS WITH SALES,FARM SALES,"FARM SALES: (10,000 TO 24,999 $)",OPERATIONS,33,33,FALSE,NASS Table 1,commodity_totals_operations_with_sales_farm_sales_10_000_to_24_999_usd,NA
AG CENSUS AREA,AK,090,Fairbanks North Star Area,2012,28,"COMMODITY TOTALS - OPERATIONS WITH SALES | FARM SALES: (10,000 TO 24,999 $)",COMMODITY TOTALS - OPERATIONS WITH SALES,FARM SALES,"FARM SALES: (10,000 TO 24,999 $)",OPERATIONS,47,47,FALSE,NASS Table 1,commodity_totals_operations_with_sales_farm_sales_10_000_to_24_999_usd,NA
AG CENSUS AREA,AK,090,Fairbanks North Star Area,2017,28,"COMMODITY TOTALS - OPERATIONS WITH SALES | FARM SALES: (10,000 TO 24,999 $)",COMMODITY TOTALS - OPERATIONS WITH SALES,FARM SALES,"FARM SALES: (10,000 TO 24,999 $)",OPERATIONS,51,51,FALSE,NASS Table 1,commodity_totals_operations_with_sales_farm_sales_10_000_to_24_999_usd,NA
AG CENSUS AREA,AK,090,Fairbanks North Star Area,2022,28,"COMMODITY TOTALS - OPERATIONS WITH SALES | FARM SALES: (10,000 TO 24,999 $)",COMMODITY TOTALS - OPERATIONS WITH SALES,FARM SALES,"FARM SALES: (10,000 TO 24,999 $)",OPERATIONS,59,59,FALSE,NASS Table 1,commodity_totals_operations_with_sales_farm_sales_10_000_to_24_999_usd,NA
AG CENSUS AREA,AK,090,Fairbanks North Star Area,2002,29,"COMMODITY TOTALS - OPERATIONS WITH SALES | FARM SALES: (25,000 TO 49,999 $)",COMMODITY TOTALS - OPERATIONS WITH SALES,FARM SALES,"FARM SALES: (25,000 TO 49,999 $)",OPERATIONS,16,16,FALSE,NASS Table 1,commodity_totals_operations_with_sales_farm_sales_25_000_to_49_999_usd,NA
AG CENSUS AREA,AK,090,Fairbanks North Star Area,2007,29,"COMMODITY TOTALS - OPERATIONS WITH SALES | FARM SALES: (25,000 TO 49,999 $)",COMMODITY TOTALS - OPERATIONS WITH SALES,FARM SALES,"FARM SALES: (25,000 TO 49,999 $)",OPERATIONS,28,28,FALSE,NASS Table 1,commodity_totals_operations_with_sales_farm_sales_25_000_to_49_999_usd,NA
AG CENSUS AREA,AK,090,Fairbanks North Star Area,2012,29,"COMMODITY TOTALS - OPERATIONS WITH SALES | FARM SALES: (25,000 TO 49,999 $)",COMMODITY TOTALS - OPERATIONS WITH SALES,FARM SALES,"FARM SALES: (25,000 TO 49,999 $)",OPERATIONS,11,11,FALSE,NASS Table 1,commodity_totals_operations_with_sales_farm_sales_25_000_to_49_999_usd,NA
AG CENSUS AREA,AK,090,Fairbanks North Star Area,2017,29,"COMMODITY TOTALS - OPERATIONS WITH SALES | FARM SALES: (25,000 TO 49,999 $)",COMMODITY TOTALS - OPERATIONS WITH SALES,FARM SALES,"FARM SALES: (25,000 TO 49,999 $)",OPERATIONS,22,22,FALSE,NASS Table 1,commodity_totals_operations_with_sales_farm_sales_25_000_to_49_999_usd,NA
AG CENSUS AREA,AK,090,Fairbanks North Star Area,2022,29,"COMMODITY TOTALS - OPERATIONS WITH SALES | FARM SALES: (25,000 TO 49,999 $)",COMMODITY TOTALS - OPERATIONS WITH SALES,FARM SALES,"FARM SALES: (25,000 TO 49,999 $)",OPERATIONS,33,33,FALSE,NASS Table 1,commodity_totals_operations_with_sales_farm_sales_25_000_to_49_999_usd,NA
AG CENSUS AREA,AK,090,Fairbanks North Star Area,1997,30,"COMMODITY TOTALS - OPERATIONS WITH SALES | FARM SALES: (50,000 TO 99,999 $)",COMMODITY TOTALS - OPERATIONS WITH SALES,FARM SALES,"FARM SALES: (50,000 TO 99,999 $)",OPERATIONS,12,12,FALSE,NASS Table 1,commodity_totals_operations_with_sales_farm_sales_50_000_to_99_999_usd,NA
AG CENSUS AREA,AK,090,Fairbanks North Star Area,2002,30,"COMMODITY TOTALS - OPERATIONS WITH SALES | FARM SALES: (50,000 TO 99,999 $)",COMMODITY TOTALS - OPERATIONS WITH SALES,FARM SALES,"FARM SALES: (50,000 TO 99,999 $)",OPERATIONS,5,5,FALSE,NASS Table 1,commodity_totals_operations_with_sales_farm_sales_50_000_to_99_999_usd,NA
AG CENSUS AREA,AK,090,Fairbanks North Star Area,2007,30,"COMMODITY TOTALS - OPERATIONS WITH SALES | FARM SALES: (50,000 TO 99,999 $)",COMMODITY TOTALS - OPERATIONS WITH SALES,FARM SALES,"FARM SALES: (50,000 TO 99,999 $)",OPERATIONS,13,13,FALSE,NASS Table 1,commodity_totals_operations_with_sales_farm_sales_50_000_to_99_999_usd,NA
AG CENSUS AREA,AK,090,Fairbanks North Star Area,2012,30,"COMMODITY TOTALS - OPERATIONS WITH SALES | FARM SALES: (50,000 TO 99,999 $)",COMMODITY TOTALS - OPERATIONS WITH SALES,FARM SALES,"FARM SALES: (50,000 TO 99,999 $)",OPERATIONS,11,11,FALSE,NASS Table 1,commodity_totals_operations_with_sales_farm_sales_50_000_to_99_999_usd,NA
AG CENSUS AREA,AK,090,Fairbanks North Star Area,2017,30,"COMMODITY TOTALS - OPERATIONS WITH SALES | FARM SALES: (50,000 TO 99,999 $)",COMMODITY TOTALS - OPERATIONS WITH SALES,FARM SALES,"FARM SALES: (50,000 TO 99,999 $)",OPERATIONS,18,18,FALSE,NASS Table 1,commodity_totals_operations_with_sales_farm_sales_50_000_to_99_999_usd,NA
AG CENSUS AREA,AK,090,Fairbanks North Star Area,2022,30,"COMMODITY TOTALS - OPERATIONS WITH SALES | FARM SALES: (50,000 TO 99,999 $)",COMMODITY TOTALS - OPERATIONS WITH SALES,FARM SALES,"FARM SALES: (50,000 TO 99,999 $)",OPERATIONS,13,13,FALSE,NASS Table 1,commodity_totals_operations_with_sales_farm_sales_50_000_to_99_999_usd,NA
AG CENSUS AREA,AK,090,Fairbanks North Star Area,2002,31,"COMMODITY TOTALS - OPERATIONS WITH SALES | FARM SALES: (100,000 OR MORE $)",COMMODITY TOTALS - OPERATIONS WITH SALES,FARM SALES,"FARM SALES: (100,000 OR MORE $)",OPERATIONS,16,16,FALSE,NASS Table 1,commodity_totals_operations_with_sales_farm_sales_100_000_or_more_usd,NA
AG CENSUS AREA,AK,090,Fairbanks North Star Area,2007,31,"COMMODITY TOTALS - OPERATIONS WITH SALES | FARM SALES: (100,000 OR MORE $)",COMMODITY TOTALS - OPERATIONS WITH SALES,FARM SALES,"FARM SALES: (100,000 OR MORE $)",OPERATIONS,16,16,FALSE,NASS Table 1,commodity_totals_operations_with_sales_farm_sales_100_000_or_more_usd,NA
AG CENSUS AREA,AK,090,Fairbanks North Star Area,2012,31,"COMMODITY TOTALS - OPERATIONS WITH SALES | FARM SALES: (100,000 OR MORE $)",COMMODITY TOTALS - OPERATIONS WITH SALES,FARM SALES,"FARM SALES: (100,000 OR MORE $)",OPERATIONS,23,23,FALSE,NASS Table 1,commodity_totals_operations_with_sales_farm_sales_100_000_or_more_usd,NA
AG CENSUS AREA,AK,090,Fairbanks North Star Area,2017,31,"COMMODITY TOTALS - OPERATIONS WITH SALES | FARM SALES: (100,000 OR MORE $)",COMMODITY TOTALS - OPERATIONS WITH SALES,FARM SALES,"FARM SALES: (100,000 OR MORE $)",OPERATIONS,20,20,FALSE,NASS Table 1,commodity_totals_operations_with_sales_farm_sales_100_000_or_more_usd,NA
AG CENSUS AREA,AK,090,Fairbanks North Star Area,2022,31,"COMMODITY TOTALS - OPERATIONS WITH SALES | FARM SALES: (100,000 OR MORE $)",COMMODITY TOTALS - OPERATIONS WITH SALES,FARM SALES,"FARM SALES: (100,000 OR MORE $)",OPERATIONS,33,33,FALSE,NASS Table 1,commodity_totals_operations_with_sales_farm_sales_100_000_or_more_usd,NA
AG CENSUS AREA,AK,090,Fairbanks North Star Area,1997,32,"GOVT PROGRAMS, FEDERAL - OPERATIONS WITH RECEIPTS","GOVT PROGRAMS, FEDERAL - OPERATIONS WITH RECEIPTS",TOTAL,NOT SPECIFIED,OPERATIONS,62,62,FALSE,NASS Table 1,govt_programs_federal_operations_with_receipts,NA
AG CENSUS AREA,AK,090,Fairbanks North Star Area,2002,32,"GOVT PROGRAMS, FEDERAL - OPERATIONS WITH RECEIPTS","GOVT PROGRAMS, FEDERAL - OPERATIONS WITH RECEIPTS",TOTAL,NOT SPECIFIED,OPERATIONS,46,46,FALSE,NASS Table 1,govt_programs_federal_operations_with_receipts,NA
AG CENSUS AREA,AK,090,Fairbanks North Star Area,2007,32,"GOVT PROGRAMS, FEDERAL - OPERATIONS WITH RECEIPTS","GOVT PROGRAMS, FEDERAL - OPERATIONS WITH RECEIPTS",TOTAL,NOT SPECIFIED,OPERATIONS,50,50,FALSE,NASS Table 1,govt_programs_federal_operations_with_receipts,NA
AG CENSUS AREA,AK,090,Fairbanks North Star Area,2012,32,"GOVT PROGRAMS, FEDERAL - OPERATIONS WITH RECEIPTS","GOVT PROGRAMS, FEDERAL - OPERATIONS WITH RECEIPTS",TOTAL,NOT SPECIFIED,OPERATIONS,67,67,FALSE,NASS Table 1,govt_programs_federal_operations_with_receipts,NA
AG CENSUS AREA,AK,090,Fairbanks North Star Area,2017,32,"GOVT PROGRAMS, FEDERAL - OPERATIONS WITH RECEIPTS","GOVT PROGRAMS, FEDERAL - OPERATIONS WITH RECEIPTS",TOTAL,NOT SPECIFIED,OPERATIONS,60,60,FALSE,NASS Table 1,govt_programs_federal_operations_with_receipts,NA
AG CENSUS AREA,AK,090,Fairbanks North Star Area,2022,32,"GOVT PROGRAMS, FEDERAL - OPERATIONS WITH RECEIPTS","GOVT PROGRAMS, FEDERAL - OPERATIONS WITH RECEIPTS",TOTAL,NOT SPECIFIED,OPERATIONS,44,44,FALSE,NASS Table 1,govt_programs_federal_operations_with_receipts,NA
AG CENSUS AREA,AK,090,Fairbanks North Star Area,1997,33,"GOVT PROGRAMS, FEDERAL - RECEIPTS, MEASURED IN $","GOVT PROGRAMS, FEDERAL - RECEIPTS, MEASURED IN $",TOTAL,NOT SPECIFIED,$,969000,969000,FALSE,NASS Table 1,govt_programs_federal_receipts_usd,NA
AG CENSUS AREA,AK,090,Fairbanks North Star Area,2002,33,"GOVT PROGRAMS, FEDERAL - RECEIPTS, MEASURED IN $","GOVT PROGRAMS, FEDERAL - RECEIPTS, MEASURED IN $",TOTAL,NOT SPECIFIED,$,1267000,1267000,FALSE,NASS Table 1,govt_programs_federal_receipts_usd,NA
AG CENSUS AREA,AK,090,Fairbanks North Star Area,2007,33,"GOVT PROGRAMS, FEDERAL - RECEIPTS, MEASURED IN $","GOVT PROGRAMS, FEDERAL - RECEIPTS, MEASURED IN $",TOTAL,NOT SPECIFIED,$,1356000,1356000,FALSE,NASS Table 1,govt_programs_federal_receipts_usd,NA
AG CENSUS AREA,AK,090,Fairbanks North Star Area,2012,33,"GOVT PROGRAMS, FEDERAL - RECEIPTS, MEASURED IN $","GOVT PROGRAMS, FEDERAL - RECEIPTS, MEASURED IN $",TOTAL,NOT SPECIFIED,$,1354000,1354000,FALSE,NASS Table 1,govt_programs_federal_receipts_usd,NA
AG CENSUS AREA,AK,090,Fairbanks North Star Area,2017,33,"GOVT PROGRAMS, FEDERAL - RECEIPTS, MEASURED IN $","GOVT PROGRAMS, FEDERAL - RECEIPTS, MEASURED IN $",TOTAL,NOT SPECIFIED,$,1124000,1124000,FALSE,NASS Table 1,govt_programs_federal_receipts_usd,NA
AG CENSUS AREA,AK,090,Fairbanks North Star Area,2022,33,"GOVT PROGRAMS, FEDERAL - RECEIPTS, MEASURED IN $","GOVT PROGRAMS, FEDERAL - RECEIPTS, MEASURED IN $",TOTAL,NOT SPECIFIED,$,1184000,1184000,FALSE,NASS Table 1,govt_programs_federal_receipts_usd,NA
AG CENSUS AREA,AK,090,Fairbanks North Star Area,1997,34,"INCOME, FARM-RELATED - OPERATIONS WITH RECEIPTS","INCOME, FARM-RELATED - OPERATIONS WITH RECEIPTS",TOTAL,NOT SPECIFIED,OPERATIONS,30,30,FALSE,NASS Table 1,income_farm_related_operations_with_receipts,NA
AG CENSUS AREA,AK,090,Fairbanks North Star Area,2002,34,"INCOME, FARM-RELATED - OPERATIONS WITH RECEIPTS","INCOME, FARM-RELATED - OPERATIONS WITH RECEIPTS",TOTAL,NOT SPECIFIED,OPERATIONS,33,33,FALSE,NASS Table 1,income_farm_related_operations_with_receipts,NA
AG CENSUS AREA,AK,090,Fairbanks North Star Area,2007,34,"INCOME, FARM-RELATED - OPERATIONS WITH RECEIPTS","INCOME, FARM-RELATED - OPERATIONS WITH RECEIPTS",TOTAL,NOT SPECIFIED,OPERATIONS,41,41,FALSE,NASS Table 1,income_farm_related_operations_with_receipts,NA
AG CENSUS AREA,AK,090,Fairbanks North Star Area,2012,34,"INCOME, FARM-RELATED - OPERATIONS WITH RECEIPTS","INCOME, FARM-RELATED - OPERATIONS WITH RECEIPTS",TOTAL,NOT SPECIFIED,OPERATIONS,62,62,FALSE,NASS Table 1,income_farm_related_operations_with_receipts,NA
AG CENSUS AREA,AK,090,Fairbanks North Star Area,2017,34,"INCOME, FARM-RELATED - OPERATIONS WITH RECEIPTS","INCOME, FARM-RELATED - OPERATIONS WITH RECEIPTS",TOTAL,NOT SPECIFIED,OPERATIONS,61,61,FALSE,NASS Table 1,income_farm_related_operations_with_receipts,NA
AG CENSUS AREA,AK,090,Fairbanks North Star Area,2022,34,"INCOME, FARM-RELATED - OPERATIONS WITH RECEIPTS","INCOME, FARM-RELATED - OPERATIONS WITH RECEIPTS",TOTAL,NOT SPECIFIED,OPERATIONS,58,58,FALSE,NASS Table 1,income_farm_related_operations_with_receipts,NA
AG CENSUS AREA,AK,090,Fairbanks North Star Area,1997,35,"INCOME, FARM-RELATED - RECEIPTS, MEASURED IN $","INCOME, FARM-RELATED - RECEIPTS, MEASURED IN $",TOTAL,NOT SPECIFIED,$,337000,337000,FALSE,NASS Table 1,income_farm_related_receipts_usd,NA
AG CENSUS AREA,AK,090,Fairbanks North Star Area,2002,35,"INCOME, FARM-RELATED - RECEIPTS, MEASURED IN $","INCOME, FARM-RELATED - RECEIPTS, MEASURED IN $",TOTAL,NOT SPECIFIED,$,222000,222000,FALSE,NASS Table 1,income_farm_related_receipts_usd,NA
AG CENSUS AREA,AK,090,Fairbanks North Star Area,2007,35,"INCOME, FARM-RELATED - RECEIPTS, MEASURED IN $","INCOME, FARM-RELATED - RECEIPTS, MEASURED IN $",TOTAL,NOT SPECIFIED,$,635000,635000,FALSE,NASS Table 1,income_farm_related_receipts_usd,NA
AG CENSUS AREA,AK,090,Fairbanks North Star Area,2012,35,"INCOME, FARM-RELATED - RECEIPTS, MEASURED IN $","INCOME, FARM-RELATED - RECEIPTS, MEASURED IN $",TOTAL,NOT SPECIFIED,$,583000,583000,FALSE,NASS Table 1,income_farm_related_receipts_usd,NA
AG CENSUS AREA,AK,090,Fairbanks North Star Area,2017,35,"INCOME, FARM-RELATED - RECEIPTS, MEASURED IN $","INCOME, FARM-RELATED - RECEIPTS, MEASURED IN $",TOTAL,NOT SPECIFIED,$,724000,724000,FALSE,NASS Table 1,income_farm_related_receipts_usd,NA
AG CENSUS AREA,AK,090,Fairbanks North Star Area,2022,35,"INCOME, FARM-RELATED - RECEIPTS, MEASURED IN $","INCOME, FARM-RELATED - RECEIPTS, MEASURED IN $",TOTAL,NOT SPECIFIED,$,1555000,1555000,FALSE,NASS Table 1,income_farm_related_receipts_usd,NA
AG CENSUS AREA,AK,090,Fairbanks North Star Area,1997,36,"EXPENSE TOTALS, OPERATING - EXPENSE, MEASURED IN $","EXPENSE TOTALS, OPERATING - EXPENSE, MEASURED IN $",TOTAL,NOT SPECIFIED,$,5918000,5918000,FALSE,NASS Table 1,expense_totals_operating_expense_usd,NA
AG CENSUS AREA,AK,090,Fairbanks North Star Area,2002,36,"EXPENSE TOTALS, OPERATING - EXPENSE, MEASURED IN $","EXPENSE TOTALS, OPERATING - EXPENSE, MEASURED IN $",TOTAL,NOT SPECIFIED,$,5224000,5224000,FALSE,NASS Table 1,expense_totals_operating_expense_usd,NA
AG CENSUS AREA,AK,090,Fairbanks North Star Area,2007,36,"EXPENSE TOTALS, OPERATING - EXPENSE, MEASURED IN $","EXPENSE TOTALS, OPERATING - EXPENSE, MEASURED IN $",TOTAL,NOT SPECIFIED,$,7653000,7653000,FALSE,NASS Table 1,expense_totals_operating_expense_usd,NA
AG CENSUS AREA,AK,090,Fairbanks North Star Area,2012,36,"EXPENSE TOTALS, OPERATING - EXPENSE, MEASURED IN $","EXPENSE TOTALS, OPERATING - EXPENSE, MEASURED IN $",TOTAL,NOT SPECIFIED,$,10035000,10035000,FALSE,NASS Table 1,expense_totals_operating_expense_usd,NA
AG CENSUS AREA,AK,090,Fairbanks North Star Area,2017,36,"EXPENSE TOTALS, OPERATING - EXPENSE, MEASURED IN $","EXPENSE TOTALS, OPERATING - EXPENSE, MEASURED IN $",TOTAL,NOT SPECIFIED,$,11395000,11395000,FALSE,NASS Table 1,expense_totals_operating_expense_usd,NA
AG CENSUS AREA,AK,090,Fairbanks North Star Area,2022,36,"EXPENSE TOTALS, OPERATING - EXPENSE, MEASURED IN $","EXPENSE TOTALS, OPERATING - EXPENSE, MEASURED IN $",TOTAL,NOT SPECIFIED,$,16497000,16497000,FALSE,NASS Table 1,expense_totals_operating_expense_usd,NA
AG CENSUS AREA,AK,090,Fairbanks North Star Area,1997,37,"EXPENSE TOTALS, OPERATING - EXPENSE, MEASURED IN $ / OPERATION","EXPENSE TOTALS, OPERATING - EXPENSE, MEASURED IN $ / OPERATION",TOTAL,NOT SPECIFIED,$ / OPERATION,33063,33063,FALSE,NASS Table 1,expense_totals_operating_expense_usd_per_operation,NA
AG CENSUS AREA,AK,090,Fairbanks North Star Area,2002,37,"EXPENSE TOTALS, OPERATING - EXPENSE, MEASURED IN $ / OPERATION","EXPENSE TOTALS, OPERATING - EXPENSE, MEASURED IN $ / OPERATION",TOTAL,NOT SPECIFIED,$ / OPERATION,27936,27936,FALSE,NASS Table 1,expense_totals_operating_expense_usd_per_operation,NA
AG CENSUS AREA,AK,090,Fairbanks North Star Area,2007,37,"EXPENSE TOTALS, OPERATING - EXPENSE, MEASURED IN $ / OPERATION","EXPENSE TOTALS, OPERATING - EXPENSE, MEASURED IN $ / OPERATION",TOTAL,NOT SPECIFIED,$ / OPERATION,36100,36100,FALSE,NASS Table 1,expense_totals_operating_expense_usd_per_operation,NA
AG CENSUS AREA,AK,090,Fairbanks North Star Area,2012,37,"EXPENSE TOTALS, OPERATING - EXPENSE, MEASURED IN $ / OPERATION","EXPENSE TOTALS, OPERATING - EXPENSE, MEASURED IN $ / OPERATION",TOTAL,NOT SPECIFIED,$ / OPERATION,46244,46244,FALSE,NASS Table 1,expense_totals_operating_expense_usd_per_operation,NA
AG CENSUS AREA,AK,090,Fairbanks North Star Area,2017,37,"EXPENSE TOTALS, OPERATING - EXPENSE, MEASURED IN $ / OPERATION","EXPENSE TOTALS, OPERATING - EXPENSE, MEASURED IN $ / OPERATION",TOTAL,NOT SPECIFIED,$ / OPERATION,41589,41589,FALSE,NASS Table 1,expense_totals_operating_expense_usd_per_operation,NA
AG CENSUS AREA,AK,090,Fairbanks North Star Area,2022,37,"EXPENSE TOTALS, OPERATING - EXPENSE, MEASURED IN $ / OPERATION","EXPENSE TOTALS, OPERATING - EXPENSE, MEASURED IN $ / OPERATION",TOTAL,NOT SPECIFIED,$ / OPERATION,55921,55921,FALSE,NASS Table 1,expense_totals_operating_expense_usd_per_operation,NA
AG CENSUS AREA,AK,090,Fairbanks North Star Area,2002,38,"INCOME, NET CASH FARM, OF OPERATIONS - OPERATIONS WITH NET INCOME","INCOME, NET CASH FARM, OF OPERATIONS - OPERATIONS WITH NET INCOME",TOTAL,NOT SPECIFIED,OPERATIONS,187,187,FALSE,NASS Table 1,income_net_cash_farm_of_operations_operations_with_net_income,NA
AG CENSUS AREA,AK,090,Fairbanks North Star Area,2007,38,"INCOME, NET CASH FARM, OF OPERATIONS - OPERATIONS WITH NET INCOME","INCOME, NET CASH FARM, OF OPERATIONS - OPERATIONS WITH NET INCOME",TOTAL,NOT SPECIFIED,OPERATIONS,212,212,FALSE,NASS Table 1,income_net_cash_farm_of_operations_operations_with_net_income,NA
AG CENSUS AREA,AK,090,Fairbanks North Star Area,2012,38,"INCOME, NET CASH FARM, OF OPERATIONS - OPERATIONS WITH NET INCOME","INCOME, NET CASH FARM, OF OPERATIONS - OPERATIONS WITH NET INCOME",TOTAL,NOT SPECIFIED,OPERATIONS,217,217,FALSE,NASS Table 1,income_net_cash_farm_of_operations_operations_with_net_income,NA
AG CENSUS AREA,AK,090,Fairbanks North Star Area,2017,38,"INCOME, NET CASH FARM, OF OPERATIONS - OPERATIONS WITH NET INCOME","INCOME, NET CASH FARM, OF OPERATIONS - OPERATIONS WITH NET INCOME",TOTAL,NOT SPECIFIED,OPERATIONS,274,274,FALSE,NASS Table 1,income_net_cash_farm_of_operations_operations_with_net_income,NA
AG CENSUS AREA,AK,090,Fairbanks North Star Area,2022,38,"INCOME, NET CASH FARM, OF OPERATIONS - OPERATIONS WITH NET INCOME","INCOME, NET CASH FARM, OF OPERATIONS - OPERATIONS WITH NET INCOME",TOTAL,NOT SPECIFIED,OPERATIONS,295,295,FALSE,NASS Table 1,income_net_cash_farm_of_operations_operations_with_net_income,NA
AG CENSUS AREA,AK,090,Fairbanks North Star Area,2002,39,"INCOME, NET CASH FARM, OF OPERATIONS - NET INCOME, MEASURED IN $","INCOME, NET CASH FARM, OF OPERATIONS - NET INCOME, MEASURED IN $",TOTAL,NOT SPECIFIED,$,1549000,1549000,FALSE,NASS Table 1,income_net_cash_farm_of_operations_net_income_usd,NA
AG CENSUS AREA,AK,090,Fairbanks North Star Area,2007,39,"INCOME, NET CASH FARM, OF OPERATIONS - NET INCOME, MEASURED IN $","INCOME, NET CASH FARM, OF OPERATIONS - NET INCOME, MEASURED IN $",TOTAL,NOT SPECIFIED,$,1414000,1414000,FALSE,NASS Table 1,income_net_cash_farm_of_operations_net_income_usd,NA
AG CENSUS AREA,AK,090,Fairbanks North Star Area,2012,39,"INCOME, NET CASH FARM, OF OPERATIONS - NET INCOME, MEASURED IN $","INCOME, NET CASH FARM, OF OPERATIONS - NET INCOME, MEASURED IN $",TOTAL,NOT SPECIFIED,$,1043000,1043000,FALSE,NASS Table 1,income_net_cash_farm_of_operations_net_income_usd,NA
AG CENSUS AREA,AK,090,Fairbanks North Star Area,2017,39,"INCOME, NET CASH FARM, OF OPERATIONS - NET INCOME, MEASURED IN $","INCOME, NET CASH FARM, OF OPERATIONS - NET INCOME, MEASURED IN $",TOTAL,NOT SPECIFIED,$,845000,845000,FALSE,NASS Table 1,income_net_cash_farm_of_operations_net_income_usd,NA
AG CENSUS AREA,AK,090,Fairbanks North Star Area,2022,39,"INCOME, NET CASH FARM, OF OPERATIONS - NET INCOME, MEASURED IN $","INCOME, NET CASH FARM, OF OPERATIONS - NET INCOME, MEASURED IN $",TOTAL,NOT SPECIFIED,$,1895000,1895000,FALSE,NASS Table 1,income_net_cash_farm_of_operations_net_income_usd,NA
AG CENSUS AREA,AK,090,Fairbanks North Star Area,2002,40,"INCOME, NET CASH FARM, OF OPERATIONS - NET INCOME, MEASURED IN $ / OPERATION","INCOME, NET CASH FARM, OF OPERATIONS - NET INCOME, MEASURED IN $ / OPERATION",TOTAL,NOT SPECIFIED,$ / OPERATION,8285,8285,FALSE,NASS Table 1,income_net_cash_farm_of_operations_net_income_usd_per_operation,NA
AG CENSUS AREA,AK,090,Fairbanks North Star Area,2007,40,"INCOME, NET CASH FARM, OF OPERATIONS - NET INCOME, MEASURED IN $ / OPERATION","INCOME, NET CASH FARM, OF OPERATIONS - NET INCOME, MEASURED IN $ / OPERATION",TOTAL,NOT SPECIFIED,$ / OPERATION,6668,6668,FALSE,NASS Table 1,income_net_cash_farm_of_operations_net_income_usd_per_operation,NA
AG CENSUS AREA,AK,090,Fairbanks North Star Area,2012,40,"INCOME, NET CASH FARM, OF OPERATIONS - NET INCOME, MEASURED IN $ / OPERATION","INCOME, NET CASH FARM, OF OPERATIONS - NET INCOME, MEASURED IN $ / OPERATION",TOTAL,NOT SPECIFIED,$ / OPERATION,4805,4805,FALSE,NASS Table 1,income_net_cash_farm_of_operations_net_income_usd_per_operation,NA
AG CENSUS AREA,AK,090,Fairbanks North Star Area,2017,40,"INCOME, NET CASH FARM, OF OPERATIONS - NET INCOME, MEASURED IN $ / OPERATION","INCOME, NET CASH FARM, OF OPERATIONS - NET INCOME, MEASURED IN $ / OPERATION",TOTAL,NOT SPECIFIED,$ / OPERATION,3082,3082,FALSE,NASS Table 1,income_net_cash_farm_of_operations_net_income_usd_per_operation,NA
AG CENSUS AREA,AK,090,Fairbanks North Star Area,2022,40,"INCOME, NET CASH FARM, OF OPERATIONS - NET INCOME, MEASURED IN $ / OPERATION","INCOME, NET CASH FARM, OF OPERATIONS - NET INCOME, MEASURED IN $ / OPERATION",TOTAL,NOT SPECIFIED,$ / OPERATION,6424,6424,FALSE,NASS Table 1,income_net_cash_farm_of_operations_net_income_usd_per_operation,NA
AG CENSUS AREA,AK,090,Fairbanks North Star Area,1997,41,"CATTLE, INCL CALVES - OPERATIONS WITH INVENTORY","CATTLE, INCL CALVES - OPERATIONS WITH INVENTORY",TOTAL,NOT SPECIFIED,OPERATIONS,36,36,FALSE,NASS Table 1,cattle_incl_calves_operations_with_inventory,NA
AG CENSUS AREA,AK,090,Fairbanks North Star Area,2002,41,"CATTLE, INCL CALVES - OPERATIONS WITH INVENTORY","CATTLE, INCL CALVES - OPERATIONS WITH INVENTORY",TOTAL,NOT SPECIFIED,OPERATIONS,30,30,FALSE,NASS Table 1,cattle_incl_calves_operations_with_inventory,NA
AG CENSUS AREA,AK,090,Fairbanks North Star Area,2007,41,"CATTLE, INCL CALVES - OPERATIONS WITH INVENTORY","CATTLE, INCL CALVES - OPERATIONS WITH INVENTORY",TOTAL,NOT SPECIFIED,OPERATIONS,42,42,FALSE,NASS Table 1,cattle_incl_calves_operations_with_inventory,NA
AG CENSUS AREA,AK,090,Fairbanks North Star Area,2012,41,"CATTLE, INCL CALVES - OPERATIONS WITH INVENTORY","CATTLE, INCL CALVES - OPERATIONS WITH INVENTORY",TOTAL,NOT SPECIFIED,OPERATIONS,34,34,FALSE,NASS Table 1,cattle_incl_calves_operations_with_inventory,NA
AG CENSUS AREA,AK,090,Fairbanks North Star Area,2017,41,"CATTLE, INCL CALVES - OPERATIONS WITH INVENTORY","CATTLE, INCL CALVES - OPERATIONS WITH INVENTORY",TOTAL,NOT SPECIFIED,OPERATIONS,28,28,FALSE,NASS Table 1,cattle_incl_calves_operations_with_inventory,NA
AG CENSUS AREA,AK,090,Fairbanks North Star Area,2022,41,"CATTLE, INCL CALVES - OPERATIONS WITH INVENTORY","CATTLE, INCL CALVES - OPERATIONS WITH INVENTORY",TOTAL,NOT SPECIFIED,OPERATIONS,34,34,FALSE,NASS Table 1,cattle_incl_calves_operations_with_inventory,NA
AG CENSUS AREA,AK,090,Fairbanks North Star Area,1997,42,"CATTLE, INCL CALVES - INVENTORY","CATTLE, INCL CALVES - INVENTORY",TOTAL,NOT SPECIFIED,HEAD,1533,1533,FALSE,NASS Table 1,cattle_incl_calves_inventory,NA
AG CENSUS AREA,AK,090,Fairbanks North Star Area,2002,42,"CATTLE, INCL CALVES - INVENTORY","CATTLE, INCL CALVES - INVENTORY",TOTAL,NOT SPECIFIED,HEAD,1326,1326,FALSE,NASS Table 1,cattle_incl_calves_inventory,NA
AG CENSUS AREA,AK,090,Fairbanks North Star Area,2007,42,"CATTLE, INCL CALVES - INVENTORY","CATTLE, INCL CALVES - INVENTORY",TOTAL,NOT SPECIFIED,HEAD,1421,1421,FALSE,NASS Table 1,cattle_incl_calves_inventory,NA
AG CENSUS AREA,AK,090,Fairbanks North Star Area,2012,42,"CATTLE, INCL CALVES - INVENTORY","CATTLE, INCL CALVES - INVENTORY",TOTAL,NOT SPECIFIED,HEAD,1624,1624,FALSE,NASS Table 1,cattle_incl_calves_inventory,NA
AG CENSUS AREA,AK,090,Fairbanks North Star Area,2017,42,"CATTLE, INCL CALVES - INVENTORY","CATTLE, INCL CALVES - INVENTORY",TOTAL,NOT SPECIFIED,HEAD,1572,1572,FALSE,NASS Table 1,cattle_incl_calves_inventory,NA
AG CENSUS AREA,AK,090,Fairbanks North Star Area,2022,42,"CATTLE, INCL CALVES - INVENTORY","CATTLE, INCL CALVES - INVENTORY",TOTAL,NOT SPECIFIED,HEAD,1811,1811,FALSE,NASS Table 1,cattle_incl_calves_inventory,NA
AG CENSUS AREA,AK,090,Fairbanks North Star Area,1997,43,"CATTLE, COWS, BEEF - OPERATIONS WITH INVENTORY","CATTLE, COWS, BEEF - OPERATIONS WITH INVENTORY",TOTAL,NOT SPECIFIED,OPERATIONS,25,25,FALSE,NASS Table 1,cattle_cows_beef_operations_with_inventory,NA
AG CENSUS AREA,AK,090,Fairbanks North Star Area,2002,43,"CATTLE, COWS, BEEF - OPERATIONS WITH INVENTORY","CATTLE, COWS, BEEF - OPERATIONS WITH INVENTORY",TOTAL,NOT SPECIFIED,OPERATIONS,23,23,FALSE,NASS Table 1,cattle_cows_beef_operations_with_inventory,NA
AG CENSUS AREA,AK,090,Fairbanks North Star Area,2007,43,"CATTLE, COWS, BEEF - OPERATIONS WITH INVENTORY","CATTLE, COWS, BEEF - OPERATIONS WITH INVENTORY",TOTAL,NOT SPECIFIED,OPERATIONS,32,32,FALSE,NASS Table 1,cattle_cows_beef_operations_with_inventory,NA
AG CENSUS AREA,AK,090,Fairbanks North Star Area,2012,43,"CATTLE, COWS, BEEF - OPERATIONS WITH INVENTORY","CATTLE, COWS, BEEF - OPERATIONS WITH INVENTORY",TOTAL,NOT SPECIFIED,OPERATIONS,24,24,FALSE,NASS Table 1,cattle_cows_beef_operations_with_inventory,NA
AG CENSUS AREA,AK,090,Fairbanks North Star Area,2017,43,"CATTLE, COWS, BEEF - OPERATIONS WITH INVENTORY","CATTLE, COWS, BEEF - OPERATIONS WITH INVENTORY",TOTAL,NOT SPECIFIED,OPERATIONS,23,23,FALSE,NASS Table 1,cattle_cows_beef_operations_with_inventory,NA
AG CENSUS AREA,AK,090,Fairbanks North Star Area,2022,43,"CATTLE, COWS, BEEF - OPERATIONS WITH INVENTORY","CATTLE, COWS, BEEF - OPERATIONS WITH INVENTORY",TOTAL,NOT SPECIFIED,OPERATIONS,28,28,FALSE,NASS Table 1,cattle_cows_beef_operations_with_inventory,NA
AG CENSUS AREA,AK,090,Fairbanks North Star Area,1997,44,"CATTLE, COWS, BEEF - INVENTORY","CATTLE, COWS, BEEF - INVENTORY",TOTAL,NOT SPECIFIED,HEAD,451,451,FALSE,NASS Table 1,cattle_cows_beef_inventory,NA
AG CENSUS AREA,AK,090,Fairbanks North Star Area,2002,44,"CATTLE, COWS, BEEF - INVENTORY","CATTLE, COWS, BEEF - INVENTORY",TOTAL,NOT SPECIFIED,HEAD,538,538,FALSE,NASS Table 1,cattle_cows_beef_inventory,NA
AG CENSUS AREA,AK,090,Fairbanks North Star Area,2007,44,"CATTLE, COWS, BEEF - INVENTORY","CATTLE, COWS, BEEF - INVENTORY",TOTAL,NOT SPECIFIED,HEAD,661,661,FALSE,NASS Table 1,cattle_cows_beef_inventory,NA
AG CENSUS AREA,AK,090,Fairbanks North Star Area,2012,44,"CATTLE, COWS, BEEF - INVENTORY","CATTLE, COWS, BEEF - INVENTORY",TOTAL,NOT SPECIFIED,HEAD,908,908,FALSE,NASS Table 1,cattle_cows_beef_inventory,NA
AG CENSUS AREA,AK,090,Fairbanks North Star Area,2017,44,"CATTLE, COWS, BEEF - INVENTORY","CATTLE, COWS, BEEF - INVENTORY",TOTAL,NOT SPECIFIED,HEAD,652,652,FALSE,NASS Table 1,cattle_cows_beef_inventory,NA
AG CENSUS AREA,AK,090,Fairbanks North Star Area,2022,44,"CATTLE, COWS, BEEF - INVENTORY","CATTLE, COWS, BEEF - INVENTORY",TOTAL,NOT SPECIFIED,HEAD,753,753,FALSE,NASS Table 1,cattle_cows_beef_inventory,NA
AG CENSUS AREA,AK,090,Fairbanks North Star Area,1997,45,"CATTLE, COWS, MILK - OPERATIONS WITH INVENTORY","CATTLE, COWS, MILK - OPERATIONS WITH INVENTORY",TOTAL,NOT SPECIFIED,OPERATIONS,9,9,FALSE,NASS Table 1,cattle_cows_milk_operations_with_inventory,NA
AG CENSUS AREA,AK,090,Fairbanks North Star Area,2002,45,"CATTLE, COWS, MILK - OPERATIONS WITH INVENTORY","CATTLE, COWS, MILK - OPERATIONS WITH INVENTORY",TOTAL,NOT SPECIFIED,OPERATIONS,12,12,FALSE,NASS Table 1,cattle_cows_milk_operations_with_inventory,NA
AG CENSUS AREA,AK,090,Fairbanks North Star Area,2007,45,"CATTLE, COWS, MILK - OPERATIONS WITH INVENTORY","CATTLE, COWS, MILK - OPERATIONS WITH INVENTORY",TOTAL,NOT SPECIFIED,OPERATIONS,14,14,FALSE,NASS Table 1,cattle_cows_milk_operations_with_inventory,NA
AG CENSUS AREA,AK,090,Fairbanks North Star Area,2012,45,"CATTLE, COWS, MILK - OPERATIONS WITH INVENTORY","CATTLE, COWS, MILK - OPERATIONS WITH INVENTORY",TOTAL,NOT SPECIFIED,OPERATIONS,12,12,FALSE,NASS Table 1,cattle_cows_milk_operations_with_inventory,NA
AG CENSUS AREA,AK,090,Fairbanks North Star Area,2017,45,"CATTLE, COWS, MILK - OPERATIONS WITH INVENTORY","CATTLE, COWS, MILK - OPERATIONS WITH INVENTORY",TOTAL,NOT SPECIFIED,OPERATIONS,10,10,FALSE,NASS Table 1,cattle_cows_milk_operations_with_inventory,NA
AG CENSUS AREA,AK,090,Fairbanks North Star Area,2022,45,"CATTLE, COWS, MILK - OPERATIONS WITH INVENTORY","CATTLE, COWS, MILK - OPERATIONS WITH INVENTORY",TOTAL,NOT SPECIFIED,OPERATIONS,13,13,FALSE,NASS Table 1,cattle_cows_milk_operations_with_inventory,NA
AG CENSUS AREA,AK,090,Fairbanks North Star Area,1997,46,"CATTLE, COWS, MILK - INVENTORY","CATTLE, COWS, MILK - INVENTORY",TOTAL,NOT SPECIFIED,HEAD,286,286,FALSE,NASS Table 1,cattle_cows_milk_inventory,NA
AG CENSUS AREA,AK,090,Fairbanks North Star Area,2002,46,"CATTLE, COWS, MILK - INVENTORY","CATTLE, COWS, MILK - INVENTORY",TOTAL,NOT SPECIFIED,HEAD,209,209,FALSE,NASS Table 1,cattle_cows_milk_inventory,NA
AG CENSUS AREA,AK,090,Fairbanks North Star Area,2007,46,"CATTLE, COWS, MILK - INVENTORY","CATTLE, COWS, MILK - INVENTORY",TOTAL,NOT SPECIFIED,HEAD,212,212,FALSE,NASS Table 1,cattle_cows_milk_inventory,NA
AG CENSUS AREA,AK,090,Fairbanks North Star Area,2012,46,"CATTLE, COWS, MILK - INVENTORY","CATTLE, COWS, MILK - INVENTORY",TOTAL,NOT SPECIFIED,HEAD,84,84,FALSE,NASS Table 1,cattle_cows_milk_inventory,NA
AG CENSUS AREA,AK,090,Fairbanks North Star Area,2017,46,"CATTLE, COWS, MILK - INVENTORY","CATTLE, COWS, MILK - INVENTORY",TOTAL,NOT SPECIFIED,HEAD,61,61,FALSE,NASS Table 1,cattle_cows_milk_inventory,NA
AG CENSUS AREA,AK,090,Fairbanks North Star Area,2022,46,"CATTLE, COWS, MILK - INVENTORY","CATTLE, COWS, MILK - INVENTORY",TOTAL,NOT SPECIFIED,HEAD,98,98,FALSE,NASS Table 1,cattle_cows_milk_inventory,NA
AG CENSUS AREA,AK,090,Fairbanks North Star Area,1997,47,"CATTLE, INCL CALVES - OPERATIONS WITH SALES","CATTLE, INCL CALVES - OPERATIONS WITH SALES",TOTAL,NOT SPECIFIED,OPERATIONS,34,34,FALSE,NASS Table 1,cattle_incl_calves_operations_with_sales,NA
AG CENSUS AREA,AK,090,Fairbanks North Star Area,2002,47,"CATTLE, INCL CALVES - OPERATIONS WITH SALES","CATTLE, INCL CALVES - OPERATIONS WITH SALES",TOTAL,NOT SPECIFIED,OPERATIONS,20,20,FALSE,NASS Table 1,cattle_incl_calves_operations_with_sales,NA
AG CENSUS AREA,AK,090,Fairbanks North Star Area,2007,47,"CATTLE, INCL CALVES - OPERATIONS WITH SALES","CATTLE, INCL CALVES - OPERATIONS WITH SALES",TOTAL,NOT SPECIFIED,OPERATIONS,24,24,FALSE,NASS Table 1,cattle_incl_calves_operations_with_sales,NA
AG CENSUS AREA,AK,090,Fairbanks North Star Area,2012,47,"CATTLE, INCL CALVES - OPERATIONS WITH SALES","CATTLE, INCL CALVES - OPERATIONS WITH SALES",TOTAL,NOT SPECIFIED,OPERATIONS,22,22,FALSE,NASS Table 1,cattle_incl_calves_operations_with_sales,NA
AG CENSUS AREA,AK,090,Fairbanks North Star Area,2017,47,"CATTLE, INCL CALVES - OPERATIONS WITH SALES","CATTLE, INCL CALVES - OPERATIONS WITH SALES",TOTAL,NOT SPECIFIED,OPERATIONS,24,24,FALSE,NASS Table 1,cattle_incl_calves_operations_with_sales,NA
AG CENSUS AREA,AK,090,Fairbanks North Star Area,2022,47,"CATTLE, INCL CALVES - OPERATIONS WITH SALES","CATTLE, INCL CALVES - OPERATIONS WITH SALES",TOTAL,NOT SPECIFIED,OPERATIONS,27,27,FALSE,NASS Table 1,cattle_incl_calves_operations_with_sales,NA
AG CENSUS AREA,AK,090,Fairbanks North Star Area,1997,48,"CATTLE, INCL CALVES - SALES, MEASURED IN HEAD","CATTLE, INCL CALVES - SALES, MEASURED IN HEAD",TOTAL,NOT SPECIFIED,HEAD,689,689,FALSE,NASS Table 1,cattle_incl_calves_sales_head,NA
AG CENSUS AREA,AK,090,Fairbanks North Star Area,2002,48,"CATTLE, INCL CALVES - SALES, MEASURED IN HEAD","CATTLE, INCL CALVES - SALES, MEASURED IN HEAD",TOTAL,NOT SPECIFIED,HEAD,415,415,FALSE,NASS Table 1,cattle_incl_calves_sales_head,NA
AG CENSUS AREA,AK,090,Fairbanks North Star Area,2007,48,"CATTLE, INCL CALVES - SALES, MEASURED IN HEAD","CATTLE, INCL CALVES - SALES, MEASURED IN HEAD",TOTAL,NOT SPECIFIED,HEAD,279,279,FALSE,NASS Table 1,cattle_incl_calves_sales_head,NA
AG CENSUS AREA,AK,090,Fairbanks North Star Area,2012,48,"CATTLE, INCL CALVES - SALES, MEASURED IN HEAD","CATTLE, INCL CALVES - SALES, MEASURED IN HEAD",TOTAL,NOT SPECIFIED,HEAD,439,439,FALSE,NASS Table 1,cattle_incl_calves_sales_head,NA
AG CENSUS AREA,AK,090,Fairbanks North Star Area,2017,48,"CATTLE, INCL CALVES - SALES, MEASURED IN HEAD","CATTLE, INCL CALVES - SALES, MEASURED IN HEAD",TOTAL,NOT SPECIFIED,HEAD,493,493,FALSE,NASS Table 1,cattle_incl_calves_sales_head,NA
AG CENSUS AREA,AK,090,Fairbanks North Star Area,2022,48,"CATTLE, INCL CALVES - SALES, MEASURED IN HEAD","CATTLE, INCL CALVES - SALES, MEASURED IN HEAD",TOTAL,NOT SPECIFIED,HEAD,873,873,FALSE,NASS Table 1,cattle_incl_calves_sales_head,NA
AG CENSUS AREA,AK,090,Fairbanks North Star Area,1997,49,HOGS - OPERATIONS WITH INVENTORY,HOGS - OPERATIONS WITH INVENTORY,TOTAL,NOT SPECIFIED,OPERATIONS,20,20,FALSE,NASS Table 1,hogs_operations_with_inventory,NA
AG CENSUS AREA,AK,090,Fairbanks North Star Area,2002,49,HOGS - OPERATIONS WITH INVENTORY,HOGS - OPERATIONS WITH INVENTORY,TOTAL,NOT SPECIFIED,OPERATIONS,17,17,FALSE,NASS Table 1,hogs_operations_with_inventory,NA
AG CENSUS AREA,AK,090,Fairbanks North Star Area,2007,49,HOGS - OPERATIONS WITH INVENTORY,HOGS - OPERATIONS WITH INVENTORY,TOTAL,NOT SPECIFIED,OPERATIONS,13,13,FALSE,NASS Table 1,hogs_operations_with_inventory,NA
AG CENSUS AREA,AK,090,Fairbanks North Star Area,2012,49,HOGS - OPERATIONS WITH INVENTORY,HOGS - OPERATIONS WITH INVENTORY,TOTAL,NOT SPECIFIED,OPERATIONS,13,13,FALSE,NASS Table 1,hogs_operations_with_inventory,NA
AG CENSUS AREA,AK,090,Fairbanks North Star Area,2017,49,HOGS - OPERATIONS WITH INVENTORY,HOGS - OPERATIONS WITH INVENTORY,TOTAL,NOT SPECIFIED,OPERATIONS,17,17,FALSE,NASS Table 1,hogs_operations_with_inventory,NA
AG CENSUS AREA,AK,090,Fairbanks North Star Area,2022,49,HOGS - OPERATIONS WITH INVENTORY,HOGS - OPERATIONS WITH INVENTORY,TOTAL,NOT SPECIFIED,OPERATIONS,15,15,FALSE,NASS Table 1,hogs_operations_with_inventory,NA
AG CENSUS AREA,AK,090,Fairbanks North Star Area,1997,50,HOGS - INVENTORY,HOGS - INVENTORY,TOTAL,NOT SPECIFIED,HEAD,1502,1502,FALSE,NASS Table 1,hogs_inventory,NA
AG CENSUS AREA,AK,090,Fairbanks North Star Area,2002,50,HOGS - INVENTORY,HOGS - INVENTORY,TOTAL,NOT SPECIFIED,HEAD,544,544,FALSE,NASS Table 1,hogs_inventory,NA
AG CENSUS AREA,AK,090,Fairbanks North Star Area,2007,50,HOGS - INVENTORY,HOGS - INVENTORY,TOTAL,NOT SPECIFIED,HEAD,216,216,FALSE,NASS Table 1,hogs_inventory,NA
AG CENSUS AREA,AK,090,Fairbanks North Star Area,2012,50,HOGS - INVENTORY,HOGS - INVENTORY,TOTAL,NOT SPECIFIED,HEAD,414,414,FALSE,NASS Table 1,hogs_inventory,NA
AG CENSUS AREA,AK,090,Fairbanks North Star Area,2017,50,HOGS - INVENTORY,HOGS - INVENTORY,TOTAL,NOT SPECIFIED,HEAD,681,681,FALSE,NASS Table 1,hogs_inventory,NA
AG CENSUS AREA,AK,090,Fairbanks North Star Area,2022,50,HOGS - INVENTORY,HOGS - INVENTORY,TOTAL,NOT SPECIFIED,HEAD,616,616,FALSE,NASS Table 1,hogs_inventory,NA
AG CENSUS AREA,AK,090,Fairbanks North Star Area,1997,51,HOGS - OPERATIONS WITH SALES,HOGS - OPERATIONS WITH SALES,TOTAL,NOT SPECIFIED,OPERATIONS,14,14,FALSE,NASS Table 1,hogs_operations_with_sales,NA
AG CENSUS AREA,AK,090,Fairbanks North Star Area,2002,51,HOGS - OPERATIONS WITH SALES,HOGS - OPERATIONS WITH SALES,TOTAL,NOT SPECIFIED,OPERATIONS,18,18,FALSE,NASS Table 1,hogs_operations_with_sales,NA
AG CENSUS AREA,AK,090,Fairbanks North Star Area,2007,51,HOGS - OPERATIONS WITH SALES,HOGS - OPERATIONS WITH SALES,TOTAL,NOT SPECIFIED,OPERATIONS,15,15,FALSE,NASS Table 1,hogs_operations_with_sales,NA
AG CENSUS AREA,AK,090,Fairbanks North Star Area,2012,51,HOGS - OPERATIONS WITH SALES,HOGS - OPERATIONS WITH SALES,TOTAL,NOT SPECIFIED,OPERATIONS,18,18,FALSE,NASS Table 1,hogs_operations_with_sales,NA
AG CENSUS AREA,AK,090,Fairbanks North Star Area,2017,51,HOGS - OPERATIONS WITH SALES,HOGS - OPERATIONS WITH SALES,TOTAL,NOT SPECIFIED,OPERATIONS,20,20,FALSE,NASS Table 1,hogs_operations_with_sales,NA
AG CENSUS AREA,AK,090,Fairbanks North Star Area,2022,51,HOGS - OPERATIONS WITH SALES,HOGS - OPERATIONS WITH SALES,TOTAL,NOT SPECIFIED,OPERATIONS,14,14,FALSE,NASS Table 1,hogs_operations_with_sales,NA
AG CENSUS AREA,AK,090,Fairbanks North Star Area,1997,52,"HOGS - SALES, MEASURED IN HEAD","HOGS - SALES, MEASURED IN HEAD",TOTAL,NOT SPECIFIED,HEAD,2056,2056,FALSE,NASS Table 1,hogs_sales_head,NA
AG CENSUS AREA,AK,090,Fairbanks North Star Area,2002,52,"HOGS - SALES, MEASURED IN HEAD","HOGS - SALES, MEASURED IN HEAD",TOTAL,NOT SPECIFIED,HEAD,646,646,FALSE,NASS Table 1,hogs_sales_head,NA
AG CENSUS AREA,AK,090,Fairbanks North Star Area,2007,52,"HOGS - SALES, MEASURED IN HEAD","HOGS - SALES, MEASURED IN HEAD",TOTAL,NOT SPECIFIED,HEAD,579,579,FALSE,NASS Table 1,hogs_sales_head,NA
AG CENSUS AREA,AK,090,Fairbanks North Star Area,2012,52,"HOGS - SALES, MEASURED IN HEAD","HOGS - SALES, MEASURED IN HEAD",TOTAL,NOT SPECIFIED,HEAD,NA,NA,FALSE,NASS Table 1,hogs_sales_head,NA
AG CENSUS AREA,AK,090,Fairbanks North Star Area,2017,52,"HOGS - SALES, MEASURED IN HEAD","HOGS - SALES, MEASURED IN HEAD",TOTAL,NOT SPECIFIED,HEAD,1326,1326,FALSE,NASS Table 1,hogs_sales_head,NA
AG CENSUS AREA,AK,090,Fairbanks North Star Area,2022,52,"HOGS - SALES, MEASURED IN HEAD","HOGS - SALES, MEASURED IN HEAD",TOTAL,NOT SPECIFIED,HEAD,1895,1895,FALSE,NASS Table 1,hogs_sales_head,NA
AG CENSUS AREA,AK,090,Fairbanks North Star Area,1997,53,"SHEEP, INCL LAMBS - OPERATIONS WITH INVENTORY","SHEEP, INCL LAMBS - OPERATIONS WITH INVENTORY",TOTAL,NOT SPECIFIED,OPERATIONS,12,12,FALSE,NASS Table 1,sheep_incl_lambs_operations_with_inventory,NA
AG CENSUS AREA,AK,090,Fairbanks North Star Area,2002,53,"SHEEP, INCL LAMBS - OPERATIONS WITH INVENTORY","SHEEP, INCL LAMBS - OPERATIONS WITH INVENTORY",TOTAL,NOT SPECIFIED,OPERATIONS,6,6,FALSE,NASS Table 1,sheep_incl_lambs_operations_with_inventory,NA
AG CENSUS AREA,AK,090,Fairbanks North Star Area,2007,53,"SHEEP, INCL LAMBS - OPERATIONS WITH INVENTORY","SHEEP, INCL LAMBS - OPERATIONS WITH INVENTORY",TOTAL,NOT SPECIFIED,OPERATIONS,18,18,FALSE,NASS Table 1,sheep_incl_lambs_operations_with_inventory,NA
AG CENSUS AREA,AK,090,Fairbanks North Star Area,2012,53,"SHEEP, INCL LAMBS - OPERATIONS WITH INVENTORY","SHEEP, INCL LAMBS - OPERATIONS WITH INVENTORY",TOTAL,NOT SPECIFIED,OPERATIONS,14,14,FALSE,NASS Table 1,sheep_incl_lambs_operations_with_inventory,NA
AG CENSUS AREA,AK,090,Fairbanks North Star Area,2017,53,"SHEEP, INCL LAMBS - OPERATIONS WITH INVENTORY","SHEEP, INCL LAMBS - OPERATIONS WITH INVENTORY",TOTAL,NOT SPECIFIED,OPERATIONS,17,17,FALSE,NASS Table 1,sheep_incl_lambs_operations_with_inventory,NA
AG CENSUS AREA,AK,090,Fairbanks North Star Area,2022,53,"SHEEP, INCL LAMBS - OPERATIONS WITH INVENTORY","SHEEP, INCL LAMBS - OPERATIONS WITH INVENTORY",TOTAL,NOT SPECIFIED,OPERATIONS,16,16,FALSE,NASS Table 1,sheep_incl_lambs_operations_with_inventory,NA
AG CENSUS AREA,AK,090,Fairbanks North Star Area,1997,54,"SHEEP, INCL LAMBS - INVENTORY","SHEEP, INCL LAMBS - INVENTORY",TOTAL,NOT SPECIFIED,HEAD,265,265,FALSE,NASS Table 1,sheep_incl_lambs_inventory,NA
AG CENSUS AREA,AK,090,Fairbanks North Star Area,2002,54,"SHEEP, INCL LAMBS - INVENTORY","SHEEP, INCL LAMBS - INVENTORY",TOTAL,NOT SPECIFIED,HEAD,95,95,FALSE,NASS Table 1,sheep_incl_lambs_inventory,NA
AG CENSUS AREA,AK,090,Fairbanks North Star Area,2007,54,"SHEEP, INCL LAMBS - INVENTORY","SHEEP, INCL LAMBS - INVENTORY",TOTAL,NOT SPECIFIED,HEAD,NA,NA,FALSE,NASS Table 1,sheep_incl_lambs_inventory,NA
AG CENSUS AREA,AK,090,Fairbanks North Star Area,2012,54,"SHEEP, INCL LAMBS - INVENTORY","SHEEP, INCL LAMBS - INVENTORY",TOTAL,NOT SPECIFIED,HEAD,216,216,FALSE,NASS Table 1,sheep_incl_lambs_inventory,NA
AG CENSUS AREA,AK,090,Fairbanks North Star Area,2017,54,"SHEEP, INCL LAMBS - INVENTORY","SHEEP, INCL LAMBS - INVENTORY",TOTAL,NOT SPECIFIED,HEAD,189,189,FALSE,NASS Table 1,sheep_incl_lambs_inventory,NA
AG CENSUS AREA,AK,090,Fairbanks North Star Area,2022,54,"SHEEP, INCL LAMBS - INVENTORY","SHEEP, INCL LAMBS - INVENTORY",TOTAL,NOT SPECIFIED,HEAD,232,232,FALSE,NASS Table 1,sheep_incl_lambs_inventory,NA
AG CENSUS AREA,AK,090,Fairbanks North Star Area,1997,55,"CHICKENS, LAYERS - OPERATIONS WITH INVENTORY","CHICKENS, LAYERS - OPERATIONS WITH INVENTORY",TOTAL,NOT SPECIFIED,OPERATIONS,13,13,FALSE,NASS Table 1,chickens_layers_operations_with_inventory,NA
AG CENSUS AREA,AK,090,Fairbanks North Star Area,2002,55,"CHICKENS, LAYERS - OPERATIONS WITH INVENTORY","CHICKENS, LAYERS - OPERATIONS WITH INVENTORY",TOTAL,NOT SPECIFIED,OPERATIONS,16,16,FALSE,NASS Table 1,chickens_layers_operations_with_inventory,NA
AG CENSUS AREA,AK,090,Fairbanks North Star Area,2007,55,"CHICKENS, LAYERS - OPERATIONS WITH INVENTORY","CHICKENS, LAYERS - OPERATIONS WITH INVENTORY",TOTAL,NOT SPECIFIED,OPERATIONS,24,24,FALSE,NASS Table 1,chickens_layers_operations_with_inventory,NA
AG CENSUS AREA,AK,090,Fairbanks North Star Area,2012,55,"CHICKENS, LAYERS - OPERATIONS WITH INVENTORY","CHICKENS, LAYERS - OPERATIONS WITH INVENTORY",TOTAL,NOT SPECIFIED,OPERATIONS,33,33,FALSE,NASS Table 1,chickens_layers_operations_with_inventory,NA
AG CENSUS AREA,AK,090,Fairbanks North Star Area,2017,55,"CHICKENS, LAYERS - OPERATIONS WITH INVENTORY","CHICKENS, LAYERS - OPERATIONS WITH INVENTORY",TOTAL,NOT SPECIFIED,OPERATIONS,43,43,FALSE,NASS Table 1,chickens_layers_operations_with_inventory,NA
AG CENSUS AREA,AK,090,Fairbanks North Star Area,2022,55,"CHICKENS, LAYERS - OPERATIONS WITH INVENTORY","CHICKENS, LAYERS - OPERATIONS WITH INVENTORY",TOTAL,NOT SPECIFIED,OPERATIONS,50,50,FALSE,NASS Table 1,chickens_layers_operations_with_inventory,NA
AG CENSUS AREA,AK,090,Fairbanks North Star Area,1997,56,"CHICKENS, LAYERS - INVENTORY","CHICKENS, LAYERS - INVENTORY",TOTAL,NOT SPECIFIED,HEAD,531,531,FALSE,NASS Table 1,chickens_layers_inventory,NA
AG CENSUS AREA,AK,090,Fairbanks North Star Area,2002,56,"CHICKENS, LAYERS - INVENTORY","CHICKENS, LAYERS - INVENTORY",TOTAL,NOT SPECIFIED,HEAD,731,731,FALSE,NASS Table 1,chickens_layers_inventory,NA
AG CENSUS AREA,AK,090,Fairbanks North Star Area,2007,56,"CHICKENS, LAYERS - INVENTORY","CHICKENS, LAYERS - INVENTORY",TOTAL,NOT SPECIFIED,HEAD,785,785,FALSE,NASS Table 1,chickens_layers_inventory,NA
AG CENSUS AREA,AK,090,Fairbanks North Star Area,2012,56,"CHICKENS, LAYERS - INVENTORY","CHICKENS, LAYERS - INVENTORY",TOTAL,NOT SPECIFIED,HEAD,1797,1797,FALSE,NASS Table 1,chickens_layers_inventory,NA
AG CENSUS AREA,AK,090,Fairbanks North Star Area,2017,56,"CHICKENS, LAYERS - INVENTORY","CHICKENS, LAYERS - INVENTORY",TOTAL,NOT SPECIFIED,HEAD,1527,1527,FALSE,NASS Table 1,chickens_layers_inventory,NA
AG CENSUS AREA,AK,090,Fairbanks North Star Area,2022,56,"CHICKENS, LAYERS - INVENTORY","CHICKENS, LAYERS - INVENTORY",TOTAL,NOT SPECIFIED,HEAD,1426,1426,FALSE,NASS Table 1,chickens_layers_inventory,NA
AG CENSUS AREA,AK,090,Fairbanks North Star Area,1997,57,"CHICKENS, BROILERS - OPERATIONS WITH SALES","CHICKENS, BROILERS - OPERATIONS WITH SALES",TOTAL,NOT SPECIFIED,OPERATIONS,3,3,FALSE,NASS Table 1,chickens_broilers_operations_with_sales,NA
AG CENSUS AREA,AK,090,Fairbanks North Star Area,2002,57,"CHICKENS, BROILERS - OPERATIONS WITH SALES","CHICKENS, BROILERS - OPERATIONS WITH SALES",TOTAL,NOT SPECIFIED,OPERATIONS,3,3,FALSE,NASS Table 1,chickens_broilers_operations_with_sales,NA
AG CENSUS AREA,AK,090,Fairbanks North Star Area,2007,57,"CHICKENS, BROILERS - OPERATIONS WITH SALES","CHICKENS, BROILERS - OPERATIONS WITH SALES",TOTAL,NOT SPECIFIED,OPERATIONS,1,1,FALSE,NASS Table 1,chickens_broilers_operations_with_sales,NA
AG CENSUS AREA,AK,090,Fairbanks North Star Area,2012,57,"CHICKENS, BROILERS - OPERATIONS WITH SALES","CHICKENS, BROILERS - OPERATIONS WITH SALES",TOTAL,NOT SPECIFIED,OPERATIONS,7,7,FALSE,NASS Table 1,chickens_broilers_operations_with_sales,NA
AG CENSUS AREA,AK,090,Fairbanks North Star Area,2017,57,"CHICKENS, BROILERS - OPERATIONS WITH SALES","CHICKENS, BROILERS - OPERATIONS WITH SALES",TOTAL,NOT SPECIFIED,OPERATIONS,7,7,FALSE,NASS Table 1,chickens_broilers_operations_with_sales,NA
AG CENSUS AREA,AK,090,Fairbanks North Star Area,2022,57,"CHICKENS, BROILERS - OPERATIONS WITH SALES","CHICKENS, BROILERS - OPERATIONS WITH SALES",TOTAL,NOT SPECIFIED,OPERATIONS,11,11,FALSE,NASS Table 1,chickens_broilers_operations_with_sales,NA
AG CENSUS AREA,AK,090,Fairbanks North Star Area,1997,58,"CHICKENS, BROILERS - SALES, MEASURED IN HEAD","CHICKENS, BROILERS - SALES, MEASURED IN HEAD",TOTAL,NOT SPECIFIED,HEAD,NA,NA,FALSE,NASS Table 1,chickens_broilers_sales_head,NA
AG CENSUS AREA,AK,090,Fairbanks North Star Area,2002,58,"CHICKENS, BROILERS - SALES, MEASURED IN HEAD","CHICKENS, BROILERS - SALES, MEASURED IN HEAD",TOTAL,NOT SPECIFIED,HEAD,NA,NA,FALSE,NASS Table 1,chickens_broilers_sales_head,NA
AG CENSUS AREA,AK,090,Fairbanks North Star Area,2007,58,"CHICKENS, BROILERS - SALES, MEASURED IN HEAD","CHICKENS, BROILERS - SALES, MEASURED IN HEAD",TOTAL,NOT SPECIFIED,HEAD,NA,NA,FALSE,NASS Table 1,chickens_broilers_sales_head,NA
AG CENSUS AREA,AK,090,Fairbanks North Star Area,2012,58,"CHICKENS, BROILERS - SALES, MEASURED IN HEAD","CHICKENS, BROILERS - SALES, MEASURED IN HEAD",TOTAL,NOT SPECIFIED,HEAD,813,813,FALSE,NASS Table 1,chickens_broilers_sales_head,NA
AG CENSUS AREA,AK,090,Fairbanks North Star Area,2017,58,"CHICKENS, BROILERS - SALES, MEASURED IN HEAD","CHICKENS, BROILERS - SALES, MEASURED IN HEAD",TOTAL,NOT SPECIFIED,HEAD,NA,NA,FALSE,NASS Table 1,chickens_broilers_sales_head,NA
AG CENSUS AREA,AK,090,Fairbanks North Star Area,2022,58,"CHICKENS, BROILERS - SALES, MEASURED IN HEAD","CHICKENS, BROILERS - SALES, MEASURED IN HEAD",TOTAL,NOT SPECIFIED,HEAD,1064,1064,FALSE,NASS Table 1,chickens_broilers_sales_head,NA
AG CENSUS AREA,AK,090,Fairbanks North Star Area,2012,65,WHEAT - OPERATIONS WITH AREA HARVESTED,WHEAT - OPERATIONS WITH AREA HARVESTED,TOTAL,NOT SPECIFIED,OPERATIONS,4,4,FALSE,NASS Table 1,wheat_operations_with_area_harvested,NA
AG CENSUS AREA,AK,090,Fairbanks North Star Area,2017,65,WHEAT - OPERATIONS WITH AREA HARVESTED,WHEAT - OPERATIONS WITH AREA HARVESTED,TOTAL,NOT SPECIFIED,OPERATIONS,2,2,FALSE,NASS Table 1,wheat_operations_with_area_harvested,NA
AG CENSUS AREA,AK,090,Fairbanks North Star Area,2022,65,WHEAT - OPERATIONS WITH AREA HARVESTED,WHEAT - OPERATIONS WITH AREA HARVESTED,TOTAL,NOT SPECIFIED,OPERATIONS,2,2,FALSE,NASS Table 1,wheat_operations_with_area_harvested,NA
AG CENSUS AREA,AK,090,Fairbanks North Star Area,2012,66,WHEAT - ACRES HARVESTED,WHEAT - ACRES HARVESTED,TOTAL,NOT SPECIFIED,ACRES,182,182,FALSE,NASS Table 1,wheat_acres_harvested,NA
AG CENSUS AREA,AK,090,Fairbanks North Star Area,2017,66,WHEAT - ACRES HARVESTED,WHEAT - ACRES HARVESTED,TOTAL,NOT SPECIFIED,ACRES,NA,NA,FALSE,NASS Table 1,wheat_acres_harvested,NA
AG CENSUS AREA,AK,090,Fairbanks North Star Area,2022,66,WHEAT - ACRES HARVESTED,WHEAT - ACRES HARVESTED,TOTAL,NOT SPECIFIED,ACRES,NA,NA,FALSE,NASS Table 1,wheat_acres_harvested,NA
AG CENSUS AREA,AK,090,Fairbanks North Star Area,2012,67,"WHEAT - PRODUCTION, MEASURED IN BU","WHEAT - PRODUCTION, MEASURED IN BU",TOTAL,NOT SPECIFIED,BU,NA,NA,FALSE,NASS Table 1,wheat_production_bu,NA
AG CENSUS AREA,AK,090,Fairbanks North Star Area,2017,67,"WHEAT - PRODUCTION, MEASURED IN BU","WHEAT - PRODUCTION, MEASURED IN BU",TOTAL,NOT SPECIFIED,BU,NA,NA,FALSE,NASS Table 1,wheat_production_bu,NA
AG CENSUS AREA,AK,090,Fairbanks North Star Area,2022,67,"WHEAT - PRODUCTION, MEASURED IN BU","WHEAT - PRODUCTION, MEASURED IN BU",TOTAL,NOT SPECIFIED,BU,NA,NA,FALSE,NASS Table 1,wheat_production_bu,NA
AG CENSUS AREA,AK,090,Fairbanks North Star Area,2012,71,"WHEAT, SPRING, (EXCL DURUM) - OPERATIONS WITH AREA HARVESTED","WHEAT, SPRING, (EXCL DURUM) - OPERATIONS WITH AREA HARVESTED",TOTAL,NOT SPECIFIED,OPERATIONS,4,4,FALSE,NASS Table 1,wheat_spring_excl_durum_operations_with_area_harvested,NA
AG CENSUS AREA,AK,090,Fairbanks North Star Area,2017,71,"WHEAT, SPRING, (EXCL DURUM) - OPERATIONS WITH AREA HARVESTED","WHEAT, SPRING, (EXCL DURUM) - OPERATIONS WITH AREA HARVESTED",TOTAL,NOT SPECIFIED,OPERATIONS,2,2,FALSE,NASS Table 1,wheat_spring_excl_durum_operations_with_area_harvested,NA
AG CENSUS AREA,AK,090,Fairbanks North Star Area,2022,71,"WHEAT, SPRING, (EXCL DURUM) - OPERATIONS WITH AREA HARVESTED","WHEAT, SPRING, (EXCL DURUM) - OPERATIONS WITH AREA HARVESTED",TOTAL,NOT SPECIFIED,OPERATIONS,2,2,FALSE,NASS Table 1,wheat_spring_excl_durum_operations_with_area_harvested,NA
AG CENSUS AREA,AK,090,Fairbanks North Star Area,2012,72,"WHEAT, SPRING, (EXCL DURUM) - ACRES HARVESTED","WHEAT, SPRING, (EXCL DURUM) - ACRES HARVESTED",TOTAL,NOT SPECIFIED,ACRES,182,182,FALSE,NASS Table 1,wheat_spring_excl_durum_acres_harvested,NA
AG CENSUS AREA,AK,090,Fairbanks North Star Area,2017,72,"WHEAT, SPRING, (EXCL DURUM) - ACRES HARVESTED","WHEAT, SPRING, (EXCL DURUM) - ACRES HARVESTED",TOTAL,NOT SPECIFIED,ACRES,NA,NA,FALSE,NASS Table 1,wheat_spring_excl_durum_acres_harvested,NA
AG CENSUS AREA,AK,090,Fairbanks North Star Area,2022,72,"WHEAT, SPRING, (EXCL DURUM) - ACRES HARVESTED","WHEAT, SPRING, (EXCL DURUM) - ACRES HARVESTED",TOTAL,NOT SPECIFIED,ACRES,NA,NA,FALSE,NASS Table 1,wheat_spring_excl_durum_acres_harvested,NA
AG CENSUS AREA,AK,090,Fairbanks North Star Area,2012,73,"WHEAT, SPRING, (EXCL DURUM) - PRODUCTION, MEASURED IN BU","WHEAT, SPRING, (EXCL DURUM) - PRODUCTION, MEASURED IN BU",TOTAL,NOT SPECIFIED,BU,NA,NA,FALSE,NASS Table 1,wheat_spring_excl_durum_production_bu,NA
AG CENSUS AREA,AK,090,Fairbanks North Star Area,2017,73,"WHEAT, SPRING, (EXCL DURUM) - PRODUCTION, MEASURED IN BU","WHEAT, SPRING, (EXCL DURUM) - PRODUCTION, MEASURED IN BU",TOTAL,NOT SPECIFIED,BU,NA,NA,FALSE,NASS Table 1,wheat_spring_excl_durum_production_bu,NA
AG CENSUS AREA,AK,090,Fairbanks North Star Area,2022,73,"WHEAT, SPRING, (EXCL DURUM) - PRODUCTION, MEASURED IN BU","WHEAT, SPRING, (EXCL DURUM) - PRODUCTION, MEASURED IN BU",TOTAL,NOT SPECIFIED,BU,NA,NA,FALSE,NASS Table 1,wheat_spring_excl_durum_production_bu,NA
AG CENSUS AREA,AK,090,Fairbanks North Star Area,1997,77,OATS - OPERATIONS WITH AREA HARVESTED,OATS - OPERATIONS WITH AREA HARVESTED,TOTAL,NOT SPECIFIED,OPERATIONS,14,14,FALSE,NASS Table 1,oats_operations_with_area_harvested,NA
AG CENSUS AREA,AK,090,Fairbanks North Star Area,2002,77,OATS - OPERATIONS WITH AREA HARVESTED,OATS - OPERATIONS WITH AREA HARVESTED,TOTAL,NOT SPECIFIED,OPERATIONS,6,6,FALSE,NASS Table 1,oats_operations_with_area_harvested,NA
AG CENSUS AREA,AK,090,Fairbanks North Star Area,2007,77,OATS - OPERATIONS WITH AREA HARVESTED,OATS - OPERATIONS WITH AREA HARVESTED,TOTAL,NOT SPECIFIED,OPERATIONS,5,5,FALSE,NASS Table 1,oats_operations_with_area_harvested,NA
AG CENSUS AREA,AK,090,Fairbanks North Star Area,2012,77,OATS - OPERATIONS WITH AREA HARVESTED,OATS - OPERATIONS WITH AREA HARVESTED,TOTAL,NOT SPECIFIED,OPERATIONS,6,6,FALSE,NASS Table 1,oats_operations_with_area_harvested,NA
AG CENSUS AREA,AK,090,Fairbanks North Star Area,2017,77,OATS - OPERATIONS WITH AREA HARVESTED,OATS - OPERATIONS WITH AREA HARVESTED,TOTAL,NOT SPECIFIED,OPERATIONS,6,6,FALSE,NASS Table 1,oats_operations_with_area_harvested,NA
AG CENSUS AREA,AK,090,Fairbanks North Star Area,2022,77,OATS - OPERATIONS WITH AREA HARVESTED,OATS - OPERATIONS WITH AREA HARVESTED,TOTAL,NOT SPECIFIED,OPERATIONS,5,5,FALSE,NASS Table 1,oats_operations_with_area_harvested,NA
AG CENSUS AREA,AK,090,Fairbanks North Star Area,1997,78,OATS - ACRES HARVESTED,OATS - ACRES HARVESTED,TOTAL,NOT SPECIFIED,ACRES,1317,1317,FALSE,NASS Table 1,oats_acres_harvested,NA
AG CENSUS AREA,AK,090,Fairbanks North Star Area,2002,78,OATS - ACRES HARVESTED,OATS - ACRES HARVESTED,TOTAL,NOT SPECIFIED,ACRES,NA,NA,FALSE,NASS Table 1,oats_acres_harvested,NA
AG CENSUS AREA,AK,090,Fairbanks North Star Area,2007,78,OATS - ACRES HARVESTED,OATS - ACRES HARVESTED,TOTAL,NOT SPECIFIED,ACRES,NA,NA,FALSE,NASS Table 1,oats_acres_harvested,NA
AG CENSUS AREA,AK,090,Fairbanks North Star Area,2012,78,OATS - ACRES HARVESTED,OATS - ACRES HARVESTED,TOTAL,NOT SPECIFIED,ACRES,NA,NA,FALSE,NASS Table 1,oats_acres_harvested,NA
AG CENSUS AREA,AK,090,Fairbanks North Star Area,2017,78,OATS - ACRES HARVESTED,OATS - ACRES HARVESTED,TOTAL,NOT SPECIFIED,ACRES,699,699,FALSE,NASS Table 1,oats_acres_harvested,NA
AG CENSUS AREA,AK,090,Fairbanks North Star Area,2022,78,OATS - ACRES HARVESTED,OATS - ACRES HARVESTED,TOTAL,NOT SPECIFIED,ACRES,NA,NA,FALSE,NASS Table 1,oats_acres_harvested,NA
AG CENSUS AREA,AK,090,Fairbanks North Star Area,1997,79,"OATS - PRODUCTION, MEASURED IN BU","OATS - PRODUCTION, MEASURED IN BU",TOTAL,NOT SPECIFIED,BU,57217,57217,FALSE,NASS Table 1,oats_production_bu,NA
AG CENSUS AREA,AK,090,Fairbanks North Star Area,2002,79,"OATS - PRODUCTION, MEASURED IN BU","OATS - PRODUCTION, MEASURED IN BU",TOTAL,NOT SPECIFIED,BU,44740,44740,FALSE,NASS Table 1,oats_production_bu,NA
AG CENSUS AREA,AK,090,Fairbanks North Star Area,2007,79,"OATS - PRODUCTION, MEASURED IN BU","OATS - PRODUCTION, MEASURED IN BU",TOTAL,NOT SPECIFIED,BU,NA,NA,FALSE,NASS Table 1,oats_production_bu,NA
AG CENSUS AREA,AK,090,Fairbanks North Star Area,2012,79,"OATS - PRODUCTION, MEASURED IN BU","OATS - PRODUCTION, MEASURED IN BU",TOTAL,NOT SPECIFIED,BU,NA,NA,FALSE,NASS Table 1,oats_production_bu,NA
AG CENSUS AREA,AK,090,Fairbanks North Star Area,2017,79,"OATS - PRODUCTION, MEASURED IN BU","OATS - PRODUCTION, MEASURED IN BU",TOTAL,NOT SPECIFIED,BU,57300,57300,FALSE,NASS Table 1,oats_production_bu,NA
AG CENSUS AREA,AK,090,Fairbanks North Star Area,2022,79,"OATS - PRODUCTION, MEASURED IN BU","OATS - PRODUCTION, MEASURED IN BU",TOTAL,NOT SPECIFIED,BU,NA,NA,FALSE,NASS Table 1,oats_production_bu,NA
AG CENSUS AREA,AK,090,Fairbanks North Star Area,1997,80,BARLEY - OPERATIONS WITH AREA HARVESTED,BARLEY - OPERATIONS WITH AREA HARVESTED,TOTAL,NOT SPECIFIED,OPERATIONS,21,21,FALSE,NASS Table 1,barley_operations_with_area_harvested,NA
AG CENSUS AREA,AK,090,Fairbanks North Star Area,2002,80,BARLEY - OPERATIONS WITH AREA HARVESTED,BARLEY - OPERATIONS WITH AREA HARVESTED,TOTAL,NOT SPECIFIED,OPERATIONS,18,18,FALSE,NASS Table 1,barley_operations_with_area_harvested,NA
AG CENSUS AREA,AK,090,Fairbanks North Star Area,2007,80,BARLEY - OPERATIONS WITH AREA HARVESTED,BARLEY - OPERATIONS WITH AREA HARVESTED,TOTAL,NOT SPECIFIED,OPERATIONS,17,17,FALSE,NASS Table 1,barley_operations_with_area_harvested,NA
AG CENSUS AREA,AK,090,Fairbanks North Star Area,2012,80,BARLEY - OPERATIONS WITH AREA HARVESTED,BARLEY - OPERATIONS WITH AREA HARVESTED,TOTAL,NOT SPECIFIED,OPERATIONS,16,16,FALSE,NASS Table 1,barley_operations_with_area_harvested,NA
AG CENSUS AREA,AK,090,Fairbanks North Star Area,2017,80,BARLEY - OPERATIONS WITH AREA HARVESTED,BARLEY - OPERATIONS WITH AREA HARVESTED,TOTAL,NOT SPECIFIED,OPERATIONS,18,18,FALSE,NASS Table 1,barley_operations_with_area_harvested,NA
AG CENSUS AREA,AK,090,Fairbanks North Star Area,2022,80,BARLEY - OPERATIONS WITH AREA HARVESTED,BARLEY - OPERATIONS WITH AREA HARVESTED,TOTAL,NOT SPECIFIED,OPERATIONS,15,15,FALSE,NASS Table 1,barley_operations_with_area_harvested,NA
AG CENSUS AREA,AK,090,Fairbanks North Star Area,1997,81,BARLEY - ACRES HARVESTED,BARLEY - ACRES HARVESTED,TOTAL,NOT SPECIFIED,ACRES,6826,6826,FALSE,NASS Table 1,barley_acres_harvested,NA
AG CENSUS AREA,AK,090,Fairbanks North Star Area,2002,81,BARLEY - ACRES HARVESTED,BARLEY - ACRES HARVESTED,TOTAL,NOT SPECIFIED,ACRES,3603,3603,FALSE,NASS Table 1,barley_acres_harvested,NA
AG CENSUS AREA,AK,090,Fairbanks North Star Area,2007,81,BARLEY - ACRES HARVESTED,BARLEY - ACRES HARVESTED,TOTAL,NOT SPECIFIED,ACRES,4232,4232,FALSE,NASS Table 1,barley_acres_harvested,NA
AG CENSUS AREA,AK,090,Fairbanks North Star Area,2012,81,BARLEY - ACRES HARVESTED,BARLEY - ACRES HARVESTED,TOTAL,NOT SPECIFIED,ACRES,NA,NA,FALSE,NASS Table 1,barley_acres_harvested,NA
AG CENSUS AREA,AK,090,Fairbanks North Star Area,2017,81,BARLEY - ACRES HARVESTED,BARLEY - ACRES HARVESTED,TOTAL,NOT SPECIFIED,ACRES,4832,4832,FALSE,NASS Table 1,barley_acres_harvested,NA
AG CENSUS AREA,AK,090,Fairbanks North Star Area,2022,81,BARLEY - ACRES HARVESTED,BARLEY - ACRES HARVESTED,TOTAL,NOT SPECIFIED,ACRES,4515,4515,FALSE,NASS Table 1,barley_acres_harvested,NA
AG CENSUS AREA,AK,090,Fairbanks North Star Area,1997,82,"BARLEY - PRODUCTION, MEASURED IN BU","BARLEY - PRODUCTION, MEASURED IN BU",TOTAL,NOT SPECIFIED,BU,154206,154206,FALSE,NASS Table 1,barley_production_bu,NA
AG CENSUS AREA,AK,090,Fairbanks North Star Area,2002,82,"BARLEY - PRODUCTION, MEASURED IN BU","BARLEY - PRODUCTION, MEASURED IN BU",TOTAL,NOT SPECIFIED,BU,141669,141669,FALSE,NASS Table 1,barley_production_bu,NA
AG CENSUS AREA,AK,090,Fairbanks North Star Area,2007,82,"BARLEY - PRODUCTION, MEASURED IN BU","BARLEY - PRODUCTION, MEASURED IN BU",TOTAL,NOT SPECIFIED,BU,165279,165279,FALSE,NASS Table 1,barley_production_bu,NA
AG CENSUS AREA,AK,090,Fairbanks North Star Area,2012,82,"BARLEY - PRODUCTION, MEASURED IN BU","BARLEY - PRODUCTION, MEASURED IN BU",TOTAL,NOT SPECIFIED,BU,NA,NA,FALSE,NASS Table 1,barley_production_bu,NA
AG CENSUS AREA,AK,090,Fairbanks North Star Area,2017,82,"BARLEY - PRODUCTION, MEASURED IN BU","BARLEY - PRODUCTION, MEASURED IN BU",TOTAL,NOT SPECIFIED,BU,224542,224542,FALSE,NASS Table 1,barley_production_bu,NA
AG CENSUS AREA,AK,090,Fairbanks North Star Area,2022,82,"BARLEY - PRODUCTION, MEASURED IN BU","BARLEY - PRODUCTION, MEASURED IN BU",TOTAL,NOT SPECIFIED,BU,146138,146138,FALSE,NASS Table 1,barley_production_bu,NA
AG CENSUS AREA,AK,090,Fairbanks North Star Area,2002,107,HAY & HAYLAGE - OPERATIONS WITH AREA HARVESTED,HAY & HAYLAGE - OPERATIONS WITH AREA HARVESTED,TOTAL,NOT SPECIFIED,OPERATIONS,93,93,FALSE,NASS Table 1,hay_and_haylage_operations_with_area_harvested,NA
AG CENSUS AREA,AK,090,Fairbanks North Star Area,2007,107,HAY & HAYLAGE - OPERATIONS WITH AREA HARVESTED,HAY & HAYLAGE - OPERATIONS WITH AREA HARVESTED,TOTAL,NOT SPECIFIED,OPERATIONS,87,87,FALSE,NASS Table 1,hay_and_haylage_operations_with_area_harvested,NA
AG CENSUS AREA,AK,090,Fairbanks North Star Area,2012,107,HAY & HAYLAGE - OPERATIONS WITH AREA HARVESTED,HAY & HAYLAGE - OPERATIONS WITH AREA HARVESTED,TOTAL,NOT SPECIFIED,OPERATIONS,82,82,FALSE,NASS Table 1,hay_and_haylage_operations_with_area_harvested,NA
AG CENSUS AREA,AK,090,Fairbanks North Star Area,2017,107,HAY & HAYLAGE - OPERATIONS WITH AREA HARVESTED,HAY & HAYLAGE - OPERATIONS WITH AREA HARVESTED,TOTAL,NOT SPECIFIED,OPERATIONS,90,90,FALSE,NASS Table 1,hay_and_haylage_operations_with_area_harvested,NA
AG CENSUS AREA,AK,090,Fairbanks North Star Area,2022,107,HAY & HAYLAGE - OPERATIONS WITH AREA HARVESTED,HAY & HAYLAGE - OPERATIONS WITH AREA HARVESTED,TOTAL,NOT SPECIFIED,OPERATIONS,92,92,FALSE,NASS Table 1,hay_and_haylage_operations_with_area_harvested,NA
AG CENSUS AREA,AK,090,Fairbanks North Star Area,2002,108,HAY & HAYLAGE - ACRES HARVESTED,HAY & HAYLAGE - ACRES HARVESTED,TOTAL,NOT SPECIFIED,ACRES,10620,10620,FALSE,NASS Table 1,hay_and_haylage_acres_harvested,NA
AG CENSUS AREA,AK,090,Fairbanks North Star Area,2007,108,HAY & HAYLAGE - ACRES HARVESTED,HAY & HAYLAGE - ACRES HARVESTED,TOTAL,NOT SPECIFIED,ACRES,10713,10713,FALSE,NASS Table 1,hay_and_haylage_acres_harvested,NA
AG CENSUS AREA,AK,090,Fairbanks North Star Area,2012,108,HAY & HAYLAGE - ACRES HARVESTED,HAY & HAYLAGE - ACRES HARVESTED,TOTAL,NOT SPECIFIED,ACRES,10734,10734,FALSE,NASS Table 1,hay_and_haylage_acres_harvested,NA
AG CENSUS AREA,AK,090,Fairbanks North Star Area,2017,108,HAY & HAYLAGE - ACRES HARVESTED,HAY & HAYLAGE - ACRES HARVESTED,TOTAL,NOT SPECIFIED,ACRES,12782,12782,FALSE,NASS Table 1,hay_and_haylage_acres_harvested,NA
AG CENSUS AREA,AK,090,Fairbanks North Star Area,2022,108,HAY & HAYLAGE - ACRES HARVESTED,HAY & HAYLAGE - ACRES HARVESTED,TOTAL,NOT SPECIFIED,ACRES,15925,15925,FALSE,NASS Table 1,hay_and_haylage_acres_harvested,NA
AG CENSUS AREA,AK,090,Fairbanks North Star Area,2002,109,"HAY & HAYLAGE - PRODUCTION, MEASURED IN TONS, DRY BASIS","HAY & HAYLAGE - PRODUCTION, MEASURED IN TONS, DRY BASIS",TOTAL,NOT SPECIFIED,"TONS, DRY BASIS",11035,11035,FALSE,NASS Table 1,hay_and_haylage_production_tons_dry_basis,NA
AG CENSUS AREA,AK,090,Fairbanks North Star Area,2007,109,"HAY & HAYLAGE - PRODUCTION, MEASURED IN TONS, DRY BASIS","HAY & HAYLAGE - PRODUCTION, MEASURED IN TONS, DRY BASIS",TOTAL,NOT SPECIFIED,"TONS, DRY BASIS",16768,16768,FALSE,NASS Table 1,hay_and_haylage_production_tons_dry_basis,NA
AG CENSUS AREA,AK,090,Fairbanks North Star Area,2012,109,"HAY & HAYLAGE - PRODUCTION, MEASURED IN TONS, DRY BASIS","HAY & HAYLAGE - PRODUCTION, MEASURED IN TONS, DRY BASIS",TOTAL,NOT SPECIFIED,"TONS, DRY BASIS",13136,13136,FALSE,NASS Table 1,hay_and_haylage_production_tons_dry_basis,NA
AG CENSUS AREA,AK,090,Fairbanks North Star Area,2017,109,"HAY & HAYLAGE - PRODUCTION, MEASURED IN TONS, DRY BASIS","HAY & HAYLAGE - PRODUCTION, MEASURED IN TONS, DRY BASIS",TOTAL,NOT SPECIFIED,"TONS, DRY BASIS",15734,15734,FALSE,NASS Table 1,hay_and_haylage_production_tons_dry_basis,NA
AG CENSUS AREA,AK,090,Fairbanks North Star Area,2022,109,"HAY & HAYLAGE - PRODUCTION, MEASURED IN TONS, DRY BASIS","HAY & HAYLAGE - PRODUCTION, MEASURED IN TONS, DRY BASIS",TOTAL,NOT SPECIFIED,"TONS, DRY BASIS",14677,14677,FALSE,NASS Table 1,hay_and_haylage_production_tons_dry_basis,NA
AG CENSUS AREA,AK,090,Fairbanks North Star Area,1997,125,"VEGETABLE TOTALS, IN THE OPEN - OPERATIONS WITH AREA HARVESTED","VEGETABLE TOTALS, IN THE OPEN - OPERATIONS WITH AREA HARVESTED",TOTAL,NOT SPECIFIED,OPERATIONS,14,14,FALSE,NASS Table 1,vegetable_totals_in_the_open_operations_with_area_harvested,NA
AG CENSUS AREA,AK,090,Fairbanks North Star Area,2002,125,"VEGETABLE TOTALS, IN THE OPEN - OPERATIONS WITH AREA HARVESTED","VEGETABLE TOTALS, IN THE OPEN - OPERATIONS WITH AREA HARVESTED",TOTAL,NOT SPECIFIED,OPERATIONS,20,20,FALSE,NASS Table 1,vegetable_totals_in_the_open_operations_with_area_harvested,NA
AG CENSUS AREA,AK,090,Fairbanks North Star Area,2007,125,"VEGETABLE TOTALS, IN THE OPEN - OPERATIONS WITH AREA HARVESTED","VEGETABLE TOTALS, IN THE OPEN - OPERATIONS WITH AREA HARVESTED",TOTAL,NOT SPECIFIED,OPERATIONS,36,36,FALSE,NASS Table 1,vegetable_totals_in_the_open_operations_with_area_harvested,NA
AG CENSUS AREA,AK,090,Fairbanks North Star Area,2012,125,"VEGETABLE TOTALS, IN THE OPEN - OPERATIONS WITH AREA HARVESTED","VEGETABLE TOTALS, IN THE OPEN - OPERATIONS WITH AREA HARVESTED",TOTAL,NOT SPECIFIED,OPERATIONS,45,45,FALSE,NASS Table 1,vegetable_totals_in_the_open_operations_with_area_harvested,NA
AG CENSUS AREA,AK,090,Fairbanks North Star Area,2017,125,"VEGETABLE TOTALS, IN THE OPEN - OPERATIONS WITH AREA HARVESTED","VEGETABLE TOTALS, IN THE OPEN - OPERATIONS WITH AREA HARVESTED",TOTAL,NOT SPECIFIED,OPERATIONS,80,80,FALSE,NASS Table 1,vegetable_totals_in_the_open_operations_with_area_harvested,NA
AG CENSUS AREA,AK,090,Fairbanks North Star Area,2022,125,"VEGETABLE TOTALS, IN THE OPEN - OPERATIONS WITH AREA HARVESTED","VEGETABLE TOTALS, IN THE OPEN - OPERATIONS WITH AREA HARVESTED",TOTAL,NOT SPECIFIED,OPERATIONS,76,76,FALSE,NASS Table 1,vegetable_totals_in_the_open_operations_with_area_harvested,NA
AG CENSUS AREA,AK,090,Fairbanks North Star Area,1997,126,"VEGETABLE TOTALS, IN THE OPEN - ACRES HARVESTED","VEGETABLE TOTALS, IN THE OPEN - ACRES HARVESTED",TOTAL,NOT SPECIFIED,ACRES,41,41,FALSE,NASS Table 1,vegetable_totals_in_the_open_acres_harvested,NA
AG CENSUS AREA,AK,090,Fairbanks North Star Area,2002,126,"VEGETABLE TOTALS, IN THE OPEN - ACRES HARVESTED","VEGETABLE TOTALS, IN THE OPEN - ACRES HARVESTED",TOTAL,NOT SPECIFIED,ACRES,40,40,FALSE,NASS Table 1,vegetable_totals_in_the_open_acres_harvested,NA
AG CENSUS AREA,AK,090,Fairbanks North Star Area,2007,126,"VEGETABLE TOTALS, IN THE OPEN - ACRES HARVESTED","VEGETABLE TOTALS, IN THE OPEN - ACRES HARVESTED",TOTAL,NOT SPECIFIED,ACRES,340,340,FALSE,NASS Table 1,vegetable_totals_in_the_open_acres_harvested,NA
AG CENSUS AREA,AK,090,Fairbanks North Star Area,2012,126,"VEGETABLE TOTALS, IN THE OPEN - ACRES HARVESTED","VEGETABLE TOTALS, IN THE OPEN - ACRES HARVESTED",TOTAL,NOT SPECIFIED,ACRES,261,261,FALSE,NASS Table 1,vegetable_totals_in_the_open_acres_harvested,NA
AG CENSUS AREA,AK,090,Fairbanks North Star Area,2017,126,"VEGETABLE TOTALS, IN THE OPEN - ACRES HARVESTED","VEGETABLE TOTALS, IN THE OPEN - ACRES HARVESTED",TOTAL,NOT SPECIFIED,ACRES,234,234,FALSE,NASS Table 1,vegetable_totals_in_the_open_acres_harvested,NA
AG CENSUS AREA,AK,090,Fairbanks North Star Area,2022,126,"VEGETABLE TOTALS, IN THE OPEN - ACRES HARVESTED","VEGETABLE TOTALS, IN THE OPEN - ACRES HARVESTED",TOTAL,NOT SPECIFIED,ACRES,149,149,FALSE,NASS Table 1,vegetable_totals_in_the_open_acres_harvested,NA
AG CENSUS AREA,AK,090,Fairbanks North Star Area,1997,127,POTATOES - OPERATIONS WITH AREA HARVESTED,POTATOES - OPERATIONS WITH AREA HARVESTED,TOTAL,NOT SPECIFIED,OPERATIONS,25,25,FALSE,NASS Table 1,potatoes_operations_with_area_harvested,NA
AG CENSUS AREA,AK,090,Fairbanks North Star Area,2002,127,POTATOES - OPERATIONS WITH AREA HARVESTED,POTATOES - OPERATIONS WITH AREA HARVESTED,TOTAL,NOT SPECIFIED,OPERATIONS,24,24,FALSE,NASS Table 1,potatoes_operations_with_area_harvested,NA
AG CENSUS AREA,AK,090,Fairbanks North Star Area,2007,127,POTATOES - OPERATIONS WITH AREA HARVESTED,POTATOES - OPERATIONS WITH AREA HARVESTED,TOTAL,NOT SPECIFIED,OPERATIONS,23,23,FALSE,NASS Table 1,potatoes_operations_with_area_harvested,NA
AG CENSUS AREA,AK,090,Fairbanks North Star Area,2012,127,POTATOES - OPERATIONS WITH AREA HARVESTED,POTATOES - OPERATIONS WITH AREA HARVESTED,TOTAL,NOT SPECIFIED,OPERATIONS,34,34,FALSE,NASS Table 1,potatoes_operations_with_area_harvested,NA
AG CENSUS AREA,AK,090,Fairbanks North Star Area,2017,127,POTATOES - OPERATIONS WITH AREA HARVESTED,POTATOES - OPERATIONS WITH AREA HARVESTED,TOTAL,NOT SPECIFIED,OPERATIONS,48,48,FALSE,NASS Table 1,potatoes_operations_with_area_harvested,NA
AG CENSUS AREA,AK,090,Fairbanks North Star Area,2022,127,POTATOES - OPERATIONS WITH AREA HARVESTED,POTATOES - OPERATIONS WITH AREA HARVESTED,TOTAL,NOT SPECIFIED,OPERATIONS,49,49,FALSE,NASS Table 1,potatoes_operations_with_area_harvested,NA
AG CENSUS AREA,AK,090,Fairbanks North Star Area,1997,128,POTATOES - ACRES HARVESTED,POTATOES - ACRES HARVESTED,TOTAL,NOT SPECIFIED,ACRES,282,282,FALSE,NASS Table 1,potatoes_acres_harvested,NA
AG CENSUS AREA,AK,090,Fairbanks North Star Area,2002,128,POTATOES - ACRES HARVESTED,POTATOES - ACRES HARVESTED,TOTAL,NOT SPECIFIED,ACRES,270,270,FALSE,NASS Table 1,potatoes_acres_harvested,NA
AG CENSUS AREA,AK,090,Fairbanks North Star Area,2007,128,POTATOES - ACRES HARVESTED,POTATOES - ACRES HARVESTED,TOTAL,NOT SPECIFIED,ACRES,306,306,FALSE,NASS Table 1,potatoes_acres_harvested,NA
AG CENSUS AREA,AK,090,Fairbanks North Star Area,2012,128,POTATOES - ACRES HARVESTED,POTATOES - ACRES HARVESTED,TOTAL,NOT SPECIFIED,ACRES,217,217,FALSE,NASS Table 1,potatoes_acres_harvested,NA
AG CENSUS AREA,AK,090,Fairbanks North Star Area,2017,128,POTATOES - ACRES HARVESTED,POTATOES - ACRES HARVESTED,TOTAL,NOT SPECIFIED,ACRES,151,151,FALSE,NASS Table 1,potatoes_acres_harvested,NA
AG CENSUS AREA,AK,090,Fairbanks North Star Area,2022,128,POTATOES - ACRES HARVESTED,POTATOES - ACRES HARVESTED,TOTAL,NOT SPECIFIED,ACRES,92,92,FALSE,NASS Table 1,potatoes_acres_harvested,NA
AG CENSUS AREA,AK,090,Fairbanks North Star Area,2002,131,ORCHARDS - OPERATIONS WITH AREA BEARING & NON-BEARING,ORCHARDS - OPERATIONS WITH AREA BEARING & NON-BEARING,TOTAL,NOT SPECIFIED,OPERATIONS,1,1,FALSE,NASS Table 1,orchards_operations_with_area_bearing_and_non_bearing,NA
AG CENSUS AREA,AK,090,Fairbanks North Star Area,2007,131,ORCHARDS - OPERATIONS WITH AREA BEARING & NON-BEARING,ORCHARDS - OPERATIONS WITH AREA BEARING & NON-BEARING,TOTAL,NOT SPECIFIED,OPERATIONS,1,1,FALSE,NASS Table 1,orchards_operations_with_area_bearing_and_non_bearing,NA
AG CENSUS AREA,AK,090,Fairbanks North Star Area,2012,131,ORCHARDS - OPERATIONS WITH AREA BEARING & NON-BEARING,ORCHARDS - OPERATIONS WITH AREA BEARING & NON-BEARING,TOTAL,NOT SPECIFIED,OPERATIONS,5,5,FALSE,NASS Table 1,orchards_operations_with_area_bearing_and_non_bearing,NA
AG CENSUS AREA,AK,090,Fairbanks North Star Area,2017,131,ORCHARDS - OPERATIONS WITH AREA BEARING & NON-BEARING,ORCHARDS - OPERATIONS WITH AREA BEARING & NON-BEARING,TOTAL,NOT SPECIFIED,OPERATIONS,6,6,FALSE,NASS Table 1,orchards_operations_with_area_bearing_and_non_bearing,NA
AG CENSUS AREA,AK,090,Fairbanks North Star Area,2022,131,ORCHARDS - OPERATIONS WITH AREA BEARING & NON-BEARING,ORCHARDS - OPERATIONS WITH AREA BEARING & NON-BEARING,TOTAL,NOT SPECIFIED,OPERATIONS,13,13,FALSE,NASS Table 1,orchards_operations_with_area_bearing_and_non_bearing,NA
AG CENSUS AREA,AK,090,Fairbanks North Star Area,2002,132,ORCHARDS - ACRES BEARING & NON-BEARING,ORCHARDS - ACRES BEARING & NON-BEARING,TOTAL,NOT SPECIFIED,ACRES,NA,NA,FALSE,NASS Table 1,orchards_acres_bearing_and_non_bearing,NA
AG CENSUS AREA,AK,090,Fairbanks North Star Area,2007,132,ORCHARDS - ACRES BEARING & NON-BEARING,ORCHARDS - ACRES BEARING & NON-BEARING,TOTAL,NOT SPECIFIED,ACRES,NA,NA,FALSE,NASS Table 1,orchards_acres_bearing_and_non_bearing,NA
AG CENSUS AREA,AK,090,Fairbanks North Star Area,2012,132,ORCHARDS - ACRES BEARING & NON-BEARING,ORCHARDS - ACRES BEARING & NON-BEARING,TOTAL,NOT SPECIFIED,ACRES,NA,NA,FALSE,NASS Table 1,orchards_acres_bearing_and_non_bearing,NA
AG CENSUS AREA,AK,090,Fairbanks North Star Area,2017,132,ORCHARDS - ACRES BEARING & NON-BEARING,ORCHARDS - ACRES BEARING & NON-BEARING,TOTAL,NOT SPECIFIED,ACRES,NA,NA,FALSE,NASS Table 1,orchards_acres_bearing_and_non_bearing,NA
AG CENSUS AREA,AK,090,Fairbanks North Star Area,2022,132,ORCHARDS - ACRES BEARING & NON-BEARING,ORCHARDS - ACRES BEARING & NON-BEARING,TOTAL,NOT SPECIFIED,ACRES,21,21,FALSE,NASS Table 1,orchards_acres_bearing_and_non_bearing,NA
AG CENSUS AREA,AK,110,Juneau Area,1997,1,FARM OPERATIONS - NUMBER OF OPERATIONS,FARM OPERATIONS - NUMBER OF OPERATIONS,TOTAL,NOT SPECIFIED,OPERATIONS,22,22,FALSE,NASS Table 1,farm_operations_number_of_operations,NA
AG CENSUS AREA,AK,110,Juneau Area,2002,1,FARM OPERATIONS - NUMBER OF OPERATIONS,FARM OPERATIONS - NUMBER OF OPERATIONS,TOTAL,NOT SPECIFIED,OPERATIONS,37,37,FALSE,NASS Table 1,farm_operations_number_of_operations,NA
AG CENSUS AREA,AK,110,Juneau Area,2007,1,FARM OPERATIONS - NUMBER OF OPERATIONS,FARM OPERATIONS - NUMBER OF OPERATIONS,TOTAL,NOT SPECIFIED,OPERATIONS,37,37,FALSE,NASS Table 1,farm_operations_number_of_operations,NA
AG CENSUS AREA,AK,110,Juneau Area,2012,1,FARM OPERATIONS - NUMBER OF OPERATIONS,FARM OPERATIONS - NUMBER OF OPERATIONS,TOTAL,NOT SPECIFIED,OPERATIONS,52,52,FALSE,NASS Table 1,farm_operations_number_of_operations,NA
AG CENSUS AREA,AK,110,Juneau Area,2017,1,FARM OPERATIONS - NUMBER OF OPERATIONS,FARM OPERATIONS - NUMBER OF OPERATIONS,TOTAL,NOT SPECIFIED,OPERATIONS,60,60,FALSE,NASS Table 1,farm_operations_number_of_operations,NA
AG CENSUS AREA,AK,110,Juneau Area,2022,1,FARM OPERATIONS - NUMBER OF OPERATIONS,FARM OPERATIONS - NUMBER OF OPERATIONS,TOTAL,NOT SPECIFIED,OPERATIONS,94,94,FALSE,NASS Table 1,farm_operations_number_of_operations,NA
AG CENSUS AREA,AK,110,Juneau Area,1997,2,FARM OPERATIONS - ACRES OPERATED,FARM OPERATIONS - ACRES OPERATED,TOTAL,NOT SPECIFIED,ACRES,534,534,FALSE,NASS Table 1,farm_operations_acres_operated,NA
AG CENSUS AREA,AK,110,Juneau Area,2002,2,FARM OPERATIONS - ACRES OPERATED,FARM OPERATIONS - ACRES OPERATED,TOTAL,NOT SPECIFIED,ACRES,538,538,FALSE,NASS Table 1,farm_operations_acres_operated,NA
AG CENSUS AREA,AK,110,Juneau Area,2007,2,FARM OPERATIONS - ACRES OPERATED,FARM OPERATIONS - ACRES OPERATED,TOTAL,NOT SPECIFIED,ACRES,514,514,FALSE,NASS Table 1,farm_operations_acres_operated,NA
AG CENSUS AREA,AK,110,Juneau Area,2012,2,FARM OPERATIONS - ACRES OPERATED,FARM OPERATIONS - ACRES OPERATED,TOTAL,NOT SPECIFIED,ACRES,707,707,FALSE,NASS Table 1,farm_operations_acres_operated,NA
AG CENSUS AREA,AK,110,Juneau Area,2017,2,FARM OPERATIONS - ACRES OPERATED,FARM OPERATIONS - ACRES OPERATED,TOTAL,NOT SPECIFIED,ACRES,527,527,FALSE,NASS Table 1,farm_operations_acres_operated,NA
AG CENSUS AREA,AK,110,Juneau Area,2022,2,FARM OPERATIONS - ACRES OPERATED,FARM OPERATIONS - ACRES OPERATED,TOTAL,NOT SPECIFIED,ACRES,805,805,FALSE,NASS Table 1,farm_operations_acres_operated,NA
AG CENSUS AREA,AK,110,Juneau Area,2002,3,"FARM OPERATIONS - AREA OPERATED, MEASURED IN ACRES / OPERATION","FARM OPERATIONS - AREA OPERATED, MEASURED IN ACRES / OPERATION",TOTAL,NOT SPECIFIED,ACRES / OPERATION,15,15,FALSE,NASS Table 1,farm_operations_area_operated_acres_per_operation,NA
AG CENSUS AREA,AK,110,Juneau Area,2007,3,"FARM OPERATIONS - AREA OPERATED, MEASURED IN ACRES / OPERATION","FARM OPERATIONS - AREA OPERATED, MEASURED IN ACRES / OPERATION",TOTAL,NOT SPECIFIED,ACRES / OPERATION,14,14,FALSE,NASS Table 1,farm_operations_area_operated_acres_per_operation,NA
AG CENSUS AREA,AK,110,Juneau Area,2012,3,"FARM OPERATIONS - AREA OPERATED, MEASURED IN ACRES / OPERATION","FARM OPERATIONS - AREA OPERATED, MEASURED IN ACRES / OPERATION",TOTAL,NOT SPECIFIED,ACRES / OPERATION,14,14,FALSE,NASS Table 1,farm_operations_area_operated_acres_per_operation,NA
AG CENSUS AREA,AK,110,Juneau Area,2017,3,"FARM OPERATIONS - AREA OPERATED, MEASURED IN ACRES / OPERATION","FARM OPERATIONS - AREA OPERATED, MEASURED IN ACRES / OPERATION",TOTAL,NOT SPECIFIED,ACRES / OPERATION,9,9,FALSE,NASS Table 1,farm_operations_area_operated_acres_per_operation,NA
AG CENSUS AREA,AK,110,Juneau Area,2022,3,"FARM OPERATIONS - AREA OPERATED, MEASURED IN ACRES / OPERATION","FARM OPERATIONS - AREA OPERATED, MEASURED IN ACRES / OPERATION",TOTAL,NOT SPECIFIED,ACRES / OPERATION,9,9,FALSE,NASS Table 1,farm_operations_area_operated_acres_per_operation,NA
AG CENSUS AREA,AK,110,Juneau Area,2002,4,"FARM OPERATIONS - AREA OPERATED, MEASURED IN ACRES / OPERATION, MEDIAN","FARM OPERATIONS - AREA OPERATED, MEASURED IN ACRES / OPERATION, MEDIAN",TOTAL,NOT SPECIFIED,"ACRES / OPERATION, MEDIAN",7,7,FALSE,NASS Table 1,farm_operations_area_operated_acres_per_operation_median,NA
AG CENSUS AREA,AK,110,Juneau Area,2007,4,"FARM OPERATIONS - AREA OPERATED, MEASURED IN ACRES / OPERATION, MEDIAN","FARM OPERATIONS - AREA OPERATED, MEASURED IN ACRES / OPERATION, MEDIAN",TOTAL,NOT SPECIFIED,"ACRES / OPERATION, MEDIAN",7,7,FALSE,NASS Table 1,farm_operations_area_operated_acres_per_operation_median,NA
AG CENSUS AREA,AK,110,Juneau Area,2012,4,"FARM OPERATIONS - AREA OPERATED, MEASURED IN ACRES / OPERATION, MEDIAN","FARM OPERATIONS - AREA OPERATED, MEASURED IN ACRES / OPERATION, MEDIAN",TOTAL,NOT SPECIFIED,"ACRES / OPERATION, MEDIAN",5,5,FALSE,NASS Table 1,farm_operations_area_operated_acres_per_operation_median,NA
AG CENSUS AREA,AK,110,Juneau Area,2017,4,"FARM OPERATIONS - AREA OPERATED, MEASURED IN ACRES / OPERATION, MEDIAN","FARM OPERATIONS - AREA OPERATED, MEASURED IN ACRES / OPERATION, MEDIAN",TOTAL,NOT SPECIFIED,"ACRES / OPERATION, MEDIAN",3,3,FALSE,NASS Table 1,farm_operations_area_operated_acres_per_operation_median,NA
AG CENSUS AREA,AK,110,Juneau Area,2022,4,"FARM OPERATIONS - AREA OPERATED, MEASURED IN ACRES / OPERATION, MEDIAN","FARM OPERATIONS - AREA OPERATED, MEASURED IN ACRES / OPERATION, MEDIAN",TOTAL,NOT SPECIFIED,"ACRES / OPERATION, MEDIAN",3,3,FALSE,NASS Table 1,farm_operations_area_operated_acres_per_operation_median,NA
AG CENSUS AREA,AK,110,Juneau Area,1997,5,"AG LAND, INCL BUILDINGS - ASSET VALUE, MEASURED IN $ / OPERATION","AG LAND, INCL BUILDINGS - ASSET VALUE, MEASURED IN $ / OPERATION",TOTAL,NOT SPECIFIED,$ / OPERATION,104942,104942,FALSE,NASS Table 1,ag_land_incl_buildings_asset_value_usd_per_operation,NA
AG CENSUS AREA,AK,110,Juneau Area,2002,5,"AG LAND, INCL BUILDINGS - ASSET VALUE, MEASURED IN $ / OPERATION","AG LAND, INCL BUILDINGS - ASSET VALUE, MEASURED IN $ / OPERATION",TOTAL,NOT SPECIFIED,$ / OPERATION,649659,649659,FALSE,NASS Table 1,ag_land_incl_buildings_asset_value_usd_per_operation,NA
AG CENSUS AREA,AK,110,Juneau Area,2007,5,"AG LAND, INCL BUILDINGS - ASSET VALUE, MEASURED IN $ / OPERATION","AG LAND, INCL BUILDINGS - ASSET VALUE, MEASURED IN $ / OPERATION",TOTAL,NOT SPECIFIED,$ / OPERATION,757354,757354,FALSE,NASS Table 1,ag_land_incl_buildings_asset_value_usd_per_operation,NA
AG CENSUS AREA,AK,110,Juneau Area,2012,5,"AG LAND, INCL BUILDINGS - ASSET VALUE, MEASURED IN $ / OPERATION","AG LAND, INCL BUILDINGS - ASSET VALUE, MEASURED IN $ / OPERATION",TOTAL,NOT SPECIFIED,$ / OPERATION,740715,740715,FALSE,NASS Table 1,ag_land_incl_buildings_asset_value_usd_per_operation,NA
AG CENSUS AREA,AK,110,Juneau Area,2017,5,"AG LAND, INCL BUILDINGS - ASSET VALUE, MEASURED IN $ / OPERATION","AG LAND, INCL BUILDINGS - ASSET VALUE, MEASURED IN $ / OPERATION",TOTAL,NOT SPECIFIED,$ / OPERATION,881816,881816,FALSE,NASS Table 1,ag_land_incl_buildings_asset_value_usd_per_operation,NA
AG CENSUS AREA,AK,110,Juneau Area,2022,5,"AG LAND, INCL BUILDINGS - ASSET VALUE, MEASURED IN $ / OPERATION","AG LAND, INCL BUILDINGS - ASSET VALUE, MEASURED IN $ / OPERATION",TOTAL,NOT SPECIFIED,$ / OPERATION,751334,751334,FALSE,NASS Table 1,ag_land_incl_buildings_asset_value_usd_per_operation,NA
AG CENSUS AREA,AK,110,Juneau Area,1997,6,"AG LAND, INCL BUILDINGS - ASSET VALUE, MEASURED IN $ / ACRE","AG LAND, INCL BUILDINGS - ASSET VALUE, MEASURED IN $ / ACRE",TOTAL,NOT SPECIFIED,$ / ACRE,4323,4323,FALSE,NASS Table 1,ag_land_incl_buildings_asset_value_usd_per_acre,NA
AG CENSUS AREA,AK,110,Juneau Area,2002,6,"AG LAND, INCL BUILDINGS - ASSET VALUE, MEASURED IN $ / ACRE","AG LAND, INCL BUILDINGS - ASSET VALUE, MEASURED IN $ / ACRE",TOTAL,NOT SPECIFIED,$ / ACRE,44679,44679,FALSE,NASS Table 1,ag_land_incl_buildings_asset_value_usd_per_acre,NA
AG CENSUS AREA,AK,110,Juneau Area,2007,6,"AG LAND, INCL BUILDINGS - ASSET VALUE, MEASURED IN $ / ACRE","AG LAND, INCL BUILDINGS - ASSET VALUE, MEASURED IN $ / ACRE",TOTAL,NOT SPECIFIED,$ / ACRE,54518,54518,FALSE,NASS Table 1,ag_land_incl_buildings_asset_value_usd_per_acre,NA
AG CENSUS AREA,AK,110,Juneau Area,2012,6,"AG LAND, INCL BUILDINGS - ASSET VALUE, MEASURED IN $ / ACRE","AG LAND, INCL BUILDINGS - ASSET VALUE, MEASURED IN $ / ACRE",TOTAL,NOT SPECIFIED,$ / ACRE,54480,54480,FALSE,NASS Table 1,ag_land_incl_buildings_asset_value_usd_per_acre,NA
AG CENSUS AREA,AK,110,Juneau Area,2017,6,"AG LAND, INCL BUILDINGS - ASSET VALUE, MEASURED IN $ / ACRE","AG LAND, INCL BUILDINGS - ASSET VALUE, MEASURED IN $ / ACRE",TOTAL,NOT SPECIFIED,$ / ACRE,100397,100397,FALSE,NASS Table 1,ag_land_incl_buildings_asset_value_usd_per_acre,NA
AG CENSUS AREA,AK,110,Juneau Area,2022,6,"AG LAND, INCL BUILDINGS - ASSET VALUE, MEASURED IN $ / ACRE","AG LAND, INCL BUILDINGS - ASSET VALUE, MEASURED IN $ / ACRE",TOTAL,NOT SPECIFIED,$ / ACRE,87733,87733,FALSE,NASS Table 1,ag_land_incl_buildings_asset_value_usd_per_acre,NA
AG CENSUS AREA,AK,110,Juneau Area,1997,7,"MACHINERY TOTALS - ASSET VALUE, MEASURED IN $","MACHINERY TOTALS - ASSET VALUE, MEASURED IN $",TOTAL,NOT SPECIFIED,$,565000,565000,FALSE,NASS Table 1,machinery_totals_asset_value_usd,NA
AG CENSUS AREA,AK,110,Juneau Area,2002,7,"MACHINERY TOTALS - ASSET VALUE, MEASURED IN $","MACHINERY TOTALS - ASSET VALUE, MEASURED IN $",TOTAL,NOT SPECIFIED,$,7792000,7792000,FALSE,NASS Table 1,machinery_totals_asset_value_usd,NA
AG CENSUS AREA,AK,110,Juneau Area,2007,7,"MACHINERY TOTALS - ASSET VALUE, MEASURED IN $","MACHINERY TOTALS - ASSET VALUE, MEASURED IN $",TOTAL,NOT SPECIFIED,$,8004000,8004000,FALSE,NASS Table 1,machinery_totals_asset_value_usd,NA
AG CENSUS AREA,AK,110,Juneau Area,2012,7,"MACHINERY TOTALS - ASSET VALUE, MEASURED IN $","MACHINERY TOTALS - ASSET VALUE, MEASURED IN $",TOTAL,NOT SPECIFIED,$,7913000,7913000,FALSE,NASS Table 1,machinery_totals_asset_value_usd,NA
AG CENSUS AREA,AK,110,Juneau Area,2017,7,"MACHINERY TOTALS - ASSET VALUE, MEASURED IN $","MACHINERY TOTALS - ASSET VALUE, MEASURED IN $",TOTAL,NOT SPECIFIED,$,13518000,13518000,FALSE,NASS Table 1,machinery_totals_asset_value_usd,NA
AG CENSUS AREA,AK,110,Juneau Area,2022,7,"MACHINERY TOTALS - ASSET VALUE, MEASURED IN $","MACHINERY TOTALS - ASSET VALUE, MEASURED IN $",TOTAL,NOT SPECIFIED,$,8024000,8024000,FALSE,NASS Table 1,machinery_totals_asset_value_usd,NA
AG CENSUS AREA,AK,110,Juneau Area,1997,8,"MACHINERY TOTALS - ASSET VALUE, MEASURED IN $ / OPERATION","MACHINERY TOTALS - ASSET VALUE, MEASURED IN $ / OPERATION",TOTAL,NOT SPECIFIED,$ / OPERATION,25686,25686,FALSE,NASS Table 1,machinery_totals_asset_value_usd_per_operation,NA
AG CENSUS AREA,AK,110,Juneau Area,2002,8,"MACHINERY TOTALS - ASSET VALUE, MEASURED IN $ / OPERATION","MACHINERY TOTALS - ASSET VALUE, MEASURED IN $ / OPERATION",TOTAL,NOT SPECIFIED,$ / OPERATION,210596,210596,FALSE,NASS Table 1,machinery_totals_asset_value_usd_per_operation,NA
AG CENSUS AREA,AK,110,Juneau Area,2007,8,"MACHINERY TOTALS - ASSET VALUE, MEASURED IN $ / OPERATION","MACHINERY TOTALS - ASSET VALUE, MEASURED IN $ / OPERATION",TOTAL,NOT SPECIFIED,$ / OPERATION,216319,216319,FALSE,NASS Table 1,machinery_totals_asset_value_usd_per_operation,NA
AG CENSUS AREA,AK,110,Juneau Area,2012,8,"MACHINERY TOTALS - ASSET VALUE, MEASURED IN $ / OPERATION","MACHINERY TOTALS - ASSET VALUE, MEASURED IN $ / OPERATION",TOTAL,NOT SPECIFIED,$ / OPERATION,152175,152175,FALSE,NASS Table 1,machinery_totals_asset_value_usd_per_operation,NA
AG CENSUS AREA,AK,110,Juneau Area,2017,8,"MACHINERY TOTALS - ASSET VALUE, MEASURED IN $ / OPERATION","MACHINERY TOTALS - ASSET VALUE, MEASURED IN $ / OPERATION",TOTAL,NOT SPECIFIED,$ / OPERATION,225293,225293,FALSE,NASS Table 1,machinery_totals_asset_value_usd_per_operation,NA
AG CENSUS AREA,AK,110,Juneau Area,2022,8,"MACHINERY TOTALS - ASSET VALUE, MEASURED IN $ / OPERATION","MACHINERY TOTALS - ASSET VALUE, MEASURED IN $ / OPERATION",TOTAL,NOT SPECIFIED,$ / OPERATION,85359,85359,FALSE,NASS Table 1,machinery_totals_asset_value_usd_per_operation,NA
AG CENSUS AREA,AK,110,Juneau Area,1997,9,FARM OPERATIONS - NUMBER OF OPERATIONS | AREA OPERATED: (1.0 TO 9.9 ACRES),FARM OPERATIONS - NUMBER OF OPERATIONS,AREA OPERATED,AREA OPERATED: (1.0 TO 9.9 ACRES),OPERATIONS,12,12,FALSE,NASS Table 1,farm_operations_number_of_operations_area_operated_1_0_to_9_9_acres,NA
AG CENSUS AREA,AK,110,Juneau Area,2002,9,FARM OPERATIONS - NUMBER OF OPERATIONS | AREA OPERATED: (1.0 TO 9.9 ACRES),FARM OPERATIONS - NUMBER OF OPERATIONS,AREA OPERATED,AREA OPERATED: (1.0 TO 9.9 ACRES),OPERATIONS,22,22,FALSE,NASS Table 1,farm_operations_number_of_operations_area_operated_1_0_to_9_9_acres,NA
AG CENSUS AREA,AK,110,Juneau Area,2007,9,FARM OPERATIONS - NUMBER OF OPERATIONS | AREA OPERATED: (1.0 TO 9.9 ACRES),FARM OPERATIONS - NUMBER OF OPERATIONS,AREA OPERATED,AREA OPERATED: (1.0 TO 9.9 ACRES),OPERATIONS,23,23,FALSE,NASS Table 1,farm_operations_number_of_operations_area_operated_1_0_to_9_9_acres,NA
AG CENSUS AREA,AK,110,Juneau Area,2012,9,FARM OPERATIONS - NUMBER OF OPERATIONS | AREA OPERATED: (1.0 TO 9.9 ACRES),FARM OPERATIONS - NUMBER OF OPERATIONS,AREA OPERATED,AREA OPERATED: (1.0 TO 9.9 ACRES),OPERATIONS,35,35,FALSE,NASS Table 1,farm_operations_number_of_operations_area_operated_1_0_to_9_9_acres,NA
AG CENSUS AREA,AK,110,Juneau Area,2017,9,FARM OPERATIONS - NUMBER OF OPERATIONS | AREA OPERATED: (1.0 TO 9.9 ACRES),FARM OPERATIONS - NUMBER OF OPERATIONS,AREA OPERATED,AREA OPERATED: (1.0 TO 9.9 ACRES),OPERATIONS,48,48,FALSE,NASS Table 1,farm_operations_number_of_operations_area_operated_1_0_to_9_9_acres,NA
AG CENSUS AREA,AK,110,Juneau Area,2022,9,FARM OPERATIONS - NUMBER OF OPERATIONS | AREA OPERATED: (1.0 TO 9.9 ACRES),FARM OPERATIONS - NUMBER OF OPERATIONS,AREA OPERATED,AREA OPERATED: (1.0 TO 9.9 ACRES),OPERATIONS,73,73,FALSE,NASS Table 1,farm_operations_number_of_operations_area_operated_1_0_to_9_9_acres,NA
AG CENSUS AREA,AK,110,Juneau Area,1997,10,FARM OPERATIONS - NUMBER OF OPERATIONS | AREA OPERATED: (10.0 TO 49.9 ACRES),FARM OPERATIONS - NUMBER OF OPERATIONS,AREA OPERATED,AREA OPERATED: (10.0 TO 49.9 ACRES),OPERATIONS,8,8,FALSE,NASS Table 1,farm_operations_number_of_operations_area_operated_10_0_to_49_9_acres,NA
AG CENSUS AREA,AK,110,Juneau Area,2002,10,FARM OPERATIONS - NUMBER OF OPERATIONS | AREA OPERATED: (10.0 TO 49.9 ACRES),FARM OPERATIONS - NUMBER OF OPERATIONS,AREA OPERATED,AREA OPERATED: (10.0 TO 49.9 ACRES),OPERATIONS,13,13,FALSE,NASS Table 1,farm_operations_number_of_operations_area_operated_10_0_to_49_9_acres,NA
AG CENSUS AREA,AK,110,Juneau Area,2007,10,FARM OPERATIONS - NUMBER OF OPERATIONS | AREA OPERATED: (10.0 TO 49.9 ACRES),FARM OPERATIONS - NUMBER OF OPERATIONS,AREA OPERATED,AREA OPERATED: (10.0 TO 49.9 ACRES),OPERATIONS,11,11,FALSE,NASS Table 1,farm_operations_number_of_operations_area_operated_10_0_to_49_9_acres,NA
AG CENSUS AREA,AK,110,Juneau Area,2012,10,FARM OPERATIONS - NUMBER OF OPERATIONS | AREA OPERATED: (10.0 TO 49.9 ACRES),FARM OPERATIONS - NUMBER OF OPERATIONS,AREA OPERATED,AREA OPERATED: (10.0 TO 49.9 ACRES),OPERATIONS,13,13,FALSE,NASS Table 1,farm_operations_number_of_operations_area_operated_10_0_to_49_9_acres,NA
AG CENSUS AREA,AK,110,Juneau Area,2017,10,FARM OPERATIONS - NUMBER OF OPERATIONS | AREA OPERATED: (10.0 TO 49.9 ACRES),FARM OPERATIONS - NUMBER OF OPERATIONS,AREA OPERATED,AREA OPERATED: (10.0 TO 49.9 ACRES),OPERATIONS,10,10,FALSE,NASS Table 1,farm_operations_number_of_operations_area_operated_10_0_to_49_9_acres,NA
AG CENSUS AREA,AK,110,Juneau Area,2022,10,FARM OPERATIONS - NUMBER OF OPERATIONS | AREA OPERATED: (10.0 TO 49.9 ACRES),FARM OPERATIONS - NUMBER OF OPERATIONS,AREA OPERATED,AREA OPERATED: (10.0 TO 49.9 ACRES),OPERATIONS,18,18,FALSE,NASS Table 1,farm_operations_number_of_operations_area_operated_10_0_to_49_9_acres,NA
AG CENSUS AREA,AK,110,Juneau Area,2002,11,FARM OPERATIONS - NUMBER OF OPERATIONS | AREA OPERATED: (50 TO 179 ACRES),FARM OPERATIONS - NUMBER OF OPERATIONS,AREA OPERATED,AREA OPERATED: (50 TO 179 ACRES),OPERATIONS,2,2,FALSE,NASS Table 1,farm_operations_number_of_operations_area_operated_50_to_179_acres,NA
AG CENSUS AREA,AK,110,Juneau Area,2007,11,FARM OPERATIONS - NUMBER OF OPERATIONS | AREA OPERATED: (50 TO 179 ACRES),FARM OPERATIONS - NUMBER OF OPERATIONS,AREA OPERATED,AREA OPERATED: (50 TO 179 ACRES),OPERATIONS,3,3,FALSE,NASS Table 1,farm_operations_number_of_operations_area_operated_50_to_179_acres,NA
AG CENSUS AREA,AK,110,Juneau Area,2012,11,FARM OPERATIONS - NUMBER OF OPERATIONS | AREA OPERATED: (50 TO 179 ACRES),FARM OPERATIONS - NUMBER OF OPERATIONS,AREA OPERATED,AREA OPERATED: (50 TO 179 ACRES),OPERATIONS,4,4,FALSE,NASS Table 1,farm_operations_number_of_operations_area_operated_50_to_179_acres,NA
AG CENSUS AREA,AK,110,Juneau Area,2017,11,FARM OPERATIONS - NUMBER OF OPERATIONS | AREA OPERATED: (50 TO 179 ACRES),FARM OPERATIONS - NUMBER OF OPERATIONS,AREA OPERATED,AREA OPERATED: (50 TO 179 ACRES),OPERATIONS,2,2,FALSE,NASS Table 1,farm_operations_number_of_operations_area_operated_50_to_179_acres,NA
AG CENSUS AREA,AK,110,Juneau Area,2022,11,FARM OPERATIONS - NUMBER OF OPERATIONS | AREA OPERATED: (50 TO 179 ACRES),FARM OPERATIONS - NUMBER OF OPERATIONS,AREA OPERATED,AREA OPERATED: (50 TO 179 ACRES),OPERATIONS,3,3,FALSE,NASS Table 1,farm_operations_number_of_operations_area_operated_50_to_179_acres,NA
AG CENSUS AREA,AK,110,Juneau Area,1997,15,"AG LAND, CROPLAND - NUMBER OF OPERATIONS","AG LAND, CROPLAND - NUMBER OF OPERATIONS",TOTAL,NOT SPECIFIED,OPERATIONS,10,10,FALSE,NASS Table 1,ag_land_cropland_number_of_operations,NA
AG CENSUS AREA,AK,110,Juneau Area,2002,15,"AG LAND, CROPLAND - NUMBER OF OPERATIONS","AG LAND, CROPLAND - NUMBER OF OPERATIONS",TOTAL,NOT SPECIFIED,OPERATIONS,14,14,FALSE,NASS Table 1,ag_land_cropland_number_of_operations,NA
AG CENSUS AREA,AK,110,Juneau Area,2007,15,"AG LAND, CROPLAND - NUMBER OF OPERATIONS","AG LAND, CROPLAND - NUMBER OF OPERATIONS",TOTAL,NOT SPECIFIED,OPERATIONS,12,12,FALSE,NASS Table 1,ag_land_cropland_number_of_operations,NA
AG CENSUS AREA,AK,110,Juneau Area,2012,15,"AG LAND, CROPLAND - NUMBER OF OPERATIONS","AG LAND, CROPLAND - NUMBER OF OPERATIONS",TOTAL,NOT SPECIFIED,OPERATIONS,22,22,FALSE,NASS Table 1,ag_land_cropland_number_of_operations,NA
AG CENSUS AREA,AK,110,Juneau Area,2017,15,"AG LAND, CROPLAND - NUMBER OF OPERATIONS","AG LAND, CROPLAND - NUMBER OF OPERATIONS",TOTAL,NOT SPECIFIED,OPERATIONS,29,29,FALSE,NASS Table 1,ag_land_cropland_number_of_operations,NA
AG CENSUS AREA,AK,110,Juneau Area,2022,15,"AG LAND, CROPLAND - NUMBER OF OPERATIONS","AG LAND, CROPLAND - NUMBER OF OPERATIONS",TOTAL,NOT SPECIFIED,OPERATIONS,57,57,FALSE,NASS Table 1,ag_land_cropland_number_of_operations,NA
AG CENSUS AREA,AK,110,Juneau Area,1997,16,"AG LAND, CROPLAND - ACRES","AG LAND, CROPLAND - ACRES",TOTAL,NOT SPECIFIED,ACRES,NA,NA,FALSE,NASS Table 1,ag_land_cropland_acres,NA
AG CENSUS AREA,AK,110,Juneau Area,2002,16,"AG LAND, CROPLAND - ACRES","AG LAND, CROPLAND - ACRES",TOTAL,NOT SPECIFIED,ACRES,53,53,FALSE,NASS Table 1,ag_land_cropland_acres,NA
AG CENSUS AREA,AK,110,Juneau Area,2007,16,"AG LAND, CROPLAND - ACRES","AG LAND, CROPLAND - ACRES",TOTAL,NOT SPECIFIED,ACRES,41,41,FALSE,NASS Table 1,ag_land_cropland_acres,NA
AG CENSUS AREA,AK,110,Juneau Area,2012,16,"AG LAND, CROPLAND - ACRES","AG LAND, CROPLAND - ACRES",TOTAL,NOT SPECIFIED,ACRES,79,79,FALSE,NASS Table 1,ag_land_cropland_acres,NA
AG CENSUS AREA,AK,110,Juneau Area,2017,16,"AG LAND, CROPLAND - ACRES","AG LAND, CROPLAND - ACRES",TOTAL,NOT SPECIFIED,ACRES,51,51,FALSE,NASS Table 1,ag_land_cropland_acres,NA
AG CENSUS AREA,AK,110,Juneau Area,2022,16,"AG LAND, CROPLAND - ACRES","AG LAND, CROPLAND - ACRES",TOTAL,NOT SPECIFIED,ACRES,92,92,FALSE,NASS Table 1,ag_land_cropland_acres,NA
AG CENSUS AREA,AK,110,Juneau Area,1997,17,"AG LAND, CROPLAND, HARVESTED - NUMBER OF OPERATIONS","AG LAND, CROPLAND, HARVESTED - NUMBER OF OPERATIONS",TOTAL,NOT SPECIFIED,OPERATIONS,8,8,FALSE,NASS Table 1,ag_land_cropland_harvested_number_of_operations,NA
AG CENSUS AREA,AK,110,Juneau Area,2002,17,"AG LAND, CROPLAND, HARVESTED - NUMBER OF OPERATIONS","AG LAND, CROPLAND, HARVESTED - NUMBER OF OPERATIONS",TOTAL,NOT SPECIFIED,OPERATIONS,13,13,FALSE,NASS Table 1,ag_land_cropland_harvested_number_of_operations,NA
AG CENSUS AREA,AK,110,Juneau Area,2007,17,"AG LAND, CROPLAND, HARVESTED - NUMBER OF OPERATIONS","AG LAND, CROPLAND, HARVESTED - NUMBER OF OPERATIONS",TOTAL,NOT SPECIFIED,OPERATIONS,10,10,FALSE,NASS Table 1,ag_land_cropland_harvested_number_of_operations,NA
AG CENSUS AREA,AK,110,Juneau Area,2012,17,"AG LAND, CROPLAND, HARVESTED - NUMBER OF OPERATIONS","AG LAND, CROPLAND, HARVESTED - NUMBER OF OPERATIONS",TOTAL,NOT SPECIFIED,OPERATIONS,22,22,FALSE,NASS Table 1,ag_land_cropland_harvested_number_of_operations,NA
AG CENSUS AREA,AK,110,Juneau Area,2017,17,"AG LAND, CROPLAND, HARVESTED - NUMBER OF OPERATIONS","AG LAND, CROPLAND, HARVESTED - NUMBER OF OPERATIONS",TOTAL,NOT SPECIFIED,OPERATIONS,27,27,FALSE,NASS Table 1,ag_land_cropland_harvested_number_of_operations,NA
AG CENSUS AREA,AK,110,Juneau Area,2022,17,"AG LAND, CROPLAND, HARVESTED - NUMBER OF OPERATIONS","AG LAND, CROPLAND, HARVESTED - NUMBER OF OPERATIONS",TOTAL,NOT SPECIFIED,OPERATIONS,55,55,FALSE,NASS Table 1,ag_land_cropland_harvested_number_of_operations,NA
AG CENSUS AREA,AK,110,Juneau Area,1997,18,"AG LAND, CROPLAND, HARVESTED - ACRES","AG LAND, CROPLAND, HARVESTED - ACRES",TOTAL,NOT SPECIFIED,ACRES,NA,NA,FALSE,NASS Table 1,ag_land_cropland_harvested_acres,NA
AG CENSUS AREA,AK,110,Juneau Area,2002,18,"AG LAND, CROPLAND, HARVESTED - ACRES","AG LAND, CROPLAND, HARVESTED - ACRES",TOTAL,NOT SPECIFIED,ACRES,NA,NA,FALSE,NASS Table 1,ag_land_cropland_harvested_acres,NA
AG CENSUS AREA,AK,110,Juneau Area,2007,18,"AG LAND, CROPLAND, HARVESTED - ACRES","AG LAND, CROPLAND, HARVESTED - ACRES",TOTAL,NOT SPECIFIED,ACRES,NA,NA,FALSE,NASS Table 1,ag_land_cropland_harvested_acres,NA
AG CENSUS AREA,AK,110,Juneau Area,2012,18,"AG LAND, CROPLAND, HARVESTED - ACRES","AG LAND, CROPLAND, HARVESTED - ACRES",TOTAL,NOT SPECIFIED,ACRES,NA,NA,FALSE,NASS Table 1,ag_land_cropland_harvested_acres,NA
AG CENSUS AREA,AK,110,Juneau Area,2017,18,"AG LAND, CROPLAND, HARVESTED - ACRES","AG LAND, CROPLAND, HARVESTED - ACRES",TOTAL,NOT SPECIFIED,ACRES,NA,NA,FALSE,NASS Table 1,ag_land_cropland_harvested_acres,NA
AG CENSUS AREA,AK,110,Juneau Area,2022,18,"AG LAND, CROPLAND, HARVESTED - ACRES","AG LAND, CROPLAND, HARVESTED - ACRES",TOTAL,NOT SPECIFIED,ACRES,NA,NA,FALSE,NASS Table 1,ag_land_cropland_harvested_acres,NA
AG CENSUS AREA,AK,110,Juneau Area,2002,19,"AG LAND, IRRIGATED - NUMBER OF OPERATIONS","AG LAND, IRRIGATED - NUMBER OF OPERATIONS",TOTAL,NOT SPECIFIED,OPERATIONS,12,12,FALSE,NASS Table 1,ag_land_irrigated_number_of_operations,NA
AG CENSUS AREA,AK,110,Juneau Area,2007,19,"AG LAND, IRRIGATED - NUMBER OF OPERATIONS","AG LAND, IRRIGATED - NUMBER OF OPERATIONS",TOTAL,NOT SPECIFIED,OPERATIONS,10,10,FALSE,NASS Table 1,ag_land_irrigated_number_of_operations,NA
AG CENSUS AREA,AK,110,Juneau Area,2012,19,"AG LAND, IRRIGATED - NUMBER OF OPERATIONS","AG LAND, IRRIGATED - NUMBER OF OPERATIONS",TOTAL,NOT SPECIFIED,OPERATIONS,18,18,FALSE,NASS Table 1,ag_land_irrigated_number_of_operations,NA
AG CENSUS AREA,AK,110,Juneau Area,2017,19,"AG LAND, IRRIGATED - NUMBER OF OPERATIONS","AG LAND, IRRIGATED - NUMBER OF OPERATIONS",TOTAL,NOT SPECIFIED,OPERATIONS,20,20,FALSE,NASS Table 1,ag_land_irrigated_number_of_operations,NA
AG CENSUS AREA,AK,110,Juneau Area,2022,19,"AG LAND, IRRIGATED - NUMBER OF OPERATIONS","AG LAND, IRRIGATED - NUMBER OF OPERATIONS",TOTAL,NOT SPECIFIED,OPERATIONS,42,42,FALSE,NASS Table 1,ag_land_irrigated_number_of_operations,NA
AG CENSUS AREA,AK,110,Juneau Area,1997,20,"AG LAND, IRRIGATED - ACRES","AG LAND, IRRIGATED - ACRES",TOTAL,NOT SPECIFIED,ACRES,NA,NA,FALSE,NASS Table 1,ag_land_irrigated_acres,NA
AG CENSUS AREA,AK,110,Juneau Area,2002,20,"AG LAND, IRRIGATED - ACRES","AG LAND, IRRIGATED - ACRES",TOTAL,NOT SPECIFIED,ACRES,13,13,FALSE,NASS Table 1,ag_land_irrigated_acres,NA
AG CENSUS AREA,AK,110,Juneau Area,2007,20,"AG LAND, IRRIGATED - ACRES","AG LAND, IRRIGATED - ACRES",TOTAL,NOT SPECIFIED,ACRES,12,12,FALSE,NASS Table 1,ag_land_irrigated_acres,NA
AG CENSUS AREA,AK,110,Juneau Area,2012,20,"AG LAND, IRRIGATED - ACRES","AG LAND, IRRIGATED - ACRES",TOTAL,NOT SPECIFIED,ACRES,21,21,FALSE,NASS Table 1,ag_land_irrigated_acres,NA
AG CENSUS AREA,AK,110,Juneau Area,2017,20,"AG LAND, IRRIGATED - ACRES","AG LAND, IRRIGATED - ACRES",TOTAL,NOT SPECIFIED,ACRES,20,20,FALSE,NASS Table 1,ag_land_irrigated_acres,NA
AG CENSUS AREA,AK,110,Juneau Area,2022,20,"AG LAND, IRRIGATED - ACRES","AG LAND, IRRIGATED - ACRES",TOTAL,NOT SPECIFIED,ACRES,42,42,FALSE,NASS Table 1,ag_land_irrigated_acres,NA
AG CENSUS AREA,AK,110,Juneau Area,1997,21,"COMMODITY TOTALS - SALES, MEASURED IN $","COMMODITY TOTALS - SALES, MEASURED IN $",TOTAL,NOT SPECIFIED,$,366000,366000,FALSE,NASS Table 1,commodity_totals_sales_usd,NA
AG CENSUS AREA,AK,110,Juneau Area,2002,21,"COMMODITY TOTALS - SALES, MEASURED IN $","COMMODITY TOTALS - SALES, MEASURED IN $",TOTAL,NOT SPECIFIED,$,10962000,10962000,FALSE,NASS Table 1,commodity_totals_sales_usd,NA
AG CENSUS AREA,AK,110,Juneau Area,2007,21,"COMMODITY TOTALS - SALES, MEASURED IN $","COMMODITY TOTALS - SALES, MEASURED IN $",TOTAL,NOT SPECIFIED,$,11770000,11770000,FALSE,NASS Table 1,commodity_totals_sales_usd,NA
AG CENSUS AREA,AK,110,Juneau Area,2012,21,"COMMODITY TOTALS - SALES, MEASURED IN $","COMMODITY TOTALS - SALES, MEASURED IN $",TOTAL,NOT SPECIFIED,$,12412000,12412000,FALSE,NASS Table 1,commodity_totals_sales_usd,NA
AG CENSUS AREA,AK,110,Juneau Area,2017,21,"COMMODITY TOTALS - SALES, MEASURED IN $","COMMODITY TOTALS - SALES, MEASURED IN $",TOTAL,NOT SPECIFIED,$,14129000,14129000,FALSE,NASS Table 1,commodity_totals_sales_usd,NA
AG CENSUS AREA,AK,110,Juneau Area,2022,21,"COMMODITY TOTALS - SALES, MEASURED IN $","COMMODITY TOTALS - SALES, MEASURED IN $",TOTAL,NOT SPECIFIED,$,18705000,18705000,FALSE,NASS Table 1,commodity_totals_sales_usd,NA
AG CENSUS AREA,AK,110,Juneau Area,1997,22,"COMMODITY TOTALS - SALES, MEASURED IN $ / OPERATION","COMMODITY TOTALS - SALES, MEASURED IN $ / OPERATION",TOTAL,NOT SPECIFIED,$ / OPERATION,16634,16634,FALSE,NASS Table 1,commodity_totals_sales_usd_per_operation,NA
AG CENSUS AREA,AK,110,Juneau Area,2002,22,"COMMODITY TOTALS - SALES, MEASURED IN $ / OPERATION","COMMODITY TOTALS - SALES, MEASURED IN $ / OPERATION",TOTAL,NOT SPECIFIED,$ / OPERATION,296270,296270,FALSE,NASS Table 1,commodity_totals_sales_usd_per_operation,NA
AG CENSUS AREA,AK,110,Juneau Area,2007,22,"COMMODITY TOTALS - SALES, MEASURED IN $ / OPERATION","COMMODITY TOTALS - SALES, MEASURED IN $ / OPERATION",TOTAL,NOT SPECIFIED,$ / OPERATION,318120,318120,FALSE,NASS Table 1,commodity_totals_sales_usd_per_operation,NA
AG CENSUS AREA,AK,110,Juneau Area,2012,22,"COMMODITY TOTALS - SALES, MEASURED IN $ / OPERATION","COMMODITY TOTALS - SALES, MEASURED IN $ / OPERATION",TOTAL,NOT SPECIFIED,$ / OPERATION,238687,238687,FALSE,NASS Table 1,commodity_totals_sales_usd_per_operation,NA
AG CENSUS AREA,AK,110,Juneau Area,2017,22,"COMMODITY TOTALS - SALES, MEASURED IN $ / OPERATION","COMMODITY TOTALS - SALES, MEASURED IN $ / OPERATION",TOTAL,NOT SPECIFIED,$ / OPERATION,235489,235489,FALSE,NASS Table 1,commodity_totals_sales_usd_per_operation,NA
AG CENSUS AREA,AK,110,Juneau Area,2022,22,"COMMODITY TOTALS - SALES, MEASURED IN $ / OPERATION","COMMODITY TOTALS - SALES, MEASURED IN $ / OPERATION",TOTAL,NOT SPECIFIED,$ / OPERATION,198988,198988,FALSE,NASS Table 1,commodity_totals_sales_usd_per_operation,NA
AG CENSUS AREA,AK,110,Juneau Area,1997,23,"CROP TOTALS - SALES, MEASURED IN $","CROP TOTALS - SALES, MEASURED IN $",TOTAL,NOT SPECIFIED,$,NA,NA,FALSE,NASS Table 1,crop_totals_sales_usd,NA
AG CENSUS AREA,AK,110,Juneau Area,2002,23,"CROP TOTALS - SALES, MEASURED IN $","CROP TOTALS - SALES, MEASURED IN $",TOTAL,NOT SPECIFIED,$,588000,588000,FALSE,NASS Table 1,crop_totals_sales_usd,NA
AG CENSUS AREA,AK,110,Juneau Area,2007,23,"CROP TOTALS - SALES, MEASURED IN $","CROP TOTALS - SALES, MEASURED IN $",TOTAL,NOT SPECIFIED,$,908000,908000,FALSE,NASS Table 1,crop_totals_sales_usd,NA
AG CENSUS AREA,AK,110,Juneau Area,2012,23,"CROP TOTALS - SALES, MEASURED IN $","CROP TOTALS - SALES, MEASURED IN $",TOTAL,NOT SPECIFIED,$,917000,917000,FALSE,NASS Table 1,crop_totals_sales_usd,NA
AG CENSUS AREA,AK,110,Juneau Area,2017,23,"CROP TOTALS - SALES, MEASURED IN $","CROP TOTALS - SALES, MEASURED IN $",TOTAL,NOT SPECIFIED,$,923000,923000,FALSE,NASS Table 1,crop_totals_sales_usd,NA
AG CENSUS AREA,AK,110,Juneau Area,2022,23,"CROP TOTALS - SALES, MEASURED IN $","CROP TOTALS - SALES, MEASURED IN $",TOTAL,NOT SPECIFIED,$,1145000,1145000,FALSE,NASS Table 1,crop_totals_sales_usd,NA
AG CENSUS AREA,AK,110,Juneau Area,1997,24,"ANIMAL TOTALS, INCL PRODUCTS - SALES, MEASURED IN $","ANIMAL TOTALS, INCL PRODUCTS - SALES, MEASURED IN $",TOTAL,NOT SPECIFIED,$,NA,NA,FALSE,NASS Table 1,animal_totals_incl_products_sales_usd,NA
AG CENSUS AREA,AK,110,Juneau Area,2002,24,"ANIMAL TOTALS, INCL PRODUCTS - SALES, MEASURED IN $","ANIMAL TOTALS, INCL PRODUCTS - SALES, MEASURED IN $",TOTAL,NOT SPECIFIED,$,10374000,10374000,FALSE,NASS Table 1,animal_totals_incl_products_sales_usd,NA
AG CENSUS AREA,AK,110,Juneau Area,2007,24,"ANIMAL TOTALS, INCL PRODUCTS - SALES, MEASURED IN $","ANIMAL TOTALS, INCL PRODUCTS - SALES, MEASURED IN $",TOTAL,NOT SPECIFIED,$,10863000,10863000,FALSE,NASS Table 1,animal_totals_incl_products_sales_usd,NA
AG CENSUS AREA,AK,110,Juneau Area,2012,24,"ANIMAL TOTALS, INCL PRODUCTS - SALES, MEASURED IN $","ANIMAL TOTALS, INCL PRODUCTS - SALES, MEASURED IN $",TOTAL,NOT SPECIFIED,$,11494000,11494000,FALSE,NASS Table 1,animal_totals_incl_products_sales_usd,NA
AG CENSUS AREA,AK,110,Juneau Area,2017,24,"ANIMAL TOTALS, INCL PRODUCTS - SALES, MEASURED IN $","ANIMAL TOTALS, INCL PRODUCTS - SALES, MEASURED IN $",TOTAL,NOT SPECIFIED,$,13206000,13206000,FALSE,NASS Table 1,animal_totals_incl_products_sales_usd,NA
AG CENSUS AREA,AK,110,Juneau Area,2022,24,"ANIMAL TOTALS, INCL PRODUCTS - SALES, MEASURED IN $","ANIMAL TOTALS, INCL PRODUCTS - SALES, MEASURED IN $",TOTAL,NOT SPECIFIED,$,17560000,17560000,FALSE,NASS Table 1,animal_totals_incl_products_sales_usd,NA
AG CENSUS AREA,AK,110,Juneau Area,2002,25,"COMMODITY TOTALS - OPERATIONS WITH SALES | FARM SALES: (LESS THAN 2,500 $)",COMMODITY TOTALS - OPERATIONS WITH SALES,FARM SALES,"FARM SALES: (LESS THAN 2,500 $)",OPERATIONS,6,6,FALSE,NASS Table 1,commodity_totals_operations_with_sales_farm_sales_less_than_2_500_usd,NA
AG CENSUS AREA,AK,110,Juneau Area,2007,25,"COMMODITY TOTALS - OPERATIONS WITH SALES | FARM SALES: (LESS THAN 2,500 $)",COMMODITY TOTALS - OPERATIONS WITH SALES,FARM SALES,"FARM SALES: (LESS THAN 2,500 $)",OPERATIONS,7,7,FALSE,NASS Table 1,commodity_totals_operations_with_sales_farm_sales_less_than_2_500_usd,NA
AG CENSUS AREA,AK,110,Juneau Area,2012,25,"COMMODITY TOTALS - OPERATIONS WITH SALES | FARM SALES: (LESS THAN 2,500 $)",COMMODITY TOTALS - OPERATIONS WITH SALES,FARM SALES,"FARM SALES: (LESS THAN 2,500 $)",OPERATIONS,11,11,FALSE,NASS Table 1,commodity_totals_operations_with_sales_farm_sales_less_than_2_500_usd,NA
AG CENSUS AREA,AK,110,Juneau Area,2017,25,"COMMODITY TOTALS - OPERATIONS WITH SALES | FARM SALES: (LESS THAN 2,500 $)",COMMODITY TOTALS - OPERATIONS WITH SALES,FARM SALES,"FARM SALES: (LESS THAN 2,500 $)",OPERATIONS,10,10,FALSE,NASS Table 1,commodity_totals_operations_with_sales_farm_sales_less_than_2_500_usd,NA
AG CENSUS AREA,AK,110,Juneau Area,2022,25,"COMMODITY TOTALS - OPERATIONS WITH SALES | FARM SALES: (LESS THAN 2,500 $)",COMMODITY TOTALS - OPERATIONS WITH SALES,FARM SALES,"FARM SALES: (LESS THAN 2,500 $)",OPERATIONS,14,14,FALSE,NASS Table 1,commodity_totals_operations_with_sales_farm_sales_less_than_2_500_usd,NA
AG CENSUS AREA,AK,110,Juneau Area,1997,26,"COMMODITY TOTALS - OPERATIONS WITH SALES | FARM SALES: (2,500 TO 4,999 $)",COMMODITY TOTALS - OPERATIONS WITH SALES,FARM SALES,"FARM SALES: (2,500 TO 4,999 $)",OPERATIONS,5,5,FALSE,NASS Table 1,commodity_totals_operations_with_sales_farm_sales_2_500_to_4_999_usd,NA
AG CENSUS AREA,AK,110,Juneau Area,2002,26,"COMMODITY TOTALS - OPERATIONS WITH SALES | FARM SALES: (2,500 TO 4,999 $)",COMMODITY TOTALS - OPERATIONS WITH SALES,FARM SALES,"FARM SALES: (2,500 TO 4,999 $)",OPERATIONS,5,5,FALSE,NASS Table 1,commodity_totals_operations_with_sales_farm_sales_2_500_to_4_999_usd,NA
AG CENSUS AREA,AK,110,Juneau Area,2007,26,"COMMODITY TOTALS - OPERATIONS WITH SALES | FARM SALES: (2,500 TO 4,999 $)",COMMODITY TOTALS - OPERATIONS WITH SALES,FARM SALES,"FARM SALES: (2,500 TO 4,999 $)",OPERATIONS,3,3,FALSE,NASS Table 1,commodity_totals_operations_with_sales_farm_sales_2_500_to_4_999_usd,NA
AG CENSUS AREA,AK,110,Juneau Area,2012,26,"COMMODITY TOTALS - OPERATIONS WITH SALES | FARM SALES: (2,500 TO 4,999 $)",COMMODITY TOTALS - OPERATIONS WITH SALES,FARM SALES,"FARM SALES: (2,500 TO 4,999 $)",OPERATIONS,9,9,FALSE,NASS Table 1,commodity_totals_operations_with_sales_farm_sales_2_500_to_4_999_usd,NA
AG CENSUS AREA,AK,110,Juneau Area,2017,26,"COMMODITY TOTALS - OPERATIONS WITH SALES | FARM SALES: (2,500 TO 4,999 $)",COMMODITY TOTALS - OPERATIONS WITH SALES,FARM SALES,"FARM SALES: (2,500 TO 4,999 $)",OPERATIONS,7,7,FALSE,NASS Table 1,commodity_totals_operations_with_sales_farm_sales_2_500_to_4_999_usd,NA
AG CENSUS AREA,AK,110,Juneau Area,2022,26,"COMMODITY TOTALS - OPERATIONS WITH SALES | FARM SALES: (2,500 TO 4,999 $)",COMMODITY TOTALS - OPERATIONS WITH SALES,FARM SALES,"FARM SALES: (2,500 TO 4,999 $)",OPERATIONS,18,18,FALSE,NASS Table 1,commodity_totals_operations_with_sales_farm_sales_2_500_to_4_999_usd,NA
AG CENSUS AREA,AK,110,Juneau Area,1997,27,"COMMODITY TOTALS - OPERATIONS WITH SALES | FARM SALES: (5,000 TO 9,999 $)",COMMODITY TOTALS - OPERATIONS WITH SALES,FARM SALES,"FARM SALES: (5,000 TO 9,999 $)",OPERATIONS,3,3,FALSE,NASS Table 1,commodity_totals_operations_with_sales_farm_sales_5_000_to_9_999_usd,NA
AG CENSUS AREA,AK,110,Juneau Area,2002,27,"COMMODITY TOTALS - OPERATIONS WITH SALES | FARM SALES: (5,000 TO 9,999 $)",COMMODITY TOTALS - OPERATIONS WITH SALES,FARM SALES,"FARM SALES: (5,000 TO 9,999 $)",OPERATIONS,2,2,FALSE,NASS Table 1,commodity_totals_operations_with_sales_farm_sales_5_000_to_9_999_usd,NA
AG CENSUS AREA,AK,110,Juneau Area,2007,27,"COMMODITY TOTALS - OPERATIONS WITH SALES | FARM SALES: (5,000 TO 9,999 $)",COMMODITY TOTALS - OPERATIONS WITH SALES,FARM SALES,"FARM SALES: (5,000 TO 9,999 $)",OPERATIONS,1,1,FALSE,NASS Table 1,commodity_totals_operations_with_sales_farm_sales_5_000_to_9_999_usd,NA
AG CENSUS AREA,AK,110,Juneau Area,2012,27,"COMMODITY TOTALS - OPERATIONS WITH SALES | FARM SALES: (5,000 TO 9,999 $)",COMMODITY TOTALS - OPERATIONS WITH SALES,FARM SALES,"FARM SALES: (5,000 TO 9,999 $)",OPERATIONS,5,5,FALSE,NASS Table 1,commodity_totals_operations_with_sales_farm_sales_5_000_to_9_999_usd,NA
AG CENSUS AREA,AK,110,Juneau Area,2017,27,"COMMODITY TOTALS - OPERATIONS WITH SALES | FARM SALES: (5,000 TO 9,999 $)",COMMODITY TOTALS - OPERATIONS WITH SALES,FARM SALES,"FARM SALES: (5,000 TO 9,999 $)",OPERATIONS,8,8,FALSE,NASS Table 1,commodity_totals_operations_with_sales_farm_sales_5_000_to_9_999_usd,NA
AG CENSUS AREA,AK,110,Juneau Area,2022,27,"COMMODITY TOTALS - OPERATIONS WITH SALES | FARM SALES: (5,000 TO 9,999 $)",COMMODITY TOTALS - OPERATIONS WITH SALES,FARM SALES,"FARM SALES: (5,000 TO 9,999 $)",OPERATIONS,17,17,FALSE,NASS Table 1,commodity_totals_operations_with_sales_farm_sales_5_000_to_9_999_usd,NA
AG CENSUS AREA,AK,110,Juneau Area,2002,28,"COMMODITY TOTALS - OPERATIONS WITH SALES | FARM SALES: (10,000 TO 24,999 $)",COMMODITY TOTALS - OPERATIONS WITH SALES,FARM SALES,"FARM SALES: (10,000 TO 24,999 $)",OPERATIONS,4,4,FALSE,NASS Table 1,commodity_totals_operations_with_sales_farm_sales_10_000_to_24_999_usd,NA
AG CENSUS AREA,AK,110,Juneau Area,2012,28,"COMMODITY TOTALS - OPERATIONS WITH SALES | FARM SALES: (10,000 TO 24,999 $)",COMMODITY TOTALS - OPERATIONS WITH SALES,FARM SALES,"FARM SALES: (10,000 TO 24,999 $)",OPERATIONS,8,8,FALSE,NASS Table 1,commodity_totals_operations_with_sales_farm_sales_10_000_to_24_999_usd,NA
AG CENSUS AREA,AK,110,Juneau Area,2017,28,"COMMODITY TOTALS - OPERATIONS WITH SALES | FARM SALES: (10,000 TO 24,999 $)",COMMODITY TOTALS - OPERATIONS WITH SALES,FARM SALES,"FARM SALES: (10,000 TO 24,999 $)",OPERATIONS,13,13,FALSE,NASS Table 1,commodity_totals_operations_with_sales_farm_sales_10_000_to_24_999_usd,NA
AG CENSUS AREA,AK,110,Juneau Area,2022,28,"COMMODITY TOTALS - OPERATIONS WITH SALES | FARM SALES: (10,000 TO 24,999 $)",COMMODITY TOTALS - OPERATIONS WITH SALES,FARM SALES,"FARM SALES: (10,000 TO 24,999 $)",OPERATIONS,14,14,FALSE,NASS Table 1,commodity_totals_operations_with_sales_farm_sales_10_000_to_24_999_usd,NA
AG CENSUS AREA,AK,110,Juneau Area,2002,29,"COMMODITY TOTALS - OPERATIONS WITH SALES | FARM SALES: (25,000 TO 49,999 $)",COMMODITY TOTALS - OPERATIONS WITH SALES,FARM SALES,"FARM SALES: (25,000 TO 49,999 $)",OPERATIONS,7,7,FALSE,NASS Table 1,commodity_totals_operations_with_sales_farm_sales_25_000_to_49_999_usd,NA
AG CENSUS AREA,AK,110,Juneau Area,2007,29,"COMMODITY TOTALS - OPERATIONS WITH SALES | FARM SALES: (25,000 TO 49,999 $)",COMMODITY TOTALS - OPERATIONS WITH SALES,FARM SALES,"FARM SALES: (25,000 TO 49,999 $)",OPERATIONS,6,6,FALSE,NASS Table 1,commodity_totals_operations_with_sales_farm_sales_25_000_to_49_999_usd,NA
AG CENSUS AREA,AK,110,Juneau Area,2012,29,"COMMODITY TOTALS - OPERATIONS WITH SALES | FARM SALES: (25,000 TO 49,999 $)",COMMODITY TOTALS - OPERATIONS WITH SALES,FARM SALES,"FARM SALES: (25,000 TO 49,999 $)",OPERATIONS,3,3,FALSE,NASS Table 1,commodity_totals_operations_with_sales_farm_sales_25_000_to_49_999_usd,NA
AG CENSUS AREA,AK,110,Juneau Area,2017,29,"COMMODITY TOTALS - OPERATIONS WITH SALES | FARM SALES: (25,000 TO 49,999 $)",COMMODITY TOTALS - OPERATIONS WITH SALES,FARM SALES,"FARM SALES: (25,000 TO 49,999 $)",OPERATIONS,3,3,FALSE,NASS Table 1,commodity_totals_operations_with_sales_farm_sales_25_000_to_49_999_usd,NA
AG CENSUS AREA,AK,110,Juneau Area,2022,29,"COMMODITY TOTALS - OPERATIONS WITH SALES | FARM SALES: (25,000 TO 49,999 $)",COMMODITY TOTALS - OPERATIONS WITH SALES,FARM SALES,"FARM SALES: (25,000 TO 49,999 $)",OPERATIONS,9,9,FALSE,NASS Table 1,commodity_totals_operations_with_sales_farm_sales_25_000_to_49_999_usd,NA
AG CENSUS AREA,AK,110,Juneau Area,2002,30,"COMMODITY TOTALS - OPERATIONS WITH SALES | FARM SALES: (50,000 TO 99,999 $)",COMMODITY TOTALS - OPERATIONS WITH SALES,FARM SALES,"FARM SALES: (50,000 TO 99,999 $)",OPERATIONS,2,2,FALSE,NASS Table 1,commodity_totals_operations_with_sales_farm_sales_50_000_to_99_999_usd,NA
AG CENSUS AREA,AK,110,Juneau Area,2007,30,"COMMODITY TOTALS - OPERATIONS WITH SALES | FARM SALES: (50,000 TO 99,999 $)",COMMODITY TOTALS - OPERATIONS WITH SALES,FARM SALES,"FARM SALES: (50,000 TO 99,999 $)",OPERATIONS,7,7,FALSE,NASS Table 1,commodity_totals_operations_with_sales_farm_sales_50_000_to_99_999_usd,NA
AG CENSUS AREA,AK,110,Juneau Area,2012,30,"COMMODITY TOTALS - OPERATIONS WITH SALES | FARM SALES: (50,000 TO 99,999 $)",COMMODITY TOTALS - OPERATIONS WITH SALES,FARM SALES,"FARM SALES: (50,000 TO 99,999 $)",OPERATIONS,4,4,FALSE,NASS Table 1,commodity_totals_operations_with_sales_farm_sales_50_000_to_99_999_usd,NA
AG CENSUS AREA,AK,110,Juneau Area,2017,30,"COMMODITY TOTALS - OPERATIONS WITH SALES | FARM SALES: (50,000 TO 99,999 $)",COMMODITY TOTALS - OPERATIONS WITH SALES,FARM SALES,"FARM SALES: (50,000 TO 99,999 $)",OPERATIONS,8,8,FALSE,NASS Table 1,commodity_totals_operations_with_sales_farm_sales_50_000_to_99_999_usd,NA
AG CENSUS AREA,AK,110,Juneau Area,2022,30,"COMMODITY TOTALS - OPERATIONS WITH SALES | FARM SALES: (50,000 TO 99,999 $)",COMMODITY TOTALS - OPERATIONS WITH SALES,FARM SALES,"FARM SALES: (50,000 TO 99,999 $)",OPERATIONS,4,4,FALSE,NASS Table 1,commodity_totals_operations_with_sales_farm_sales_50_000_to_99_999_usd,NA
AG CENSUS AREA,AK,110,Juneau Area,2002,31,"COMMODITY TOTALS - OPERATIONS WITH SALES | FARM SALES: (100,000 OR MORE $)",COMMODITY TOTALS - OPERATIONS WITH SALES,FARM SALES,"FARM SALES: (100,000 OR MORE $)",OPERATIONS,11,11,FALSE,NASS Table 1,commodity_totals_operations_with_sales_farm_sales_100_000_or_more_usd,NA
AG CENSUS AREA,AK,110,Juneau Area,2007,31,"COMMODITY TOTALS - OPERATIONS WITH SALES | FARM SALES: (100,000 OR MORE $)",COMMODITY TOTALS - OPERATIONS WITH SALES,FARM SALES,"FARM SALES: (100,000 OR MORE $)",OPERATIONS,13,13,FALSE,NASS Table 1,commodity_totals_operations_with_sales_farm_sales_100_000_or_more_usd,NA
AG CENSUS AREA,AK,110,Juneau Area,2012,31,"COMMODITY TOTALS - OPERATIONS WITH SALES | FARM SALES: (100,000 OR MORE $)",COMMODITY TOTALS - OPERATIONS WITH SALES,FARM SALES,"FARM SALES: (100,000 OR MORE $)",OPERATIONS,12,12,FALSE,NASS Table 1,commodity_totals_operations_with_sales_farm_sales_100_000_or_more_usd,NA
AG CENSUS AREA,AK,110,Juneau Area,2017,31,"COMMODITY TOTALS - OPERATIONS WITH SALES | FARM SALES: (100,000 OR MORE $)",COMMODITY TOTALS - OPERATIONS WITH SALES,FARM SALES,"FARM SALES: (100,000 OR MORE $)",OPERATIONS,11,11,FALSE,NASS Table 1,commodity_totals_operations_with_sales_farm_sales_100_000_or_more_usd,NA
AG CENSUS AREA,AK,110,Juneau Area,2022,31,"COMMODITY TOTALS - OPERATIONS WITH SALES | FARM SALES: (100,000 OR MORE $)",COMMODITY TOTALS - OPERATIONS WITH SALES,FARM SALES,"FARM SALES: (100,000 OR MORE $)",OPERATIONS,18,18,FALSE,NASS Table 1,commodity_totals_operations_with_sales_farm_sales_100_000_or_more_usd,NA
AG CENSUS AREA,AK,110,Juneau Area,1997,32,"GOVT PROGRAMS, FEDERAL - OPERATIONS WITH RECEIPTS","GOVT PROGRAMS, FEDERAL - OPERATIONS WITH RECEIPTS",TOTAL,NOT SPECIFIED,OPERATIONS,2,2,FALSE,NASS Table 1,govt_programs_federal_operations_with_receipts,NA
AG CENSUS AREA,AK,110,Juneau Area,2012,32,"GOVT PROGRAMS, FEDERAL - OPERATIONS WITH RECEIPTS","GOVT PROGRAMS, FEDERAL - OPERATIONS WITH RECEIPTS",TOTAL,NOT SPECIFIED,OPERATIONS,7,7,FALSE,NASS Table 1,govt_programs_federal_operations_with_receipts,NA
AG CENSUS AREA,AK,110,Juneau Area,2017,32,"GOVT PROGRAMS, FEDERAL - OPERATIONS WITH RECEIPTS","GOVT PROGRAMS, FEDERAL - OPERATIONS WITH RECEIPTS",TOTAL,NOT SPECIFIED,OPERATIONS,7,7,FALSE,NASS Table 1,govt_programs_federal_operations_with_receipts,NA
AG CENSUS AREA,AK,110,Juneau Area,2022,32,"GOVT PROGRAMS, FEDERAL - OPERATIONS WITH RECEIPTS","GOVT PROGRAMS, FEDERAL - OPERATIONS WITH RECEIPTS",TOTAL,NOT SPECIFIED,OPERATIONS,8,8,FALSE,NASS Table 1,govt_programs_federal_operations_with_receipts,NA
AG CENSUS AREA,AK,110,Juneau Area,1997,33,"GOVT PROGRAMS, FEDERAL - RECEIPTS, MEASURED IN $","GOVT PROGRAMS, FEDERAL - RECEIPTS, MEASURED IN $",TOTAL,NOT SPECIFIED,$,NA,NA,FALSE,NASS Table 1,govt_programs_federal_receipts_usd,NA
AG CENSUS AREA,AK,110,Juneau Area,2012,33,"GOVT PROGRAMS, FEDERAL - RECEIPTS, MEASURED IN $","GOVT PROGRAMS, FEDERAL - RECEIPTS, MEASURED IN $",TOTAL,NOT SPECIFIED,$,25000,25000,FALSE,NASS Table 1,govt_programs_federal_receipts_usd,NA
AG CENSUS AREA,AK,110,Juneau Area,2017,33,"GOVT PROGRAMS, FEDERAL - RECEIPTS, MEASURED IN $","GOVT PROGRAMS, FEDERAL - RECEIPTS, MEASURED IN $",TOTAL,NOT SPECIFIED,$,11000,11000,FALSE,NASS Table 1,govt_programs_federal_receipts_usd,NA
AG CENSUS AREA,AK,110,Juneau Area,2022,33,"GOVT PROGRAMS, FEDERAL - RECEIPTS, MEASURED IN $","GOVT PROGRAMS, FEDERAL - RECEIPTS, MEASURED IN $",TOTAL,NOT SPECIFIED,$,13000,13000,FALSE,NASS Table 1,govt_programs_federal_receipts_usd,NA
AG CENSUS AREA,AK,110,Juneau Area,1997,34,"INCOME, FARM-RELATED - OPERATIONS WITH RECEIPTS","INCOME, FARM-RELATED - OPERATIONS WITH RECEIPTS",TOTAL,NOT SPECIFIED,OPERATIONS,2,2,FALSE,NASS Table 1,income_farm_related_operations_with_receipts,NA
AG CENSUS AREA,AK,110,Juneau Area,2002,34,"INCOME, FARM-RELATED - OPERATIONS WITH RECEIPTS","INCOME, FARM-RELATED - OPERATIONS WITH RECEIPTS",TOTAL,NOT SPECIFIED,OPERATIONS,4,4,FALSE,NASS Table 1,income_farm_related_operations_with_receipts,NA
AG CENSUS AREA,AK,110,Juneau Area,2007,34,"INCOME, FARM-RELATED - OPERATIONS WITH RECEIPTS","INCOME, FARM-RELATED - OPERATIONS WITH RECEIPTS",TOTAL,NOT SPECIFIED,OPERATIONS,6,6,FALSE,NASS Table 1,income_farm_related_operations_with_receipts,NA
AG CENSUS AREA,AK,110,Juneau Area,2012,34,"INCOME, FARM-RELATED - OPERATIONS WITH RECEIPTS","INCOME, FARM-RELATED - OPERATIONS WITH RECEIPTS",TOTAL,NOT SPECIFIED,OPERATIONS,7,7,FALSE,NASS Table 1,income_farm_related_operations_with_receipts,NA
AG CENSUS AREA,AK,110,Juneau Area,2017,34,"INCOME, FARM-RELATED - OPERATIONS WITH RECEIPTS","INCOME, FARM-RELATED - OPERATIONS WITH RECEIPTS",TOTAL,NOT SPECIFIED,OPERATIONS,9,9,FALSE,NASS Table 1,income_farm_related_operations_with_receipts,NA
AG CENSUS AREA,AK,110,Juneau Area,2022,34,"INCOME, FARM-RELATED - OPERATIONS WITH RECEIPTS","INCOME, FARM-RELATED - OPERATIONS WITH RECEIPTS",TOTAL,NOT SPECIFIED,OPERATIONS,10,10,FALSE,NASS Table 1,income_farm_related_operations_with_receipts,NA
AG CENSUS AREA,AK,110,Juneau Area,1997,35,"INCOME, FARM-RELATED - RECEIPTS, MEASURED IN $","INCOME, FARM-RELATED - RECEIPTS, MEASURED IN $",TOTAL,NOT SPECIFIED,$,NA,NA,FALSE,NASS Table 1,income_farm_related_receipts_usd,NA
AG CENSUS AREA,AK,110,Juneau Area,2002,35,"INCOME, FARM-RELATED - RECEIPTS, MEASURED IN $","INCOME, FARM-RELATED - RECEIPTS, MEASURED IN $",TOTAL,NOT SPECIFIED,$,1013000,1013000,FALSE,NASS Table 1,income_farm_related_receipts_usd,NA
AG CENSUS AREA,AK,110,Juneau Area,2007,35,"INCOME, FARM-RELATED - RECEIPTS, MEASURED IN $","INCOME, FARM-RELATED - RECEIPTS, MEASURED IN $",TOTAL,NOT SPECIFIED,$,NA,NA,FALSE,NASS Table 1,income_farm_related_receipts_usd,NA
AG CENSUS AREA,AK,110,Juneau Area,2012,35,"INCOME, FARM-RELATED - RECEIPTS, MEASURED IN $","INCOME, FARM-RELATED - RECEIPTS, MEASURED IN $",TOTAL,NOT SPECIFIED,$,483000,483000,FALSE,NASS Table 1,income_farm_related_receipts_usd,NA
AG CENSUS AREA,AK,110,Juneau Area,2017,35,"INCOME, FARM-RELATED - RECEIPTS, MEASURED IN $","INCOME, FARM-RELATED - RECEIPTS, MEASURED IN $",TOTAL,NOT SPECIFIED,$,221000,221000,FALSE,NASS Table 1,income_farm_related_receipts_usd,NA
AG CENSUS AREA,AK,110,Juneau Area,2022,35,"INCOME, FARM-RELATED - RECEIPTS, MEASURED IN $","INCOME, FARM-RELATED - RECEIPTS, MEASURED IN $",TOTAL,NOT SPECIFIED,$,393000,393000,FALSE,NASS Table 1,income_farm_related_receipts_usd,NA
AG CENSUS AREA,AK,110,Juneau Area,1997,36,"EXPENSE TOTALS, OPERATING - EXPENSE, MEASURED IN $","EXPENSE TOTALS, OPERATING - EXPENSE, MEASURED IN $",TOTAL,NOT SPECIFIED,$,335000,335000,FALSE,NASS Table 1,expense_totals_operating_expense_usd,NA
AG CENSUS AREA,AK,110,Juneau Area,2002,36,"EXPENSE TOTALS, OPERATING - EXPENSE, MEASURED IN $","EXPENSE TOTALS, OPERATING - EXPENSE, MEASURED IN $",TOTAL,NOT SPECIFIED,$,11045000,11045000,FALSE,NASS Table 1,expense_totals_operating_expense_usd,NA
AG CENSUS AREA,AK,110,Juneau Area,2007,36,"EXPENSE TOTALS, OPERATING - EXPENSE, MEASURED IN $","EXPENSE TOTALS, OPERATING - EXPENSE, MEASURED IN $",TOTAL,NOT SPECIFIED,$,11141000,11141000,FALSE,NASS Table 1,expense_totals_operating_expense_usd,NA
AG CENSUS AREA,AK,110,Juneau Area,2012,36,"EXPENSE TOTALS, OPERATING - EXPENSE, MEASURED IN $","EXPENSE TOTALS, OPERATING - EXPENSE, MEASURED IN $",TOTAL,NOT SPECIFIED,$,13284000,13284000,FALSE,NASS Table 1,expense_totals_operating_expense_usd,NA
AG CENSUS AREA,AK,110,Juneau Area,2017,36,"EXPENSE TOTALS, OPERATING - EXPENSE, MEASURED IN $","EXPENSE TOTALS, OPERATING - EXPENSE, MEASURED IN $",TOTAL,NOT SPECIFIED,$,12780000,12780000,FALSE,NASS Table 1,expense_totals_operating_expense_usd,NA
AG CENSUS AREA,AK,110,Juneau Area,2022,36,"EXPENSE TOTALS, OPERATING - EXPENSE, MEASURED IN $","EXPENSE TOTALS, OPERATING - EXPENSE, MEASURED IN $",TOTAL,NOT SPECIFIED,$,16560000,16560000,FALSE,NASS Table 1,expense_totals_operating_expense_usd,NA
AG CENSUS AREA,AK,110,Juneau Area,1997,37,"EXPENSE TOTALS, OPERATING - EXPENSE, MEASURED IN $ / OPERATION","EXPENSE TOTALS, OPERATING - EXPENSE, MEASURED IN $ / OPERATION",TOTAL,NOT SPECIFIED,$ / OPERATION,15216,15216,FALSE,NASS Table 1,expense_totals_operating_expense_usd_per_operation,NA
AG CENSUS AREA,AK,110,Juneau Area,2002,37,"EXPENSE TOTALS, OPERATING - EXPENSE, MEASURED IN $ / OPERATION","EXPENSE TOTALS, OPERATING - EXPENSE, MEASURED IN $ / OPERATION",TOTAL,NOT SPECIFIED,$ / OPERATION,298504,298504,FALSE,NASS Table 1,expense_totals_operating_expense_usd_per_operation,NA
AG CENSUS AREA,AK,110,Juneau Area,2007,37,"EXPENSE TOTALS, OPERATING - EXPENSE, MEASURED IN $ / OPERATION","EXPENSE TOTALS, OPERATING - EXPENSE, MEASURED IN $ / OPERATION",TOTAL,NOT SPECIFIED,$ / OPERATION,301121,301121,FALSE,NASS Table 1,expense_totals_operating_expense_usd_per_operation,NA
AG CENSUS AREA,AK,110,Juneau Area,2012,37,"EXPENSE TOTALS, OPERATING - EXPENSE, MEASURED IN $ / OPERATION","EXPENSE TOTALS, OPERATING - EXPENSE, MEASURED IN $ / OPERATION",TOTAL,NOT SPECIFIED,$ / OPERATION,255458,255458,FALSE,NASS Table 1,expense_totals_operating_expense_usd_per_operation,NA
AG CENSUS AREA,AK,110,Juneau Area,2017,37,"EXPENSE TOTALS, OPERATING - EXPENSE, MEASURED IN $ / OPERATION","EXPENSE TOTALS, OPERATING - EXPENSE, MEASURED IN $ / OPERATION",TOTAL,NOT SPECIFIED,$ / OPERATION,213006,213006,FALSE,NASS Table 1,expense_totals_operating_expense_usd_per_operation,NA
AG CENSUS AREA,AK,110,Juneau Area,2022,37,"EXPENSE TOTALS, OPERATING - EXPENSE, MEASURED IN $ / OPERATION","EXPENSE TOTALS, OPERATING - EXPENSE, MEASURED IN $ / OPERATION",TOTAL,NOT SPECIFIED,$ / OPERATION,176170,176170,FALSE,NASS Table 1,expense_totals_operating_expense_usd_per_operation,NA
AG CENSUS AREA,AK,110,Juneau Area,2002,38,"INCOME, NET CASH FARM, OF OPERATIONS - OPERATIONS WITH NET INCOME","INCOME, NET CASH FARM, OF OPERATIONS - OPERATIONS WITH NET INCOME",TOTAL,NOT SPECIFIED,OPERATIONS,37,37,FALSE,NASS Table 1,income_net_cash_farm_of_operations_operations_with_net_income,NA
AG CENSUS AREA,AK,110,Juneau Area,2007,38,"INCOME, NET CASH FARM, OF OPERATIONS - OPERATIONS WITH NET INCOME","INCOME, NET CASH FARM, OF OPERATIONS - OPERATIONS WITH NET INCOME",TOTAL,NOT SPECIFIED,OPERATIONS,37,37,FALSE,NASS Table 1,income_net_cash_farm_of_operations_operations_with_net_income,NA
AG CENSUS AREA,AK,110,Juneau Area,2012,38,"INCOME, NET CASH FARM, OF OPERATIONS - OPERATIONS WITH NET INCOME","INCOME, NET CASH FARM, OF OPERATIONS - OPERATIONS WITH NET INCOME",TOTAL,NOT SPECIFIED,OPERATIONS,52,52,FALSE,NASS Table 1,income_net_cash_farm_of_operations_operations_with_net_income,NA
AG CENSUS AREA,AK,110,Juneau Area,2017,38,"INCOME, NET CASH FARM, OF OPERATIONS - OPERATIONS WITH NET INCOME","INCOME, NET CASH FARM, OF OPERATIONS - OPERATIONS WITH NET INCOME",TOTAL,NOT SPECIFIED,OPERATIONS,60,60,FALSE,NASS Table 1,income_net_cash_farm_of_operations_operations_with_net_income,NA
AG CENSUS AREA,AK,110,Juneau Area,2022,38,"INCOME, NET CASH FARM, OF OPERATIONS - OPERATIONS WITH NET INCOME","INCOME, NET CASH FARM, OF OPERATIONS - OPERATIONS WITH NET INCOME",TOTAL,NOT SPECIFIED,OPERATIONS,94,94,FALSE,NASS Table 1,income_net_cash_farm_of_operations_operations_with_net_income,NA
AG CENSUS AREA,AK,110,Juneau Area,2002,39,"INCOME, NET CASH FARM, OF OPERATIONS - NET INCOME, MEASURED IN $","INCOME, NET CASH FARM, OF OPERATIONS - NET INCOME, MEASURED IN $",TOTAL,NOT SPECIFIED,$,930000,930000,FALSE,NASS Table 1,income_net_cash_farm_of_operations_net_income_usd,NA
AG CENSUS AREA,AK,110,Juneau Area,2007,39,"INCOME, NET CASH FARM, OF OPERATIONS - NET INCOME, MEASURED IN $","INCOME, NET CASH FARM, OF OPERATIONS - NET INCOME, MEASURED IN $",TOTAL,NOT SPECIFIED,$,1908000,1908000,FALSE,NASS Table 1,income_net_cash_farm_of_operations_net_income_usd,NA
AG CENSUS AREA,AK,110,Juneau Area,2012,39,"INCOME, NET CASH FARM, OF OPERATIONS - NET INCOME, MEASURED IN $","INCOME, NET CASH FARM, OF OPERATIONS - NET INCOME, MEASURED IN $",TOTAL,NOT SPECIFIED,$,-363000,-363000,FALSE,NASS Table 1,income_net_cash_farm_of_operations_net_income_usd,NA
AG CENSUS AREA,AK,110,Juneau Area,2017,39,"INCOME, NET CASH FARM, OF OPERATIONS - NET INCOME, MEASURED IN $","INCOME, NET CASH FARM, OF OPERATIONS - NET INCOME, MEASURED IN $",TOTAL,NOT SPECIFIED,$,1581000,1581000,FALSE,NASS Table 1,income_net_cash_farm_of_operations_net_income_usd,NA
AG CENSUS AREA,AK,110,Juneau Area,2022,39,"INCOME, NET CASH FARM, OF OPERATIONS - NET INCOME, MEASURED IN $","INCOME, NET CASH FARM, OF OPERATIONS - NET INCOME, MEASURED IN $",TOTAL,NOT SPECIFIED,$,2551000,2551000,FALSE,NASS Table 1,income_net_cash_farm_of_operations_net_income_usd,NA
AG CENSUS AREA,AK,110,Juneau Area,2002,40,"INCOME, NET CASH FARM, OF OPERATIONS - NET INCOME, MEASURED IN $ / OPERATION","INCOME, NET CASH FARM, OF OPERATIONS - NET INCOME, MEASURED IN $ / OPERATION",TOTAL,NOT SPECIFIED,$ / OPERATION,25144,25144,FALSE,NASS Table 1,income_net_cash_farm_of_operations_net_income_usd_per_operation,NA
AG CENSUS AREA,AK,110,Juneau Area,2007,40,"INCOME, NET CASH FARM, OF OPERATIONS - NET INCOME, MEASURED IN $ / OPERATION","INCOME, NET CASH FARM, OF OPERATIONS - NET INCOME, MEASURED IN $ / OPERATION",TOTAL,NOT SPECIFIED,$ / OPERATION,51556,51556,FALSE,NASS Table 1,income_net_cash_farm_of_operations_net_income_usd_per_operation,NA
AG CENSUS AREA,AK,110,Juneau Area,2012,40,"INCOME, NET CASH FARM, OF OPERATIONS - NET INCOME, MEASURED IN $ / OPERATION","INCOME, NET CASH FARM, OF OPERATIONS - NET INCOME, MEASURED IN $ / OPERATION",TOTAL,NOT SPECIFIED,$ / OPERATION,-6987,-6987,FALSE,NASS Table 1,income_net_cash_farm_of_operations_net_income_usd_per_operation,NA
AG CENSUS AREA,AK,110,Juneau Area,2017,40,"INCOME, NET CASH FARM, OF OPERATIONS - NET INCOME, MEASURED IN $ / OPERATION","INCOME, NET CASH FARM, OF OPERATIONS - NET INCOME, MEASURED IN $ / OPERATION",TOTAL,NOT SPECIFIED,$ / OPERATION,26346,26346,FALSE,NASS Table 1,income_net_cash_farm_of_operations_net_income_usd_per_operation,NA
AG CENSUS AREA,AK,110,Juneau Area,2022,40,"INCOME, NET CASH FARM, OF OPERATIONS - NET INCOME, MEASURED IN $ / OPERATION","INCOME, NET CASH FARM, OF OPERATIONS - NET INCOME, MEASURED IN $ / OPERATION",TOTAL,NOT SPECIFIED,$ / OPERATION,27136,27136,FALSE,NASS Table 1,income_net_cash_farm_of_operations_net_income_usd_per_operation,NA
AG CENSUS AREA,AK,110,Juneau Area,1997,41,"CATTLE, INCL CALVES - OPERATIONS WITH INVENTORY","CATTLE, INCL CALVES - OPERATIONS WITH INVENTORY",TOTAL,NOT SPECIFIED,OPERATIONS,2,2,FALSE,NASS Table 1,cattle_incl_calves_operations_with_inventory,NA
AG CENSUS AREA,AK,110,Juneau Area,2002,41,"CATTLE, INCL CALVES - OPERATIONS WITH INVENTORY","CATTLE, INCL CALVES - OPERATIONS WITH INVENTORY",TOTAL,NOT SPECIFIED,OPERATIONS,3,3,FALSE,NASS Table 1,cattle_incl_calves_operations_with_inventory,NA
AG CENSUS AREA,AK,110,Juneau Area,2007,41,"CATTLE, INCL CALVES - OPERATIONS WITH INVENTORY","CATTLE, INCL CALVES - OPERATIONS WITH INVENTORY",TOTAL,NOT SPECIFIED,OPERATIONS,1,1,FALSE,NASS Table 1,cattle_incl_calves_operations_with_inventory,NA
AG CENSUS AREA,AK,110,Juneau Area,2012,41,"CATTLE, INCL CALVES - OPERATIONS WITH INVENTORY","CATTLE, INCL CALVES - OPERATIONS WITH INVENTORY",TOTAL,NOT SPECIFIED,OPERATIONS,1,1,FALSE,NASS Table 1,cattle_incl_calves_operations_with_inventory,NA
AG CENSUS AREA,AK,110,Juneau Area,2017,41,"CATTLE, INCL CALVES - OPERATIONS WITH INVENTORY","CATTLE, INCL CALVES - OPERATIONS WITH INVENTORY",TOTAL,NOT SPECIFIED,OPERATIONS,1,1,FALSE,NASS Table 1,cattle_incl_calves_operations_with_inventory,NA
AG CENSUS AREA,AK,110,Juneau Area,2022,41,"CATTLE, INCL CALVES - OPERATIONS WITH INVENTORY","CATTLE, INCL CALVES - OPERATIONS WITH INVENTORY",TOTAL,NOT SPECIFIED,OPERATIONS,1,1,FALSE,NASS Table 1,cattle_incl_calves_operations_with_inventory,NA
AG CENSUS AREA,AK,110,Juneau Area,1997,42,"CATTLE, INCL CALVES - INVENTORY","CATTLE, INCL CALVES - INVENTORY",TOTAL,NOT SPECIFIED,HEAD,NA,NA,FALSE,NASS Table 1,cattle_incl_calves_inventory,NA
AG CENSUS AREA,AK,110,Juneau Area,2002,42,"CATTLE, INCL CALVES - INVENTORY","CATTLE, INCL CALVES - INVENTORY",TOTAL,NOT SPECIFIED,HEAD,16,16,FALSE,NASS Table 1,cattle_incl_calves_inventory,NA
AG CENSUS AREA,AK,110,Juneau Area,2007,42,"CATTLE, INCL CALVES - INVENTORY","CATTLE, INCL CALVES - INVENTORY",TOTAL,NOT SPECIFIED,HEAD,NA,NA,FALSE,NASS Table 1,cattle_incl_calves_inventory,NA
AG CENSUS AREA,AK,110,Juneau Area,2012,42,"CATTLE, INCL CALVES - INVENTORY","CATTLE, INCL CALVES - INVENTORY",TOTAL,NOT SPECIFIED,HEAD,NA,NA,FALSE,NASS Table 1,cattle_incl_calves_inventory,NA
AG CENSUS AREA,AK,110,Juneau Area,2017,42,"CATTLE, INCL CALVES - INVENTORY","CATTLE, INCL CALVES - INVENTORY",TOTAL,NOT SPECIFIED,HEAD,NA,NA,FALSE,NASS Table 1,cattle_incl_calves_inventory,NA
AG CENSUS AREA,AK,110,Juneau Area,2022,42,"CATTLE, INCL CALVES - INVENTORY","CATTLE, INCL CALVES - INVENTORY",TOTAL,NOT SPECIFIED,HEAD,NA,NA,FALSE,NASS Table 1,cattle_incl_calves_inventory,NA
AG CENSUS AREA,AK,110,Juneau Area,2002,43,"CATTLE, COWS, BEEF - OPERATIONS WITH INVENTORY","CATTLE, COWS, BEEF - OPERATIONS WITH INVENTORY",TOTAL,NOT SPECIFIED,OPERATIONS,1,1,FALSE,NASS Table 1,cattle_cows_beef_operations_with_inventory,NA
AG CENSUS AREA,AK,110,Juneau Area,2007,43,"CATTLE, COWS, BEEF - OPERATIONS WITH INVENTORY","CATTLE, COWS, BEEF - OPERATIONS WITH INVENTORY",TOTAL,NOT SPECIFIED,OPERATIONS,1,1,FALSE,NASS Table 1,cattle_cows_beef_operations_with_inventory,NA
AG CENSUS AREA,AK,110,Juneau Area,2012,43,"CATTLE, COWS, BEEF - OPERATIONS WITH INVENTORY","CATTLE, COWS, BEEF - OPERATIONS WITH INVENTORY",TOTAL,NOT SPECIFIED,OPERATIONS,1,1,FALSE,NASS Table 1,cattle_cows_beef_operations_with_inventory,NA
AG CENSUS AREA,AK,110,Juneau Area,2017,43,"CATTLE, COWS, BEEF - OPERATIONS WITH INVENTORY","CATTLE, COWS, BEEF - OPERATIONS WITH INVENTORY",TOTAL,NOT SPECIFIED,OPERATIONS,1,1,FALSE,NASS Table 1,cattle_cows_beef_operations_with_inventory,NA
AG CENSUS AREA,AK,110,Juneau Area,2022,43,"CATTLE, COWS, BEEF - OPERATIONS WITH INVENTORY","CATTLE, COWS, BEEF - OPERATIONS WITH INVENTORY",TOTAL,NOT SPECIFIED,OPERATIONS,1,1,FALSE,NASS Table 1,cattle_cows_beef_operations_with_inventory,NA
AG CENSUS AREA,AK,110,Juneau Area,2002,44,"CATTLE, COWS, BEEF - INVENTORY","CATTLE, COWS, BEEF - INVENTORY",TOTAL,NOT SPECIFIED,HEAD,NA,NA,FALSE,NASS Table 1,cattle_cows_beef_inventory,NA
AG CENSUS AREA,AK,110,Juneau Area,2007,44,"CATTLE, COWS, BEEF - INVENTORY","CATTLE, COWS, BEEF - INVENTORY",TOTAL,NOT SPECIFIED,HEAD,NA,NA,FALSE,NASS Table 1,cattle_cows_beef_inventory,NA
AG CENSUS AREA,AK,110,Juneau Area,2012,44,"CATTLE, COWS, BEEF - INVENTORY","CATTLE, COWS, BEEF - INVENTORY",TOTAL,NOT SPECIFIED,HEAD,NA,NA,FALSE,NASS Table 1,cattle_cows_beef_inventory,NA
AG CENSUS AREA,AK,110,Juneau Area,2017,44,"CATTLE, COWS, BEEF - INVENTORY","CATTLE, COWS, BEEF - INVENTORY",TOTAL,NOT SPECIFIED,HEAD,NA,NA,FALSE,NASS Table 1,cattle_cows_beef_inventory,NA
AG CENSUS AREA,AK,110,Juneau Area,2022,44,"CATTLE, COWS, BEEF - INVENTORY","CATTLE, COWS, BEEF - INVENTORY",TOTAL,NOT SPECIFIED,HEAD,NA,NA,FALSE,NASS Table 1,cattle_cows_beef_inventory,NA
AG CENSUS AREA,AK,110,Juneau Area,1997,45,"CATTLE, COWS, MILK - OPERATIONS WITH INVENTORY","CATTLE, COWS, MILK - OPERATIONS WITH INVENTORY",TOTAL,NOT SPECIFIED,OPERATIONS,1,1,FALSE,NASS Table 1,cattle_cows_milk_operations_with_inventory,NA
AG CENSUS AREA,AK,110,Juneau Area,2002,45,"CATTLE, COWS, MILK - OPERATIONS WITH INVENTORY","CATTLE, COWS, MILK - OPERATIONS WITH INVENTORY",TOTAL,NOT SPECIFIED,OPERATIONS,3,3,FALSE,NASS Table 1,cattle_cows_milk_operations_with_inventory,NA
AG CENSUS AREA,AK,110,Juneau Area,2007,45,"CATTLE, COWS, MILK - OPERATIONS WITH INVENTORY","CATTLE, COWS, MILK - OPERATIONS WITH INVENTORY",TOTAL,NOT SPECIFIED,OPERATIONS,1,1,FALSE,NASS Table 1,cattle_cows_milk_operations_with_inventory,NA
AG CENSUS AREA,AK,110,Juneau Area,2012,45,"CATTLE, COWS, MILK - OPERATIONS WITH INVENTORY","CATTLE, COWS, MILK - OPERATIONS WITH INVENTORY",TOTAL,NOT SPECIFIED,OPERATIONS,1,1,FALSE,NASS Table 1,cattle_cows_milk_operations_with_inventory,NA
AG CENSUS AREA,AK,110,Juneau Area,1997,46,"CATTLE, COWS, MILK - INVENTORY","CATTLE, COWS, MILK - INVENTORY",TOTAL,NOT SPECIFIED,HEAD,NA,NA,FALSE,NASS Table 1,cattle_cows_milk_inventory,NA
AG CENSUS AREA,AK,110,Juneau Area,2002,46,"CATTLE, COWS, MILK - INVENTORY","CATTLE, COWS, MILK - INVENTORY",TOTAL,NOT SPECIFIED,HEAD,7,7,FALSE,NASS Table 1,cattle_cows_milk_inventory,NA
AG CENSUS AREA,AK,110,Juneau Area,2007,46,"CATTLE, COWS, MILK - INVENTORY","CATTLE, COWS, MILK - INVENTORY",TOTAL,NOT SPECIFIED,HEAD,NA,NA,FALSE,NASS Table 1,cattle_cows_milk_inventory,NA
AG CENSUS AREA,AK,110,Juneau Area,2012,46,"CATTLE, COWS, MILK - INVENTORY","CATTLE, COWS, MILK - INVENTORY",TOTAL,NOT SPECIFIED,HEAD,NA,NA,FALSE,NASS Table 1,cattle_cows_milk_inventory,NA
AG CENSUS AREA,AK,110,Juneau Area,2002,47,"CATTLE, INCL CALVES - OPERATIONS WITH SALES","CATTLE, INCL CALVES - OPERATIONS WITH SALES",TOTAL,NOT SPECIFIED,OPERATIONS,1,1,FALSE,NASS Table 1,cattle_incl_calves_operations_with_sales,NA
AG CENSUS AREA,AK,110,Juneau Area,2002,48,"CATTLE, INCL CALVES - SALES, MEASURED IN HEAD","CATTLE, INCL CALVES - SALES, MEASURED IN HEAD",TOTAL,NOT SPECIFIED,HEAD,NA,NA,FALSE,NASS Table 1,cattle_incl_calves_sales_head,NA
AG CENSUS AREA,AK,110,Juneau Area,1997,49,HOGS - OPERATIONS WITH INVENTORY,HOGS - OPERATIONS WITH INVENTORY,TOTAL,NOT SPECIFIED,OPERATIONS,1,1,FALSE,NASS Table 1,hogs_operations_with_inventory,NA
AG CENSUS AREA,AK,110,Juneau Area,2007,49,HOGS - OPERATIONS WITH INVENTORY,HOGS - OPERATIONS WITH INVENTORY,TOTAL,NOT SPECIFIED,OPERATIONS,1,1,FALSE,NASS Table 1,hogs_operations_with_inventory,NA
AG CENSUS AREA,AK,110,Juneau Area,2017,49,HOGS - OPERATIONS WITH INVENTORY,HOGS - OPERATIONS WITH INVENTORY,TOTAL,NOT SPECIFIED,OPERATIONS,2,2,FALSE,NASS Table 1,hogs_operations_with_inventory,NA
AG CENSUS AREA,AK,110,Juneau Area,2022,49,HOGS - OPERATIONS WITH INVENTORY,HOGS - OPERATIONS WITH INVENTORY,TOTAL,NOT SPECIFIED,OPERATIONS,2,2,FALSE,NASS Table 1,hogs_operations_with_inventory,NA
AG CENSUS AREA,AK,110,Juneau Area,1997,50,HOGS - INVENTORY,HOGS - INVENTORY,TOTAL,NOT SPECIFIED,HEAD,NA,NA,FALSE,NASS Table 1,hogs_inventory,NA
AG CENSUS AREA,AK,110,Juneau Area,2007,50,HOGS - INVENTORY,HOGS - INVENTORY,TOTAL,NOT SPECIFIED,HEAD,NA,NA,FALSE,NASS Table 1,hogs_inventory,NA
AG CENSUS AREA,AK,110,Juneau Area,2017,50,HOGS - INVENTORY,HOGS - INVENTORY,TOTAL,NOT SPECIFIED,HEAD,NA,NA,FALSE,NASS Table 1,hogs_inventory,NA
AG CENSUS AREA,AK,110,Juneau Area,2022,50,HOGS - INVENTORY,HOGS - INVENTORY,TOTAL,NOT SPECIFIED,HEAD,NA,NA,FALSE,NASS Table 1,hogs_inventory,NA
AG CENSUS AREA,AK,110,Juneau Area,1997,51,HOGS - OPERATIONS WITH SALES,HOGS - OPERATIONS WITH SALES,TOTAL,NOT SPECIFIED,OPERATIONS,1,1,FALSE,NASS Table 1,hogs_operations_with_sales,NA
AG CENSUS AREA,AK,110,Juneau Area,2002,51,HOGS - OPERATIONS WITH SALES,HOGS - OPERATIONS WITH SALES,TOTAL,NOT SPECIFIED,OPERATIONS,1,1,FALSE,NASS Table 1,hogs_operations_with_sales,NA
AG CENSUS AREA,AK,110,Juneau Area,2007,51,HOGS - OPERATIONS WITH SALES,HOGS - OPERATIONS WITH SALES,TOTAL,NOT SPECIFIED,OPERATIONS,1,1,FALSE,NASS Table 1,hogs_operations_with_sales,NA
AG CENSUS AREA,AK,110,Juneau Area,2012,51,HOGS - OPERATIONS WITH SALES,HOGS - OPERATIONS WITH SALES,TOTAL,NOT SPECIFIED,OPERATIONS,1,1,FALSE,NASS Table 1,hogs_operations_with_sales,NA
AG CENSUS AREA,AK,110,Juneau Area,2017,51,HOGS - OPERATIONS WITH SALES,HOGS - OPERATIONS WITH SALES,TOTAL,NOT SPECIFIED,OPERATIONS,1,1,FALSE,NASS Table 1,hogs_operations_with_sales,NA
AG CENSUS AREA,AK,110,Juneau Area,2022,51,HOGS - OPERATIONS WITH SALES,HOGS - OPERATIONS WITH SALES,TOTAL,NOT SPECIFIED,OPERATIONS,2,2,FALSE,NASS Table 1,hogs_operations_with_sales,NA
AG CENSUS AREA,AK,110,Juneau Area,1997,52,"HOGS - SALES, MEASURED IN HEAD","HOGS - SALES, MEASURED IN HEAD",TOTAL,NOT SPECIFIED,HEAD,NA,NA,FALSE,NASS Table 1,hogs_sales_head,NA
AG CENSUS AREA,AK,110,Juneau Area,2002,52,"HOGS - SALES, MEASURED IN HEAD","HOGS - SALES, MEASURED IN HEAD",TOTAL,NOT SPECIFIED,HEAD,NA,NA,FALSE,NASS Table 1,hogs_sales_head,NA
AG CENSUS AREA,AK,110,Juneau Area,2007,52,"HOGS - SALES, MEASURED IN HEAD","HOGS - SALES, MEASURED IN HEAD",TOTAL,NOT SPECIFIED,HEAD,NA,NA,FALSE,NASS Table 1,hogs_sales_head,NA
AG CENSUS AREA,AK,110,Juneau Area,2012,52,"HOGS - SALES, MEASURED IN HEAD","HOGS - SALES, MEASURED IN HEAD",TOTAL,NOT SPECIFIED,HEAD,NA,NA,FALSE,NASS Table 1,hogs_sales_head,NA
AG CENSUS AREA,AK,110,Juneau Area,2017,52,"HOGS - SALES, MEASURED IN HEAD","HOGS - SALES, MEASURED IN HEAD",TOTAL,NOT SPECIFIED,HEAD,NA,NA,FALSE,NASS Table 1,hogs_sales_head,NA
AG CENSUS AREA,AK,110,Juneau Area,2022,52,"HOGS - SALES, MEASURED IN HEAD","HOGS - SALES, MEASURED IN HEAD",TOTAL,NOT SPECIFIED,HEAD,NA,NA,FALSE,NASS Table 1,hogs_sales_head,NA
AG CENSUS AREA,AK,110,Juneau Area,1997,53,"SHEEP, INCL LAMBS - OPERATIONS WITH INVENTORY","SHEEP, INCL LAMBS - OPERATIONS WITH INVENTORY",TOTAL,NOT SPECIFIED,OPERATIONS,1,1,FALSE,NASS Table 1,sheep_incl_lambs_operations_with_inventory,NA
AG CENSUS AREA,AK,110,Juneau Area,2002,53,"SHEEP, INCL LAMBS - OPERATIONS WITH INVENTORY","SHEEP, INCL LAMBS - OPERATIONS WITH INVENTORY",TOTAL,NOT SPECIFIED,OPERATIONS,4,4,FALSE,NASS Table 1,sheep_incl_lambs_operations_with_inventory,NA
AG CENSUS AREA,AK,110,Juneau Area,2007,53,"SHEEP, INCL LAMBS - OPERATIONS WITH INVENTORY","SHEEP, INCL LAMBS - OPERATIONS WITH INVENTORY",TOTAL,NOT SPECIFIED,OPERATIONS,1,1,FALSE,NASS Table 1,sheep_incl_lambs_operations_with_inventory,NA
AG CENSUS AREA,AK,110,Juneau Area,2012,53,"SHEEP, INCL LAMBS - OPERATIONS WITH INVENTORY","SHEEP, INCL LAMBS - OPERATIONS WITH INVENTORY",TOTAL,NOT SPECIFIED,OPERATIONS,2,2,FALSE,NASS Table 1,sheep_incl_lambs_operations_with_inventory,NA
AG CENSUS AREA,AK,110,Juneau Area,2022,53,"SHEEP, INCL LAMBS - OPERATIONS WITH INVENTORY","SHEEP, INCL LAMBS - OPERATIONS WITH INVENTORY",TOTAL,NOT SPECIFIED,OPERATIONS,1,1,FALSE,NASS Table 1,sheep_incl_lambs_operations_with_inventory,NA
AG CENSUS AREA,AK,110,Juneau Area,1997,54,"SHEEP, INCL LAMBS - INVENTORY","SHEEP, INCL LAMBS - INVENTORY",TOTAL,NOT SPECIFIED,HEAD,NA,NA,FALSE,NASS Table 1,sheep_incl_lambs_inventory,NA
AG CENSUS AREA,AK,110,Juneau Area,2002,54,"SHEEP, INCL LAMBS - INVENTORY","SHEEP, INCL LAMBS - INVENTORY",TOTAL,NOT SPECIFIED,HEAD,33,33,FALSE,NASS Table 1,sheep_incl_lambs_inventory,NA
AG CENSUS AREA,AK,110,Juneau Area,2007,54,"SHEEP, INCL LAMBS - INVENTORY","SHEEP, INCL LAMBS - INVENTORY",TOTAL,NOT SPECIFIED,HEAD,NA,NA,FALSE,NASS Table 1,sheep_incl_lambs_inventory,NA
AG CENSUS AREA,AK,110,Juneau Area,2012,54,"SHEEP, INCL LAMBS - INVENTORY","SHEEP, INCL LAMBS - INVENTORY",TOTAL,NOT SPECIFIED,HEAD,NA,NA,FALSE,NASS Table 1,sheep_incl_lambs_inventory,NA
AG CENSUS AREA,AK,110,Juneau Area,2022,54,"SHEEP, INCL LAMBS - INVENTORY","SHEEP, INCL LAMBS - INVENTORY",TOTAL,NOT SPECIFIED,HEAD,NA,NA,FALSE,NASS Table 1,sheep_incl_lambs_inventory,NA
AG CENSUS AREA,AK,110,Juneau Area,1997,55,"CHICKENS, LAYERS - OPERATIONS WITH INVENTORY","CHICKENS, LAYERS - OPERATIONS WITH INVENTORY",TOTAL,NOT SPECIFIED,OPERATIONS,2,2,FALSE,NASS Table 1,chickens_layers_operations_with_inventory,NA
AG CENSUS AREA,AK,110,Juneau Area,2002,55,"CHICKENS, LAYERS - OPERATIONS WITH INVENTORY","CHICKENS, LAYERS - OPERATIONS WITH INVENTORY",TOTAL,NOT SPECIFIED,OPERATIONS,4,4,FALSE,NASS Table 1,chickens_layers_operations_with_inventory,NA
AG CENSUS AREA,AK,110,Juneau Area,2007,55,"CHICKENS, LAYERS - OPERATIONS WITH INVENTORY","CHICKENS, LAYERS - OPERATIONS WITH INVENTORY",TOTAL,NOT SPECIFIED,OPERATIONS,2,2,FALSE,NASS Table 1,chickens_layers_operations_with_inventory,NA
AG CENSUS AREA,AK,110,Juneau Area,2012,55,"CHICKENS, LAYERS - OPERATIONS WITH INVENTORY","CHICKENS, LAYERS - OPERATIONS WITH INVENTORY",TOTAL,NOT SPECIFIED,OPERATIONS,6,6,FALSE,NASS Table 1,chickens_layers_operations_with_inventory,NA
AG CENSUS AREA,AK,110,Juneau Area,2017,55,"CHICKENS, LAYERS - OPERATIONS WITH INVENTORY","CHICKENS, LAYERS - OPERATIONS WITH INVENTORY",TOTAL,NOT SPECIFIED,OPERATIONS,11,11,FALSE,NASS Table 1,chickens_layers_operations_with_inventory,NA
AG CENSUS AREA,AK,110,Juneau Area,2022,55,"CHICKENS, LAYERS - OPERATIONS WITH INVENTORY","CHICKENS, LAYERS - OPERATIONS WITH INVENTORY",TOTAL,NOT SPECIFIED,OPERATIONS,17,17,FALSE,NASS Table 1,chickens_layers_operations_with_inventory,NA
AG CENSUS AREA,AK,110,Juneau Area,1997,56,"CHICKENS, LAYERS - INVENTORY","CHICKENS, LAYERS - INVENTORY",TOTAL,NOT SPECIFIED,HEAD,NA,NA,FALSE,NASS Table 1,chickens_layers_inventory,NA
AG CENSUS AREA,AK,110,Juneau Area,2002,56,"CHICKENS, LAYERS - INVENTORY","CHICKENS, LAYERS - INVENTORY",TOTAL,NOT SPECIFIED,HEAD,151,151,FALSE,NASS Table 1,chickens_layers_inventory,NA
AG CENSUS AREA,AK,110,Juneau Area,2007,56,"CHICKENS, LAYERS - INVENTORY","CHICKENS, LAYERS - INVENTORY",TOTAL,NOT SPECIFIED,HEAD,NA,NA,FALSE,NASS Table 1,chickens_layers_inventory,NA
AG CENSUS AREA,AK,110,Juneau Area,2012,56,"CHICKENS, LAYERS - INVENTORY","CHICKENS, LAYERS - INVENTORY",TOTAL,NOT SPECIFIED,HEAD,281,281,FALSE,NASS Table 1,chickens_layers_inventory,NA
AG CENSUS AREA,AK,110,Juneau Area,2017,56,"CHICKENS, LAYERS - INVENTORY","CHICKENS, LAYERS - INVENTORY",TOTAL,NOT SPECIFIED,HEAD,458,458,FALSE,NASS Table 1,chickens_layers_inventory,NA
AG CENSUS AREA,AK,110,Juneau Area,2022,56,"CHICKENS, LAYERS - INVENTORY","CHICKENS, LAYERS - INVENTORY",TOTAL,NOT SPECIFIED,HEAD,534,534,FALSE,NASS Table 1,chickens_layers_inventory,NA
AG CENSUS AREA,AK,110,Juneau Area,2002,57,"CHICKENS, BROILERS - OPERATIONS WITH SALES","CHICKENS, BROILERS - OPERATIONS WITH SALES",TOTAL,NOT SPECIFIED,OPERATIONS,1,1,FALSE,NASS Table 1,chickens_broilers_operations_with_sales,NA
AG CENSUS AREA,AK,110,Juneau Area,2007,57,"CHICKENS, BROILERS - OPERATIONS WITH SALES","CHICKENS, BROILERS - OPERATIONS WITH SALES",TOTAL,NOT SPECIFIED,OPERATIONS,1,1,FALSE,NASS Table 1,chickens_broilers_operations_with_sales,NA
AG CENSUS AREA,AK,110,Juneau Area,2012,57,"CHICKENS, BROILERS - OPERATIONS WITH SALES","CHICKENS, BROILERS - OPERATIONS WITH SALES",TOTAL,NOT SPECIFIED,OPERATIONS,1,1,FALSE,NASS Table 1,chickens_broilers_operations_with_sales,NA
AG CENSUS AREA,AK,110,Juneau Area,2017,57,"CHICKENS, BROILERS - OPERATIONS WITH SALES","CHICKENS, BROILERS - OPERATIONS WITH SALES",TOTAL,NOT SPECIFIED,OPERATIONS,2,2,FALSE,NASS Table 1,chickens_broilers_operations_with_sales,NA
AG CENSUS AREA,AK,110,Juneau Area,2022,57,"CHICKENS, BROILERS - OPERATIONS WITH SALES","CHICKENS, BROILERS - OPERATIONS WITH SALES",TOTAL,NOT SPECIFIED,OPERATIONS,3,3,FALSE,NASS Table 1,chickens_broilers_operations_with_sales,NA
AG CENSUS AREA,AK,110,Juneau Area,2002,58,"CHICKENS, BROILERS - SALES, MEASURED IN HEAD","CHICKENS, BROILERS - SALES, MEASURED IN HEAD",TOTAL,NOT SPECIFIED,HEAD,NA,NA,FALSE,NASS Table 1,chickens_broilers_sales_head,NA
AG CENSUS AREA,AK,110,Juneau Area,2007,58,"CHICKENS, BROILERS - SALES, MEASURED IN HEAD","CHICKENS, BROILERS - SALES, MEASURED IN HEAD",TOTAL,NOT SPECIFIED,HEAD,NA,NA,FALSE,NASS Table 1,chickens_broilers_sales_head,NA
AG CENSUS AREA,AK,110,Juneau Area,2012,58,"CHICKENS, BROILERS - SALES, MEASURED IN HEAD","CHICKENS, BROILERS - SALES, MEASURED IN HEAD",TOTAL,NOT SPECIFIED,HEAD,NA,NA,FALSE,NASS Table 1,chickens_broilers_sales_head,NA
AG CENSUS AREA,AK,110,Juneau Area,2017,58,"CHICKENS, BROILERS - SALES, MEASURED IN HEAD","CHICKENS, BROILERS - SALES, MEASURED IN HEAD",TOTAL,NOT SPECIFIED,HEAD,NA,NA,FALSE,NASS Table 1,chickens_broilers_sales_head,NA
AG CENSUS AREA,AK,110,Juneau Area,2022,58,"CHICKENS, BROILERS - SALES, MEASURED IN HEAD","CHICKENS, BROILERS - SALES, MEASURED IN HEAD",TOTAL,NOT SPECIFIED,HEAD,NA,NA,FALSE,NASS Table 1,chickens_broilers_sales_head,NA
AG CENSUS AREA,AK,110,Juneau Area,2007,107,HAY & HAYLAGE - OPERATIONS WITH AREA HARVESTED,HAY & HAYLAGE - OPERATIONS WITH AREA HARVESTED,TOTAL,NOT SPECIFIED,OPERATIONS,1,1,FALSE,NASS Table 1,hay_and_haylage_operations_with_area_harvested,NA
AG CENSUS AREA,AK,110,Juneau Area,2012,107,HAY & HAYLAGE - OPERATIONS WITH AREA HARVESTED,HAY & HAYLAGE - OPERATIONS WITH AREA HARVESTED,TOTAL,NOT SPECIFIED,OPERATIONS,2,2,FALSE,NASS Table 1,hay_and_haylage_operations_with_area_harvested,NA
AG CENSUS AREA,AK,110,Juneau Area,2007,108,HAY & HAYLAGE - ACRES HARVESTED,HAY & HAYLAGE - ACRES HARVESTED,TOTAL,NOT SPECIFIED,ACRES,NA,NA,FALSE,NASS Table 1,hay_and_haylage_acres_harvested,NA
AG CENSUS AREA,AK,110,Juneau Area,2012,108,HAY & HAYLAGE - ACRES HARVESTED,HAY & HAYLAGE - ACRES HARVESTED,TOTAL,NOT SPECIFIED,ACRES,NA,NA,FALSE,NASS Table 1,hay_and_haylage_acres_harvested,NA
AG CENSUS AREA,AK,110,Juneau Area,2007,109,"HAY & HAYLAGE - PRODUCTION, MEASURED IN TONS, DRY BASIS","HAY & HAYLAGE - PRODUCTION, MEASURED IN TONS, DRY BASIS",TOTAL,NOT SPECIFIED,"TONS, DRY BASIS",NA,NA,FALSE,NASS Table 1,hay_and_haylage_production_tons_dry_basis,NA
AG CENSUS AREA,AK,110,Juneau Area,2012,109,"HAY & HAYLAGE - PRODUCTION, MEASURED IN TONS, DRY BASIS","HAY & HAYLAGE - PRODUCTION, MEASURED IN TONS, DRY BASIS",TOTAL,NOT SPECIFIED,"TONS, DRY BASIS",NA,NA,FALSE,NASS Table 1,hay_and_haylage_production_tons_dry_basis,NA
AG CENSUS AREA,AK,110,Juneau Area,1997,125,"VEGETABLE TOTALS, IN THE OPEN - OPERATIONS WITH AREA HARVESTED","VEGETABLE TOTALS, IN THE OPEN - OPERATIONS WITH AREA HARVESTED",TOTAL,NOT SPECIFIED,OPERATIONS,3,3,FALSE,NASS Table 1,vegetable_totals_in_the_open_operations_with_area_harvested,NA
AG CENSUS AREA,AK,110,Juneau Area,2002,125,"VEGETABLE TOTALS, IN THE OPEN - OPERATIONS WITH AREA HARVESTED","VEGETABLE TOTALS, IN THE OPEN - OPERATIONS WITH AREA HARVESTED",TOTAL,NOT SPECIFIED,OPERATIONS,2,2,FALSE,NASS Table 1,vegetable_totals_in_the_open_operations_with_area_harvested,NA
AG CENSUS AREA,AK,110,Juneau Area,2007,125,"VEGETABLE TOTALS, IN THE OPEN - OPERATIONS WITH AREA HARVESTED","VEGETABLE TOTALS, IN THE OPEN - OPERATIONS WITH AREA HARVESTED",TOTAL,NOT SPECIFIED,OPERATIONS,1,1,FALSE,NASS Table 1,vegetable_totals_in_the_open_operations_with_area_harvested,NA
AG CENSUS AREA,AK,110,Juneau Area,2012,125,"VEGETABLE TOTALS, IN THE OPEN - OPERATIONS WITH AREA HARVESTED","VEGETABLE TOTALS, IN THE OPEN - OPERATIONS WITH AREA HARVESTED",TOTAL,NOT SPECIFIED,OPERATIONS,12,12,FALSE,NASS Table 1,vegetable_totals_in_the_open_operations_with_area_harvested,NA
AG CENSUS AREA,AK,110,Juneau Area,2017,125,"VEGETABLE TOTALS, IN THE OPEN - OPERATIONS WITH AREA HARVESTED","VEGETABLE TOTALS, IN THE OPEN - OPERATIONS WITH AREA HARVESTED",TOTAL,NOT SPECIFIED,OPERATIONS,13,13,FALSE,NASS Table 1,vegetable_totals_in_the_open_operations_with_area_harvested,NA
AG CENSUS AREA,AK,110,Juneau Area,2022,125,"VEGETABLE TOTALS, IN THE OPEN - OPERATIONS WITH AREA HARVESTED","VEGETABLE TOTALS, IN THE OPEN - OPERATIONS WITH AREA HARVESTED",TOTAL,NOT SPECIFIED,OPERATIONS,32,32,FALSE,NASS Table 1,vegetable_totals_in_the_open_operations_with_area_harvested,NA
AG CENSUS AREA,AK,110,Juneau Area,1997,126,"VEGETABLE TOTALS, IN THE OPEN - ACRES HARVESTED","VEGETABLE TOTALS, IN THE OPEN - ACRES HARVESTED",TOTAL,NOT SPECIFIED,ACRES,NA,NA,FALSE,NASS Table 1,vegetable_totals_in_the_open_acres_harvested,NA
AG CENSUS AREA,AK,110,Juneau Area,2002,126,"VEGETABLE TOTALS, IN THE OPEN - ACRES HARVESTED","VEGETABLE TOTALS, IN THE OPEN - ACRES HARVESTED",TOTAL,NOT SPECIFIED,ACRES,NA,NA,FALSE,NASS Table 1,vegetable_totals_in_the_open_acres_harvested,NA
AG CENSUS AREA,AK,110,Juneau Area,2007,126,"VEGETABLE TOTALS, IN THE OPEN - ACRES HARVESTED","VEGETABLE TOTALS, IN THE OPEN - ACRES HARVESTED",TOTAL,NOT SPECIFIED,ACRES,NA,NA,FALSE,NASS Table 1,vegetable_totals_in_the_open_acres_harvested,NA
AG CENSUS AREA,AK,110,Juneau Area,2012,126,"VEGETABLE TOTALS, IN THE OPEN - ACRES HARVESTED","VEGETABLE TOTALS, IN THE OPEN - ACRES HARVESTED",TOTAL,NOT SPECIFIED,ACRES,10,10,FALSE,NASS Table 1,vegetable_totals_in_the_open_acres_harvested,NA
AG CENSUS AREA,AK,110,Juneau Area,2017,126,"VEGETABLE TOTALS, IN THE OPEN - ACRES HARVESTED","VEGETABLE TOTALS, IN THE OPEN - ACRES HARVESTED",TOTAL,NOT SPECIFIED,ACRES,11,11,FALSE,NASS Table 1,vegetable_totals_in_the_open_acres_harvested,NA
AG CENSUS AREA,AK,110,Juneau Area,2022,126,"VEGETABLE TOTALS, IN THE OPEN - ACRES HARVESTED","VEGETABLE TOTALS, IN THE OPEN - ACRES HARVESTED",TOTAL,NOT SPECIFIED,ACRES,27,27,FALSE,NASS Table 1,vegetable_totals_in_the_open_acres_harvested,NA
AG CENSUS AREA,AK,110,Juneau Area,2002,127,POTATOES - OPERATIONS WITH AREA HARVESTED,POTATOES - OPERATIONS WITH AREA HARVESTED,TOTAL,NOT SPECIFIED,OPERATIONS,4,4,FALSE,NASS Table 1,potatoes_operations_with_area_harvested,NA
AG CENSUS AREA,AK,110,Juneau Area,2007,127,POTATOES - OPERATIONS WITH AREA HARVESTED,POTATOES - OPERATIONS WITH AREA HARVESTED,TOTAL,NOT SPECIFIED,OPERATIONS,1,1,FALSE,NASS Table 1,potatoes_operations_with_area_harvested,NA
AG CENSUS AREA,AK,110,Juneau Area,2012,127,POTATOES - OPERATIONS WITH AREA HARVESTED,POTATOES - OPERATIONS WITH AREA HARVESTED,TOTAL,NOT SPECIFIED,OPERATIONS,9,9,FALSE,NASS Table 1,potatoes_operations_with_area_harvested,NA
AG CENSUS AREA,AK,110,Juneau Area,2017,127,POTATOES - OPERATIONS WITH AREA HARVESTED,POTATOES - OPERATIONS WITH AREA HARVESTED,TOTAL,NOT SPECIFIED,OPERATIONS,5,5,FALSE,NASS Table 1,potatoes_operations_with_area_harvested,NA
AG CENSUS AREA,AK,110,Juneau Area,2022,127,POTATOES - OPERATIONS WITH AREA HARVESTED,POTATOES - OPERATIONS WITH AREA HARVESTED,TOTAL,NOT SPECIFIED,OPERATIONS,9,9,FALSE,NASS Table 1,potatoes_operations_with_area_harvested,NA
AG CENSUS AREA,AK,110,Juneau Area,2002,128,POTATOES - ACRES HARVESTED,POTATOES - ACRES HARVESTED,TOTAL,NOT SPECIFIED,ACRES,NA,NA,FALSE,NASS Table 1,potatoes_acres_harvested,NA
AG CENSUS AREA,AK,110,Juneau Area,2007,128,POTATOES - ACRES HARVESTED,POTATOES - ACRES HARVESTED,TOTAL,NOT SPECIFIED,ACRES,NA,NA,FALSE,NASS Table 1,potatoes_acres_harvested,NA
AG CENSUS AREA,AK,110,Juneau Area,2012,128,POTATOES - ACRES HARVESTED,POTATOES - ACRES HARVESTED,TOTAL,NOT SPECIFIED,ACRES,3,3,FALSE,NASS Table 1,potatoes_acres_harvested,NA
AG CENSUS AREA,AK,110,Juneau Area,2017,128,POTATOES - ACRES HARVESTED,POTATOES - ACRES HARVESTED,TOTAL,NOT SPECIFIED,ACRES,3,3,FALSE,NASS Table 1,potatoes_acres_harvested,NA
AG CENSUS AREA,AK,110,Juneau Area,2022,128,POTATOES - ACRES HARVESTED,POTATOES - ACRES HARVESTED,TOTAL,NOT SPECIFIED,ACRES,1,1,FALSE,NASS Table 1,potatoes_acres_harvested,NA
AG CENSUS AREA,AK,110,Juneau Area,2002,131,ORCHARDS - OPERATIONS WITH AREA BEARING & NON-BEARING,ORCHARDS - OPERATIONS WITH AREA BEARING & NON-BEARING,TOTAL,NOT SPECIFIED,OPERATIONS,1,1,FALSE,NASS Table 1,orchards_operations_with_area_bearing_and_non_bearing,NA
AG CENSUS AREA,AK,110,Juneau Area,2017,131,ORCHARDS - OPERATIONS WITH AREA BEARING & NON-BEARING,ORCHARDS - OPERATIONS WITH AREA BEARING & NON-BEARING,TOTAL,NOT SPECIFIED,OPERATIONS,4,4,FALSE,NASS Table 1,orchards_operations_with_area_bearing_and_non_bearing,NA
AG CENSUS AREA,AK,110,Juneau Area,2022,131,ORCHARDS - OPERATIONS WITH AREA BEARING & NON-BEARING,ORCHARDS - OPERATIONS WITH AREA BEARING & NON-BEARING,TOTAL,NOT SPECIFIED,OPERATIONS,10,10,FALSE,NASS Table 1,orchards_operations_with_area_bearing_and_non_bearing,NA
AG CENSUS AREA,AK,110,Juneau Area,2002,132,ORCHARDS - ACRES BEARING & NON-BEARING,ORCHARDS - ACRES BEARING & NON-BEARING,TOTAL,NOT SPECIFIED,ACRES,NA,NA,FALSE,NASS Table 1,orchards_acres_bearing_and_non_bearing,NA
AG CENSUS AREA,AK,110,Juneau Area,2017,132,ORCHARDS - ACRES BEARING & NON-BEARING,ORCHARDS - ACRES BEARING & NON-BEARING,TOTAL,NOT SPECIFIED,ACRES,NA,NA,FALSE,NASS Table 1,orchards_acres_bearing_and_non_bearing,NA
AG CENSUS AREA,AK,110,Juneau Area,2022,132,ORCHARDS - ACRES BEARING & NON-BEARING,ORCHARDS - ACRES BEARING & NON-BEARING,TOTAL,NOT SPECIFIED,ACRES,3,3,FALSE,NASS Table 1,orchards_acres_bearing_and_non_bearing,NA
AG CENSUS AREA,AK,122,Kenai Peninsula Area,1997,1,FARM OPERATIONS - NUMBER OF OPERATIONS,FARM OPERATIONS - NUMBER OF OPERATIONS,TOTAL,NOT SPECIFIED,OPERATIONS,89,89,FALSE,NASS Table 1,farm_operations_number_of_operations,NA
AG CENSUS AREA,AK,122,Kenai Peninsula Area,2002,1,FARM OPERATIONS - NUMBER OF OPERATIONS,FARM OPERATIONS - NUMBER OF OPERATIONS,TOTAL,NOT SPECIFIED,OPERATIONS,98,98,FALSE,NASS Table 1,farm_operations_number_of_operations,NA
AG CENSUS AREA,AK,122,Kenai Peninsula Area,2007,1,FARM OPERATIONS - NUMBER OF OPERATIONS,FARM OPERATIONS - NUMBER OF OPERATIONS,TOTAL,NOT SPECIFIED,OPERATIONS,124,124,FALSE,NASS Table 1,farm_operations_number_of_operations,NA
AG CENSUS AREA,AK,122,Kenai Peninsula Area,2012,1,FARM OPERATIONS - NUMBER OF OPERATIONS,FARM OPERATIONS - NUMBER OF OPERATIONS,TOTAL,NOT SPECIFIED,OPERATIONS,162,162,FALSE,NASS Table 1,farm_operations_number_of_operations,NA
AG CENSUS AREA,AK,122,Kenai Peninsula Area,2017,1,FARM OPERATIONS - NUMBER OF OPERATIONS,FARM OPERATIONS - NUMBER OF OPERATIONS,TOTAL,NOT SPECIFIED,OPERATIONS,260,260,FALSE,NASS Table 1,farm_operations_number_of_operations,NA
AG CENSUS AREA,AK,122,Kenai Peninsula Area,2022,1,FARM OPERATIONS - NUMBER OF OPERATIONS,FARM OPERATIONS - NUMBER OF OPERATIONS,TOTAL,NOT SPECIFIED,OPERATIONS,317,317,FALSE,NASS Table 1,farm_operations_number_of_operations,NA
AG CENSUS AREA,AK,122,Kenai Peninsula Area,1997,2,FARM OPERATIONS - ACRES OPERATED,FARM OPERATIONS - ACRES OPERATED,TOTAL,NOT SPECIFIED,ACRES,56474,56474,FALSE,NASS Table 1,farm_operations_acres_operated,NA
AG CENSUS AREA,AK,122,Kenai Peninsula Area,2002,2,FARM OPERATIONS - ACRES OPERATED,FARM OPERATIONS - ACRES OPERATED,TOTAL,NOT SPECIFIED,ACRES,36289,36289,FALSE,NASS Table 1,farm_operations_acres_operated,NA
AG CENSUS AREA,AK,122,Kenai Peninsula Area,2007,2,FARM OPERATIONS - ACRES OPERATED,FARM OPERATIONS - ACRES OPERATED,TOTAL,NOT SPECIFIED,ACRES,38289,38289,FALSE,NASS Table 1,farm_operations_acres_operated,NA
AG CENSUS AREA,AK,122,Kenai Peninsula Area,2012,2,FARM OPERATIONS - ACRES OPERATED,FARM OPERATIONS - ACRES OPERATED,TOTAL,NOT SPECIFIED,ACRES,29140,29140,FALSE,NASS Table 1,farm_operations_acres_operated,NA
AG CENSUS AREA,AK,122,Kenai Peninsula Area,2017,2,FARM OPERATIONS - ACRES OPERATED,FARM OPERATIONS - ACRES OPERATED,TOTAL,NOT SPECIFIED,ACRES,31508,31508,FALSE,NASS Table 1,farm_operations_acres_operated,NA
AG CENSUS AREA,AK,122,Kenai Peninsula Area,2022,2,FARM OPERATIONS - ACRES OPERATED,FARM OPERATIONS - ACRES OPERATED,TOTAL,NOT SPECIFIED,ACRES,20953,20953,FALSE,NASS Table 1,farm_operations_acres_operated,NA
AG CENSUS AREA,AK,122,Kenai Peninsula Area,2002,3,"FARM OPERATIONS - AREA OPERATED, MEASURED IN ACRES / OPERATION","FARM OPERATIONS - AREA OPERATED, MEASURED IN ACRES / OPERATION",TOTAL,NOT SPECIFIED,ACRES / OPERATION,370,370,FALSE,NASS Table 1,farm_operations_area_operated_acres_per_operation,NA
AG CENSUS AREA,AK,122,Kenai Peninsula Area,2007,3,"FARM OPERATIONS - AREA OPERATED, MEASURED IN ACRES / OPERATION","FARM OPERATIONS - AREA OPERATED, MEASURED IN ACRES / OPERATION",TOTAL,NOT SPECIFIED,ACRES / OPERATION,309,309,FALSE,NASS Table 1,farm_operations_area_operated_acres_per_operation,NA
AG CENSUS AREA,AK,122,Kenai Peninsula Area,2012,3,"FARM OPERATIONS - AREA OPERATED, MEASURED IN ACRES / OPERATION","FARM OPERATIONS - AREA OPERATED, MEASURED IN ACRES / OPERATION",TOTAL,NOT SPECIFIED,ACRES / OPERATION,180,180,FALSE,NASS Table 1,farm_operations_area_operated_acres_per_operation,NA
AG CENSUS AREA,AK,122,Kenai Peninsula Area,2017,3,"FARM OPERATIONS - AREA OPERATED, MEASURED IN ACRES / OPERATION","FARM OPERATIONS - AREA OPERATED, MEASURED IN ACRES / OPERATION",TOTAL,NOT SPECIFIED,ACRES / OPERATION,121,121,FALSE,NASS Table 1,farm_operations_area_operated_acres_per_operation,NA
AG CENSUS AREA,AK,122,Kenai Peninsula Area,2022,3,"FARM OPERATIONS - AREA OPERATED, MEASURED IN ACRES / OPERATION","FARM OPERATIONS - AREA OPERATED, MEASURED IN ACRES / OPERATION",TOTAL,NOT SPECIFIED,ACRES / OPERATION,66,66,FALSE,NASS Table 1,farm_operations_area_operated_acres_per_operation,NA
AG CENSUS AREA,AK,122,Kenai Peninsula Area,2002,4,"FARM OPERATIONS - AREA OPERATED, MEASURED IN ACRES / OPERATION, MEDIAN","FARM OPERATIONS - AREA OPERATED, MEASURED IN ACRES / OPERATION, MEDIAN",TOTAL,NOT SPECIFIED,"ACRES / OPERATION, MEDIAN",56,56,FALSE,NASS Table 1,farm_operations_area_operated_acres_per_operation_median,NA
AG CENSUS AREA,AK,122,Kenai Peninsula Area,2007,4,"FARM OPERATIONS - AREA OPERATED, MEASURED IN ACRES / OPERATION, MEDIAN","FARM OPERATIONS - AREA OPERATED, MEASURED IN ACRES / OPERATION, MEDIAN",TOTAL,NOT SPECIFIED,"ACRES / OPERATION, MEDIAN",40,40,FALSE,NASS Table 1,farm_operations_area_operated_acres_per_operation_median,NA
AG CENSUS AREA,AK,122,Kenai Peninsula Area,2012,4,"FARM OPERATIONS - AREA OPERATED, MEASURED IN ACRES / OPERATION, MEDIAN","FARM OPERATIONS - AREA OPERATED, MEASURED IN ACRES / OPERATION, MEDIAN",TOTAL,NOT SPECIFIED,"ACRES / OPERATION, MEDIAN",20,20,FALSE,NASS Table 1,farm_operations_area_operated_acres_per_operation_median,NA
AG CENSUS AREA,AK,122,Kenai Peninsula Area,2017,4,"FARM OPERATIONS - AREA OPERATED, MEASURED IN ACRES / OPERATION, MEDIAN","FARM OPERATIONS - AREA OPERATED, MEASURED IN ACRES / OPERATION, MEDIAN",TOTAL,NOT SPECIFIED,"ACRES / OPERATION, MEDIAN",10,10,FALSE,NASS Table 1,farm_operations_area_operated_acres_per_operation_median,NA
AG CENSUS AREA,AK,122,Kenai Peninsula Area,2022,4,"FARM OPERATIONS - AREA OPERATED, MEASURED IN ACRES / OPERATION, MEDIAN","FARM OPERATIONS - AREA OPERATED, MEASURED IN ACRES / OPERATION, MEDIAN",TOTAL,NOT SPECIFIED,"ACRES / OPERATION, MEDIAN",10,10,FALSE,NASS Table 1,farm_operations_area_operated_acres_per_operation_median,NA
AG CENSUS AREA,AK,122,Kenai Peninsula Area,1997,5,"AG LAND, INCL BUILDINGS - ASSET VALUE, MEASURED IN $ / OPERATION","AG LAND, INCL BUILDINGS - ASSET VALUE, MEASURED IN $ / OPERATION",TOTAL,NOT SPECIFIED,$ / OPERATION,477258,477258,FALSE,NASS Table 1,ag_land_incl_buildings_asset_value_usd_per_operation,NA
AG CENSUS AREA,AK,122,Kenai Peninsula Area,2002,5,"AG LAND, INCL BUILDINGS - ASSET VALUE, MEASURED IN $ / OPERATION","AG LAND, INCL BUILDINGS - ASSET VALUE, MEASURED IN $ / OPERATION",TOTAL,NOT SPECIFIED,$ / OPERATION,522694,522694,FALSE,NASS Table 1,ag_land_incl_buildings_asset_value_usd_per_operation,NA
AG CENSUS AREA,AK,122,Kenai Peninsula Area,2007,5,"AG LAND, INCL BUILDINGS - ASSET VALUE, MEASURED IN $ / OPERATION","AG LAND, INCL BUILDINGS - ASSET VALUE, MEASURED IN $ / OPERATION",TOTAL,NOT SPECIFIED,$ / OPERATION,409882,409882,FALSE,NASS Table 1,ag_land_incl_buildings_asset_value_usd_per_operation,NA
AG CENSUS AREA,AK,122,Kenai Peninsula Area,2012,5,"AG LAND, INCL BUILDINGS - ASSET VALUE, MEASURED IN $ / OPERATION","AG LAND, INCL BUILDINGS - ASSET VALUE, MEASURED IN $ / OPERATION",TOTAL,NOT SPECIFIED,$ / OPERATION,435878,435878,FALSE,NASS Table 1,ag_land_incl_buildings_asset_value_usd_per_operation,NA
AG CENSUS AREA,AK,122,Kenai Peninsula Area,2017,5,"AG LAND, INCL BUILDINGS - ASSET VALUE, MEASURED IN $ / OPERATION","AG LAND, INCL BUILDINGS - ASSET VALUE, MEASURED IN $ / OPERATION",TOTAL,NOT SPECIFIED,$ / OPERATION,307385,307385,FALSE,NASS Table 1,ag_land_incl_buildings_asset_value_usd_per_operation,NA
AG CENSUS AREA,AK,122,Kenai Peninsula Area,2022,5,"AG LAND, INCL BUILDINGS - ASSET VALUE, MEASURED IN $ / OPERATION","AG LAND, INCL BUILDINGS - ASSET VALUE, MEASURED IN $ / OPERATION",TOTAL,NOT SPECIFIED,$ / OPERATION,385188,385188,FALSE,NASS Table 1,ag_land_incl_buildings_asset_value_usd_per_operation,NA
AG CENSUS AREA,AK,122,Kenai Peninsula Area,1997,6,"AG LAND, INCL BUILDINGS - ASSET VALUE, MEASURED IN $ / ACRE","AG LAND, INCL BUILDINGS - ASSET VALUE, MEASURED IN $ / ACRE",TOTAL,NOT SPECIFIED,$ / ACRE,752,752,FALSE,NASS Table 1,ag_land_incl_buildings_asset_value_usd_per_acre,NA
AG CENSUS AREA,AK,122,Kenai Peninsula Area,2002,6,"AG LAND, INCL BUILDINGS - ASSET VALUE, MEASURED IN $ / ACRE","AG LAND, INCL BUILDINGS - ASSET VALUE, MEASURED IN $ / ACRE",TOTAL,NOT SPECIFIED,$ / ACRE,1412,1412,FALSE,NASS Table 1,ag_land_incl_buildings_asset_value_usd_per_acre,NA
AG CENSUS AREA,AK,122,Kenai Peninsula Area,2007,6,"AG LAND, INCL BUILDINGS - ASSET VALUE, MEASURED IN $ / ACRE","AG LAND, INCL BUILDINGS - ASSET VALUE, MEASURED IN $ / ACRE",TOTAL,NOT SPECIFIED,$ / ACRE,1327,1327,FALSE,NASS Table 1,ag_land_incl_buildings_asset_value_usd_per_acre,NA
AG CENSUS AREA,AK,122,Kenai Peninsula Area,2012,6,"AG LAND, INCL BUILDINGS - ASSET VALUE, MEASURED IN $ / ACRE","AG LAND, INCL BUILDINGS - ASSET VALUE, MEASURED IN $ / ACRE",TOTAL,NOT SPECIFIED,$ / ACRE,2423,2423,FALSE,NASS Table 1,ag_land_incl_buildings_asset_value_usd_per_acre,NA
AG CENSUS AREA,AK,122,Kenai Peninsula Area,2017,6,"AG LAND, INCL BUILDINGS - ASSET VALUE, MEASURED IN $ / ACRE","AG LAND, INCL BUILDINGS - ASSET VALUE, MEASURED IN $ / ACRE",TOTAL,NOT SPECIFIED,$ / ACRE,2537,2537,FALSE,NASS Table 1,ag_land_incl_buildings_asset_value_usd_per_acre,NA
AG CENSUS AREA,AK,122,Kenai Peninsula Area,2022,6,"AG LAND, INCL BUILDINGS - ASSET VALUE, MEASURED IN $ / ACRE","AG LAND, INCL BUILDINGS - ASSET VALUE, MEASURED IN $ / ACRE",TOTAL,NOT SPECIFIED,$ / ACRE,5828,5828,FALSE,NASS Table 1,ag_land_incl_buildings_asset_value_usd_per_acre,NA
AG CENSUS AREA,AK,122,Kenai Peninsula Area,1997,7,"MACHINERY TOTALS - ASSET VALUE, MEASURED IN $","MACHINERY TOTALS - ASSET VALUE, MEASURED IN $",TOTAL,NOT SPECIFIED,$,3265000,3265000,FALSE,NASS Table 1,machinery_totals_asset_value_usd,NA
AG CENSUS AREA,AK,122,Kenai Peninsula Area,2002,7,"MACHINERY TOTALS - ASSET VALUE, MEASURED IN $","MACHINERY TOTALS - ASSET VALUE, MEASURED IN $",TOTAL,NOT SPECIFIED,$,4911000,4911000,FALSE,NASS Table 1,machinery_totals_asset_value_usd,NA
AG CENSUS AREA,AK,122,Kenai Peninsula Area,2007,7,"MACHINERY TOTALS - ASSET VALUE, MEASURED IN $","MACHINERY TOTALS - ASSET VALUE, MEASURED IN $",TOTAL,NOT SPECIFIED,$,6290000,6290000,FALSE,NASS Table 1,machinery_totals_asset_value_usd,NA
AG CENSUS AREA,AK,122,Kenai Peninsula Area,2012,7,"MACHINERY TOTALS - ASSET VALUE, MEASURED IN $","MACHINERY TOTALS - ASSET VALUE, MEASURED IN $",TOTAL,NOT SPECIFIED,$,7503000,7503000,FALSE,NASS Table 1,machinery_totals_asset_value_usd,NA
AG CENSUS AREA,AK,122,Kenai Peninsula Area,2017,7,"MACHINERY TOTALS - ASSET VALUE, MEASURED IN $","MACHINERY TOTALS - ASSET VALUE, MEASURED IN $",TOTAL,NOT SPECIFIED,$,12968000,12968000,FALSE,NASS Table 1,machinery_totals_asset_value_usd,NA
AG CENSUS AREA,AK,122,Kenai Peninsula Area,2022,7,"MACHINERY TOTALS - ASSET VALUE, MEASURED IN $","MACHINERY TOTALS - ASSET VALUE, MEASURED IN $",TOTAL,NOT SPECIFIED,$,17851000,17851000,FALSE,NASS Table 1,machinery_totals_asset_value_usd,NA
AG CENSUS AREA,AK,122,Kenai Peninsula Area,1997,8,"MACHINERY TOTALS - ASSET VALUE, MEASURED IN $ / OPERATION","MACHINERY TOTALS - ASSET VALUE, MEASURED IN $ / OPERATION",TOTAL,NOT SPECIFIED,$ / OPERATION,36684,36684,FALSE,NASS Table 1,machinery_totals_asset_value_usd_per_operation,NA
AG CENSUS AREA,AK,122,Kenai Peninsula Area,2002,8,"MACHINERY TOTALS - ASSET VALUE, MEASURED IN $ / OPERATION","MACHINERY TOTALS - ASSET VALUE, MEASURED IN $ / OPERATION",TOTAL,NOT SPECIFIED,$ / OPERATION,53382,53382,FALSE,NASS Table 1,machinery_totals_asset_value_usd_per_operation,NA
AG CENSUS AREA,AK,122,Kenai Peninsula Area,2007,8,"MACHINERY TOTALS - ASSET VALUE, MEASURED IN $ / OPERATION","MACHINERY TOTALS - ASSET VALUE, MEASURED IN $ / OPERATION",TOTAL,NOT SPECIFIED,$ / OPERATION,50729,50729,FALSE,NASS Table 1,machinery_totals_asset_value_usd_per_operation,NA
AG CENSUS AREA,AK,122,Kenai Peninsula Area,2012,8,"MACHINERY TOTALS - ASSET VALUE, MEASURED IN $ / OPERATION","MACHINERY TOTALS - ASSET VALUE, MEASURED IN $ / OPERATION",TOTAL,NOT SPECIFIED,$ / OPERATION,46313,46313,FALSE,NASS Table 1,machinery_totals_asset_value_usd_per_operation,NA
AG CENSUS AREA,AK,122,Kenai Peninsula Area,2017,8,"MACHINERY TOTALS - ASSET VALUE, MEASURED IN $ / OPERATION","MACHINERY TOTALS - ASSET VALUE, MEASURED IN $ / OPERATION",TOTAL,NOT SPECIFIED,$ / OPERATION,49878,49878,FALSE,NASS Table 1,machinery_totals_asset_value_usd_per_operation,NA
AG CENSUS AREA,AK,122,Kenai Peninsula Area,2022,8,"MACHINERY TOTALS - ASSET VALUE, MEASURED IN $ / OPERATION","MACHINERY TOTALS - ASSET VALUE, MEASURED IN $ / OPERATION",TOTAL,NOT SPECIFIED,$ / OPERATION,56312,56312,FALSE,NASS Table 1,machinery_totals_asset_value_usd_per_operation,NA
AG CENSUS AREA,AK,122,Kenai Peninsula Area,1997,9,FARM OPERATIONS - NUMBER OF OPERATIONS | AREA OPERATED: (1.0 TO 9.9 ACRES),FARM OPERATIONS - NUMBER OF OPERATIONS,AREA OPERATED,AREA OPERATED: (1.0 TO 9.9 ACRES),OPERATIONS,19,19,FALSE,NASS Table 1,farm_operations_number_of_operations_area_operated_1_0_to_9_9_acres,NA
AG CENSUS AREA,AK,122,Kenai Peninsula Area,2002,9,FARM OPERATIONS - NUMBER OF OPERATIONS | AREA OPERATED: (1.0 TO 9.9 ACRES),FARM OPERATIONS - NUMBER OF OPERATIONS,AREA OPERATED,AREA OPERATED: (1.0 TO 9.9 ACRES),OPERATIONS,23,23,FALSE,NASS Table 1,farm_operations_number_of_operations_area_operated_1_0_to_9_9_acres,NA
AG CENSUS AREA,AK,122,Kenai Peninsula Area,2007,9,FARM OPERATIONS - NUMBER OF OPERATIONS | AREA OPERATED: (1.0 TO 9.9 ACRES),FARM OPERATIONS - NUMBER OF OPERATIONS,AREA OPERATED,AREA OPERATED: (1.0 TO 9.9 ACRES),OPERATIONS,36,36,FALSE,NASS Table 1,farm_operations_number_of_operations_area_operated_1_0_to_9_9_acres,NA
AG CENSUS AREA,AK,122,Kenai Peninsula Area,2012,9,FARM OPERATIONS - NUMBER OF OPERATIONS | AREA OPERATED: (1.0 TO 9.9 ACRES),FARM OPERATIONS - NUMBER OF OPERATIONS,AREA OPERATED,AREA OPERATED: (1.0 TO 9.9 ACRES),OPERATIONS,62,62,FALSE,NASS Table 1,farm_operations_number_of_operations_area_operated_1_0_to_9_9_acres,NA
AG CENSUS AREA,AK,122,Kenai Peninsula Area,2017,9,FARM OPERATIONS - NUMBER OF OPERATIONS | AREA OPERATED: (1.0 TO 9.9 ACRES),FARM OPERATIONS - NUMBER OF OPERATIONS,AREA OPERATED,AREA OPERATED: (1.0 TO 9.9 ACRES),OPERATIONS,128,128,FALSE,NASS Table 1,farm_operations_number_of_operations_area_operated_1_0_to_9_9_acres,NA
AG CENSUS AREA,AK,122,Kenai Peninsula Area,2022,9,FARM OPERATIONS - NUMBER OF OPERATIONS | AREA OPERATED: (1.0 TO 9.9 ACRES),FARM OPERATIONS - NUMBER OF OPERATIONS,AREA OPERATED,AREA OPERATED: (1.0 TO 9.9 ACRES),OPERATIONS,145,145,FALSE,NASS Table 1,farm_operations_number_of_operations_area_operated_1_0_to_9_9_acres,NA
AG CENSUS AREA,AK,122,Kenai Peninsula Area,1997,10,FARM OPERATIONS - NUMBER OF OPERATIONS | AREA OPERATED: (10.0 TO 49.9 ACRES),FARM OPERATIONS - NUMBER OF OPERATIONS,AREA OPERATED,AREA OPERATED: (10.0 TO 49.9 ACRES),OPERATIONS,15,15,FALSE,NASS Table 1,farm_operations_number_of_operations_area_operated_10_0_to_49_9_acres,NA
AG CENSUS AREA,AK,122,Kenai Peninsula Area,2002,10,FARM OPERATIONS - NUMBER OF OPERATIONS | AREA OPERATED: (10.0 TO 49.9 ACRES),FARM OPERATIONS - NUMBER OF OPERATIONS,AREA OPERATED,AREA OPERATED: (10.0 TO 49.9 ACRES),OPERATIONS,24,24,FALSE,NASS Table 1,farm_operations_number_of_operations_area_operated_10_0_to_49_9_acres,NA
AG CENSUS AREA,AK,122,Kenai Peninsula Area,2007,10,FARM OPERATIONS - NUMBER OF OPERATIONS | AREA OPERATED: (10.0 TO 49.9 ACRES),FARM OPERATIONS - NUMBER OF OPERATIONS,AREA OPERATED,AREA OPERATED: (10.0 TO 49.9 ACRES),OPERATIONS,34,34,FALSE,NASS Table 1,farm_operations_number_of_operations_area_operated_10_0_to_49_9_acres,NA
AG CENSUS AREA,AK,122,Kenai Peninsula Area,2012,10,FARM OPERATIONS - NUMBER OF OPERATIONS | AREA OPERATED: (10.0 TO 49.9 ACRES),FARM OPERATIONS - NUMBER OF OPERATIONS,AREA OPERATED,AREA OPERATED: (10.0 TO 49.9 ACRES),OPERATIONS,48,48,FALSE,NASS Table 1,farm_operations_number_of_operations_area_operated_10_0_to_49_9_acres,NA
AG CENSUS AREA,AK,122,Kenai Peninsula Area,2017,10,FARM OPERATIONS - NUMBER OF OPERATIONS | AREA OPERATED: (10.0 TO 49.9 ACRES),FARM OPERATIONS - NUMBER OF OPERATIONS,AREA OPERATED,AREA OPERATED: (10.0 TO 49.9 ACRES),OPERATIONS,87,87,FALSE,NASS Table 1,farm_operations_number_of_operations_area_operated_10_0_to_49_9_acres,NA
AG CENSUS AREA,AK,122,Kenai Peninsula Area,2022,10,FARM OPERATIONS - NUMBER OF OPERATIONS | AREA OPERATED: (10.0 TO 49.9 ACRES),FARM OPERATIONS - NUMBER OF OPERATIONS,AREA OPERATED,AREA OPERATED: (10.0 TO 49.9 ACRES),OPERATIONS,112,112,FALSE,NASS Table 1,farm_operations_number_of_operations_area_operated_10_0_to_49_9_acres,NA
AG CENSUS AREA,AK,122,Kenai Peninsula Area,2002,11,FARM OPERATIONS - NUMBER OF OPERATIONS | AREA OPERATED: (50 TO 179 ACRES),FARM OPERATIONS - NUMBER OF OPERATIONS,AREA OPERATED,AREA OPERATED: (50 TO 179 ACRES),OPERATIONS,36,36,FALSE,NASS Table 1,farm_operations_number_of_operations_area_operated_50_to_179_acres,NA
AG CENSUS AREA,AK,122,Kenai Peninsula Area,2007,11,FARM OPERATIONS - NUMBER OF OPERATIONS | AREA OPERATED: (50 TO 179 ACRES),FARM OPERATIONS - NUMBER OF OPERATIONS,AREA OPERATED,AREA OPERATED: (50 TO 179 ACRES),OPERATIONS,33,33,FALSE,NASS Table 1,farm_operations_number_of_operations_area_operated_50_to_179_acres,NA
AG CENSUS AREA,AK,122,Kenai Peninsula Area,2012,11,FARM OPERATIONS - NUMBER OF OPERATIONS | AREA OPERATED: (50 TO 179 ACRES),FARM OPERATIONS - NUMBER OF OPERATIONS,AREA OPERATED,AREA OPERATED: (50 TO 179 ACRES),OPERATIONS,31,31,FALSE,NASS Table 1,farm_operations_number_of_operations_area_operated_50_to_179_acres,NA
AG CENSUS AREA,AK,122,Kenai Peninsula Area,2017,11,FARM OPERATIONS - NUMBER OF OPERATIONS | AREA OPERATED: (50 TO 179 ACRES),FARM OPERATIONS - NUMBER OF OPERATIONS,AREA OPERATED,AREA OPERATED: (50 TO 179 ACRES),OPERATIONS,30,30,FALSE,NASS Table 1,farm_operations_number_of_operations_area_operated_50_to_179_acres,NA
AG CENSUS AREA,AK,122,Kenai Peninsula Area,2022,11,FARM OPERATIONS - NUMBER OF OPERATIONS | AREA OPERATED: (50 TO 179 ACRES),FARM OPERATIONS - NUMBER OF OPERATIONS,AREA OPERATED,AREA OPERATED: (50 TO 179 ACRES),OPERATIONS,47,47,FALSE,NASS Table 1,farm_operations_number_of_operations_area_operated_50_to_179_acres,NA
AG CENSUS AREA,AK,122,Kenai Peninsula Area,2002,12,FARM OPERATIONS - NUMBER OF OPERATIONS | AREA OPERATED: (180 TO 499 ACRES),FARM OPERATIONS - NUMBER OF OPERATIONS,AREA OPERATED,AREA OPERATED: (180 TO 499 ACRES),OPERATIONS,6,6,FALSE,NASS Table 1,farm_operations_number_of_operations_area_operated_180_to_499_acres,NA
AG CENSUS AREA,AK,122,Kenai Peninsula Area,2007,12,FARM OPERATIONS - NUMBER OF OPERATIONS | AREA OPERATED: (180 TO 499 ACRES),FARM OPERATIONS - NUMBER OF OPERATIONS,AREA OPERATED,AREA OPERATED: (180 TO 499 ACRES),OPERATIONS,14,14,FALSE,NASS Table 1,farm_operations_number_of_operations_area_operated_180_to_499_acres,NA
AG CENSUS AREA,AK,122,Kenai Peninsula Area,2012,12,FARM OPERATIONS - NUMBER OF OPERATIONS | AREA OPERATED: (180 TO 499 ACRES),FARM OPERATIONS - NUMBER OF OPERATIONS,AREA OPERATED,AREA OPERATED: (180 TO 499 ACRES),OPERATIONS,13,13,FALSE,NASS Table 1,farm_operations_number_of_operations_area_operated_180_to_499_acres,NA
AG CENSUS AREA,AK,122,Kenai Peninsula Area,2017,12,FARM OPERATIONS - NUMBER OF OPERATIONS | AREA OPERATED: (180 TO 499 ACRES),FARM OPERATIONS - NUMBER OF OPERATIONS,AREA OPERATED,AREA OPERATED: (180 TO 499 ACRES),OPERATIONS,9,9,FALSE,NASS Table 1,farm_operations_number_of_operations_area_operated_180_to_499_acres,NA
AG CENSUS AREA,AK,122,Kenai Peninsula Area,2022,12,FARM OPERATIONS - NUMBER OF OPERATIONS | AREA OPERATED: (180 TO 499 ACRES),FARM OPERATIONS - NUMBER OF OPERATIONS,AREA OPERATED,AREA OPERATED: (180 TO 499 ACRES),OPERATIONS,8,8,FALSE,NASS Table 1,farm_operations_number_of_operations_area_operated_180_to_499_acres,NA
AG CENSUS AREA,AK,122,Kenai Peninsula Area,1997,13,FARM OPERATIONS - NUMBER OF OPERATIONS | AREA OPERATED: (500 TO 999 ACRES),FARM OPERATIONS - NUMBER OF OPERATIONS,AREA OPERATED,AREA OPERATED: (500 TO 999 ACRES),OPERATIONS,3,3,FALSE,NASS Table 1,farm_operations_number_of_operations_area_operated_500_to_999_acres,NA
AG CENSUS AREA,AK,122,Kenai Peninsula Area,2002,13,FARM OPERATIONS - NUMBER OF OPERATIONS | AREA OPERATED: (500 TO 999 ACRES),FARM OPERATIONS - NUMBER OF OPERATIONS,AREA OPERATED,AREA OPERATED: (500 TO 999 ACRES),OPERATIONS,3,3,FALSE,NASS Table 1,farm_operations_number_of_operations_area_operated_500_to_999_acres,NA
AG CENSUS AREA,AK,122,Kenai Peninsula Area,2007,13,FARM OPERATIONS - NUMBER OF OPERATIONS | AREA OPERATED: (500 TO 999 ACRES),FARM OPERATIONS - NUMBER OF OPERATIONS,AREA OPERATED,AREA OPERATED: (500 TO 999 ACRES),OPERATIONS,2,2,FALSE,NASS Table 1,farm_operations_number_of_operations_area_operated_500_to_999_acres,NA
AG CENSUS AREA,AK,122,Kenai Peninsula Area,2012,13,FARM OPERATIONS - NUMBER OF OPERATIONS | AREA OPERATED: (500 TO 999 ACRES),FARM OPERATIONS - NUMBER OF OPERATIONS,AREA OPERATED,AREA OPERATED: (500 TO 999 ACRES),OPERATIONS,2,2,FALSE,NASS Table 1,farm_operations_number_of_operations_area_operated_500_to_999_acres,NA
AG CENSUS AREA,AK,122,Kenai Peninsula Area,2017,13,FARM OPERATIONS - NUMBER OF OPERATIONS | AREA OPERATED: (500 TO 999 ACRES),FARM OPERATIONS - NUMBER OF OPERATIONS,AREA OPERATED,AREA OPERATED: (500 TO 999 ACRES),OPERATIONS,1,1,FALSE,NASS Table 1,farm_operations_number_of_operations_area_operated_500_to_999_acres,NA
AG CENSUS AREA,AK,122,Kenai Peninsula Area,2022,13,FARM OPERATIONS - NUMBER OF OPERATIONS | AREA OPERATED: (500 TO 999 ACRES),FARM OPERATIONS - NUMBER OF OPERATIONS,AREA OPERATED,AREA OPERATED: (500 TO 999 ACRES),OPERATIONS,2,2,FALSE,NASS Table 1,farm_operations_number_of_operations_area_operated_500_to_999_acres,NA
AG CENSUS AREA,AK,122,Kenai Peninsula Area,2002,14,"FARM OPERATIONS - NUMBER OF OPERATIONS | AREA OPERATED: (1,000 OR MORE ACRES)",FARM OPERATIONS - NUMBER OF OPERATIONS,AREA OPERATED,"AREA OPERATED: (1,000 OR MORE ACRES)",OPERATIONS,6,6,FALSE,NASS Table 1,farm_operations_number_of_operations_area_operated_1_000_or_more_acres,NA
AG CENSUS AREA,AK,122,Kenai Peninsula Area,2007,14,"FARM OPERATIONS - NUMBER OF OPERATIONS | AREA OPERATED: (1,000 OR MORE ACRES)",FARM OPERATIONS - NUMBER OF OPERATIONS,AREA OPERATED,"AREA OPERATED: (1,000 OR MORE ACRES)",OPERATIONS,5,5,FALSE,NASS Table 1,farm_operations_number_of_operations_area_operated_1_000_or_more_acres,NA
AG CENSUS AREA,AK,122,Kenai Peninsula Area,2012,14,"FARM OPERATIONS - NUMBER OF OPERATIONS | AREA OPERATED: (1,000 OR MORE ACRES)",FARM OPERATIONS - NUMBER OF OPERATIONS,AREA OPERATED,"AREA OPERATED: (1,000 OR MORE ACRES)",OPERATIONS,6,6,FALSE,NASS Table 1,farm_operations_number_of_operations_area_operated_1_000_or_more_acres,NA
AG CENSUS AREA,AK,122,Kenai Peninsula Area,2017,14,"FARM OPERATIONS - NUMBER OF OPERATIONS | AREA OPERATED: (1,000 OR MORE ACRES)",FARM OPERATIONS - NUMBER OF OPERATIONS,AREA OPERATED,"AREA OPERATED: (1,000 OR MORE ACRES)",OPERATIONS,5,5,FALSE,NASS Table 1,farm_operations_number_of_operations_area_operated_1_000_or_more_acres,NA
AG CENSUS AREA,AK,122,Kenai Peninsula Area,2022,14,"FARM OPERATIONS - NUMBER OF OPERATIONS | AREA OPERATED: (1,000 OR MORE ACRES)",FARM OPERATIONS - NUMBER OF OPERATIONS,AREA OPERATED,"AREA OPERATED: (1,000 OR MORE ACRES)",OPERATIONS,3,3,FALSE,NASS Table 1,farm_operations_number_of_operations_area_operated_1_000_or_more_acres,NA
AG CENSUS AREA,AK,122,Kenai Peninsula Area,1997,15,"AG LAND, CROPLAND - NUMBER OF OPERATIONS","AG LAND, CROPLAND - NUMBER OF OPERATIONS",TOTAL,NOT SPECIFIED,OPERATIONS,77,77,FALSE,NASS Table 1,ag_land_cropland_number_of_operations,NA
AG CENSUS AREA,AK,122,Kenai Peninsula Area,2002,15,"AG LAND, CROPLAND - NUMBER OF OPERATIONS","AG LAND, CROPLAND - NUMBER OF OPERATIONS",TOTAL,NOT SPECIFIED,OPERATIONS,79,79,FALSE,NASS Table 1,ag_land_cropland_number_of_operations,NA
AG CENSUS AREA,AK,122,Kenai Peninsula Area,2007,15,"AG LAND, CROPLAND - NUMBER OF OPERATIONS","AG LAND, CROPLAND - NUMBER OF OPERATIONS",TOTAL,NOT SPECIFIED,OPERATIONS,87,87,FALSE,NASS Table 1,ag_land_cropland_number_of_operations,NA
AG CENSUS AREA,AK,122,Kenai Peninsula Area,2012,15,"AG LAND, CROPLAND - NUMBER OF OPERATIONS","AG LAND, CROPLAND - NUMBER OF OPERATIONS",TOTAL,NOT SPECIFIED,OPERATIONS,117,117,FALSE,NASS Table 1,ag_land_cropland_number_of_operations,NA
AG CENSUS AREA,AK,122,Kenai Peninsula Area,2017,15,"AG LAND, CROPLAND - NUMBER OF OPERATIONS","AG LAND, CROPLAND - NUMBER OF OPERATIONS",TOTAL,NOT SPECIFIED,OPERATIONS,207,207,FALSE,NASS Table 1,ag_land_cropland_number_of_operations,NA
AG CENSUS AREA,AK,122,Kenai Peninsula Area,2022,15,"AG LAND, CROPLAND - NUMBER OF OPERATIONS","AG LAND, CROPLAND - NUMBER OF OPERATIONS",TOTAL,NOT SPECIFIED,OPERATIONS,251,251,FALSE,NASS Table 1,ag_land_cropland_number_of_operations,NA
AG CENSUS AREA,AK,122,Kenai Peninsula Area,1997,16,"AG LAND, CROPLAND - ACRES","AG LAND, CROPLAND - ACRES",TOTAL,NOT SPECIFIED,ACRES,7588,7588,FALSE,NASS Table 1,ag_land_cropland_acres,NA
AG CENSUS AREA,AK,122,Kenai Peninsula Area,2002,16,"AG LAND, CROPLAND - ACRES","AG LAND, CROPLAND - ACRES",TOTAL,NOT SPECIFIED,ACRES,6263,6263,FALSE,NASS Table 1,ag_land_cropland_acres,NA
AG CENSUS AREA,AK,122,Kenai Peninsula Area,2007,16,"AG LAND, CROPLAND - ACRES","AG LAND, CROPLAND - ACRES",TOTAL,NOT SPECIFIED,ACRES,5253,5253,FALSE,NASS Table 1,ag_land_cropland_acres,NA
AG CENSUS AREA,AK,122,Kenai Peninsula Area,2012,16,"AG LAND, CROPLAND - ACRES","AG LAND, CROPLAND - ACRES",TOTAL,NOT SPECIFIED,ACRES,4459,4459,FALSE,NASS Table 1,ag_land_cropland_acres,NA
AG CENSUS AREA,AK,122,Kenai Peninsula Area,2017,16,"AG LAND, CROPLAND - ACRES","AG LAND, CROPLAND - ACRES",TOTAL,NOT SPECIFIED,ACRES,3796,3796,FALSE,NASS Table 1,ag_land_cropland_acres,NA
AG CENSUS AREA,AK,122,Kenai Peninsula Area,2022,16,"AG LAND, CROPLAND - ACRES","AG LAND, CROPLAND - ACRES",TOTAL,NOT SPECIFIED,ACRES,2947,2947,FALSE,NASS Table 1,ag_land_cropland_acres,NA
AG CENSUS AREA,AK,122,Kenai Peninsula Area,1997,17,"AG LAND, CROPLAND, HARVESTED - NUMBER OF OPERATIONS","AG LAND, CROPLAND, HARVESTED - NUMBER OF OPERATIONS",TOTAL,NOT SPECIFIED,OPERATIONS,68,68,FALSE,NASS Table 1,ag_land_cropland_harvested_number_of_operations,NA
AG CENSUS AREA,AK,122,Kenai Peninsula Area,2002,17,"AG LAND, CROPLAND, HARVESTED - NUMBER OF OPERATIONS","AG LAND, CROPLAND, HARVESTED - NUMBER OF OPERATIONS",TOTAL,NOT SPECIFIED,OPERATIONS,68,68,FALSE,NASS Table 1,ag_land_cropland_harvested_number_of_operations,NA
AG CENSUS AREA,AK,122,Kenai Peninsula Area,2007,17,"AG LAND, CROPLAND, HARVESTED - NUMBER OF OPERATIONS","AG LAND, CROPLAND, HARVESTED - NUMBER OF OPERATIONS",TOTAL,NOT SPECIFIED,OPERATIONS,72,72,FALSE,NASS Table 1,ag_land_cropland_harvested_number_of_operations,NA
AG CENSUS AREA,AK,122,Kenai Peninsula Area,2012,17,"AG LAND, CROPLAND, HARVESTED - NUMBER OF OPERATIONS","AG LAND, CROPLAND, HARVESTED - NUMBER OF OPERATIONS",TOTAL,NOT SPECIFIED,OPERATIONS,107,107,FALSE,NASS Table 1,ag_land_cropland_harvested_number_of_operations,NA
AG CENSUS AREA,AK,122,Kenai Peninsula Area,2017,17,"AG LAND, CROPLAND, HARVESTED - NUMBER OF OPERATIONS","AG LAND, CROPLAND, HARVESTED - NUMBER OF OPERATIONS",TOTAL,NOT SPECIFIED,OPERATIONS,189,189,FALSE,NASS Table 1,ag_land_cropland_harvested_number_of_operations,NA
AG CENSUS AREA,AK,122,Kenai Peninsula Area,2022,17,"AG LAND, CROPLAND, HARVESTED - NUMBER OF OPERATIONS","AG LAND, CROPLAND, HARVESTED - NUMBER OF OPERATIONS",TOTAL,NOT SPECIFIED,OPERATIONS,232,232,FALSE,NASS Table 1,ag_land_cropland_harvested_number_of_operations,NA
AG CENSUS AREA,AK,122,Kenai Peninsula Area,1997,18,"AG LAND, CROPLAND, HARVESTED - ACRES","AG LAND, CROPLAND, HARVESTED - ACRES",TOTAL,NOT SPECIFIED,ACRES,2660,2660,FALSE,NASS Table 1,ag_land_cropland_harvested_acres,NA
AG CENSUS AREA,AK,122,Kenai Peninsula Area,2002,18,"AG LAND, CROPLAND, HARVESTED - ACRES","AG LAND, CROPLAND, HARVESTED - ACRES",TOTAL,NOT SPECIFIED,ACRES,2681,2681,FALSE,NASS Table 1,ag_land_cropland_harvested_acres,NA
AG CENSUS AREA,AK,122,Kenai Peninsula Area,2007,18,"AG LAND, CROPLAND, HARVESTED - ACRES","AG LAND, CROPLAND, HARVESTED - ACRES",TOTAL,NOT SPECIFIED,ACRES,2219,2219,FALSE,NASS Table 1,ag_land_cropland_harvested_acres,NA
AG CENSUS AREA,AK,122,Kenai Peninsula Area,2012,18,"AG LAND, CROPLAND, HARVESTED - ACRES","AG LAND, CROPLAND, HARVESTED - ACRES",TOTAL,NOT SPECIFIED,ACRES,2359,2359,FALSE,NASS Table 1,ag_land_cropland_harvested_acres,NA
AG CENSUS AREA,AK,122,Kenai Peninsula Area,2017,18,"AG LAND, CROPLAND, HARVESTED - ACRES","AG LAND, CROPLAND, HARVESTED - ACRES",TOTAL,NOT SPECIFIED,ACRES,NA,NA,FALSE,NASS Table 1,ag_land_cropland_harvested_acres,NA
AG CENSUS AREA,AK,122,Kenai Peninsula Area,2022,18,"AG LAND, CROPLAND, HARVESTED - ACRES","AG LAND, CROPLAND, HARVESTED - ACRES",TOTAL,NOT SPECIFIED,ACRES,2360,2360,FALSE,NASS Table 1,ag_land_cropland_harvested_acres,NA
AG CENSUS AREA,AK,122,Kenai Peninsula Area,2002,19,"AG LAND, IRRIGATED - NUMBER OF OPERATIONS","AG LAND, IRRIGATED - NUMBER OF OPERATIONS",TOTAL,NOT SPECIFIED,OPERATIONS,16,16,FALSE,NASS Table 1,ag_land_irrigated_number_of_operations,NA
AG CENSUS AREA,AK,122,Kenai Peninsula Area,2007,19,"AG LAND, IRRIGATED - NUMBER OF OPERATIONS","AG LAND, IRRIGATED - NUMBER OF OPERATIONS",TOTAL,NOT SPECIFIED,OPERATIONS,22,22,FALSE,NASS Table 1,ag_land_irrigated_number_of_operations,NA
AG CENSUS AREA,AK,122,Kenai Peninsula Area,2012,19,"AG LAND, IRRIGATED - NUMBER OF OPERATIONS","AG LAND, IRRIGATED - NUMBER OF OPERATIONS",TOTAL,NOT SPECIFIED,OPERATIONS,47,47,FALSE,NASS Table 1,ag_land_irrigated_number_of_operations,NA
AG CENSUS AREA,AK,122,Kenai Peninsula Area,2017,19,"AG LAND, IRRIGATED - NUMBER OF OPERATIONS","AG LAND, IRRIGATED - NUMBER OF OPERATIONS",TOTAL,NOT SPECIFIED,OPERATIONS,108,108,FALSE,NASS Table 1,ag_land_irrigated_number_of_operations,NA
AG CENSUS AREA,AK,122,Kenai Peninsula Area,2022,19,"AG LAND, IRRIGATED - NUMBER OF OPERATIONS","AG LAND, IRRIGATED - NUMBER OF OPERATIONS",TOTAL,NOT SPECIFIED,OPERATIONS,135,135,FALSE,NASS Table 1,ag_land_irrigated_number_of_operations,NA
AG CENSUS AREA,AK,122,Kenai Peninsula Area,1997,20,"AG LAND, IRRIGATED - ACRES","AG LAND, IRRIGATED - ACRES",TOTAL,NOT SPECIFIED,ACRES,13,13,FALSE,NASS Table 1,ag_land_irrigated_acres,NA
AG CENSUS AREA,AK,122,Kenai Peninsula Area,2002,20,"AG LAND, IRRIGATED - ACRES","AG LAND, IRRIGATED - ACRES",TOTAL,NOT SPECIFIED,ACRES,55,55,FALSE,NASS Table 1,ag_land_irrigated_acres,NA
AG CENSUS AREA,AK,122,Kenai Peninsula Area,2007,20,"AG LAND, IRRIGATED - ACRES","AG LAND, IRRIGATED - ACRES",TOTAL,NOT SPECIFIED,ACRES,30,30,FALSE,NASS Table 1,ag_land_irrigated_acres,NA
AG CENSUS AREA,AK,122,Kenai Peninsula Area,2012,20,"AG LAND, IRRIGATED - ACRES","AG LAND, IRRIGATED - ACRES",TOTAL,NOT SPECIFIED,ACRES,73,73,FALSE,NASS Table 1,ag_land_irrigated_acres,NA
AG CENSUS AREA,AK,122,Kenai Peninsula Area,2017,20,"AG LAND, IRRIGATED - ACRES","AG LAND, IRRIGATED - ACRES",TOTAL,NOT SPECIFIED,ACRES,148,148,FALSE,NASS Table 1,ag_land_irrigated_acres,NA
AG CENSUS AREA,AK,122,Kenai Peninsula Area,2022,20,"AG LAND, IRRIGATED - ACRES","AG LAND, IRRIGATED - ACRES",TOTAL,NOT SPECIFIED,ACRES,266,266,FALSE,NASS Table 1,ag_land_irrigated_acres,NA
AG CENSUS AREA,AK,122,Kenai Peninsula Area,1997,21,"COMMODITY TOTALS - SALES, MEASURED IN $","COMMODITY TOTALS - SALES, MEASURED IN $",TOTAL,NOT SPECIFIED,$,1259000,1259000,FALSE,NASS Table 1,commodity_totals_sales_usd,NA
AG CENSUS AREA,AK,122,Kenai Peninsula Area,2002,21,"COMMODITY TOTALS - SALES, MEASURED IN $","COMMODITY TOTALS - SALES, MEASURED IN $",TOTAL,NOT SPECIFIED,$,2056000,2056000,FALSE,NASS Table 1,commodity_totals_sales_usd,NA
AG CENSUS AREA,AK,122,Kenai Peninsula Area,2007,21,"COMMODITY TOTALS - SALES, MEASURED IN $","COMMODITY TOTALS - SALES, MEASURED IN $",TOTAL,NOT SPECIFIED,$,NA,NA,FALSE,NASS Table 1,commodity_totals_sales_usd,NA
AG CENSUS AREA,AK,122,Kenai Peninsula Area,2012,21,"COMMODITY TOTALS - SALES, MEASURED IN $","COMMODITY TOTALS - SALES, MEASURED IN $",TOTAL,NOT SPECIFIED,$,NA,NA,FALSE,NASS Table 1,commodity_totals_sales_usd,NA
AG CENSUS AREA,AK,122,Kenai Peninsula Area,2017,21,"COMMODITY TOTALS - SALES, MEASURED IN $","COMMODITY TOTALS - SALES, MEASURED IN $",TOTAL,NOT SPECIFIED,$,5423000,5423000,FALSE,NASS Table 1,commodity_totals_sales_usd,NA
AG CENSUS AREA,AK,122,Kenai Peninsula Area,2022,21,"COMMODITY TOTALS - SALES, MEASURED IN $","COMMODITY TOTALS - SALES, MEASURED IN $",TOTAL,NOT SPECIFIED,$,8111000,8111000,FALSE,NASS Table 1,commodity_totals_sales_usd,NA
AG CENSUS AREA,AK,122,Kenai Peninsula Area,1997,22,"COMMODITY TOTALS - SALES, MEASURED IN $ / OPERATION","COMMODITY TOTALS - SALES, MEASURED IN $ / OPERATION",TOTAL,NOT SPECIFIED,$ / OPERATION,14151,14151,FALSE,NASS Table 1,commodity_totals_sales_usd_per_operation,NA
AG CENSUS AREA,AK,122,Kenai Peninsula Area,2002,22,"COMMODITY TOTALS - SALES, MEASURED IN $ / OPERATION","COMMODITY TOTALS - SALES, MEASURED IN $ / OPERATION",TOTAL,NOT SPECIFIED,$ / OPERATION,20976,20976,FALSE,NASS Table 1,commodity_totals_sales_usd_per_operation,NA
AG CENSUS AREA,AK,122,Kenai Peninsula Area,2007,22,"COMMODITY TOTALS - SALES, MEASURED IN $ / OPERATION","COMMODITY TOTALS - SALES, MEASURED IN $ / OPERATION",TOTAL,NOT SPECIFIED,$ / OPERATION,NA,NA,FALSE,NASS Table 1,commodity_totals_sales_usd_per_operation,NA
AG CENSUS AREA,AK,122,Kenai Peninsula Area,2012,22,"COMMODITY TOTALS - SALES, MEASURED IN $ / OPERATION","COMMODITY TOTALS - SALES, MEASURED IN $ / OPERATION",TOTAL,NOT SPECIFIED,$ / OPERATION,NA,NA,FALSE,NASS Table 1,commodity_totals_sales_usd_per_operation,NA
AG CENSUS AREA,AK,122,Kenai Peninsula Area,2017,22,"COMMODITY TOTALS - SALES, MEASURED IN $ / OPERATION","COMMODITY TOTALS - SALES, MEASURED IN $ / OPERATION",TOTAL,NOT SPECIFIED,$ / OPERATION,20856,20856,FALSE,NASS Table 1,commodity_totals_sales_usd_per_operation,NA
AG CENSUS AREA,AK,122,Kenai Peninsula Area,2022,22,"COMMODITY TOTALS - SALES, MEASURED IN $ / OPERATION","COMMODITY TOTALS - SALES, MEASURED IN $ / OPERATION",TOTAL,NOT SPECIFIED,$ / OPERATION,25587,25587,FALSE,NASS Table 1,commodity_totals_sales_usd_per_operation,NA
AG CENSUS AREA,AK,122,Kenai Peninsula Area,1997,23,"CROP TOTALS - SALES, MEASURED IN $","CROP TOTALS - SALES, MEASURED IN $",TOTAL,NOT SPECIFIED,$,904000,904000,FALSE,NASS Table 1,crop_totals_sales_usd,NA
AG CENSUS AREA,AK,122,Kenai Peninsula Area,2002,23,"CROP TOTALS - SALES, MEASURED IN $","CROP TOTALS - SALES, MEASURED IN $",TOTAL,NOT SPECIFIED,$,NA,NA,FALSE,NASS Table 1,crop_totals_sales_usd,NA
AG CENSUS AREA,AK,122,Kenai Peninsula Area,2007,23,"CROP TOTALS - SALES, MEASURED IN $","CROP TOTALS - SALES, MEASURED IN $",TOTAL,NOT SPECIFIED,$,NA,NA,FALSE,NASS Table 1,crop_totals_sales_usd,NA
AG CENSUS AREA,AK,122,Kenai Peninsula Area,2012,23,"CROP TOTALS - SALES, MEASURED IN $","CROP TOTALS - SALES, MEASURED IN $",TOTAL,NOT SPECIFIED,$,1647000,1647000,FALSE,NASS Table 1,crop_totals_sales_usd,NA
AG CENSUS AREA,AK,122,Kenai Peninsula Area,2017,23,"CROP TOTALS - SALES, MEASURED IN $","CROP TOTALS - SALES, MEASURED IN $",TOTAL,NOT SPECIFIED,$,2711000,2711000,FALSE,NASS Table 1,crop_totals_sales_usd,NA
AG CENSUS AREA,AK,122,Kenai Peninsula Area,2022,23,"CROP TOTALS - SALES, MEASURED IN $","CROP TOTALS - SALES, MEASURED IN $",TOTAL,NOT SPECIFIED,$,4238000,4238000,FALSE,NASS Table 1,crop_totals_sales_usd,NA
AG CENSUS AREA,AK,122,Kenai Peninsula Area,1997,24,"ANIMAL TOTALS, INCL PRODUCTS - SALES, MEASURED IN $","ANIMAL TOTALS, INCL PRODUCTS - SALES, MEASURED IN $",TOTAL,NOT SPECIFIED,$,355000,355000,FALSE,NASS Table 1,animal_totals_incl_products_sales_usd,NA
AG CENSUS AREA,AK,122,Kenai Peninsula Area,2002,24,"ANIMAL TOTALS, INCL PRODUCTS - SALES, MEASURED IN $","ANIMAL TOTALS, INCL PRODUCTS - SALES, MEASURED IN $",TOTAL,NOT SPECIFIED,$,NA,NA,FALSE,NASS Table 1,animal_totals_incl_products_sales_usd,NA
AG CENSUS AREA,AK,122,Kenai Peninsula Area,2007,24,"ANIMAL TOTALS, INCL PRODUCTS - SALES, MEASURED IN $","ANIMAL TOTALS, INCL PRODUCTS - SALES, MEASURED IN $",TOTAL,NOT SPECIFIED,$,NA,NA,FALSE,NASS Table 1,animal_totals_incl_products_sales_usd,NA
AG CENSUS AREA,AK,122,Kenai Peninsula Area,2012,24,"ANIMAL TOTALS, INCL PRODUCTS - SALES, MEASURED IN $","ANIMAL TOTALS, INCL PRODUCTS - SALES, MEASURED IN $",TOTAL,NOT SPECIFIED,$,NA,NA,FALSE,NASS Table 1,animal_totals_incl_products_sales_usd,NA
AG CENSUS AREA,AK,122,Kenai Peninsula Area,2017,24,"ANIMAL TOTALS, INCL PRODUCTS - SALES, MEASURED IN $","ANIMAL TOTALS, INCL PRODUCTS - SALES, MEASURED IN $",TOTAL,NOT SPECIFIED,$,2712000,2712000,FALSE,NASS Table 1,animal_totals_incl_products_sales_usd,NA
AG CENSUS AREA,AK,122,Kenai Peninsula Area,2022,24,"ANIMAL TOTALS, INCL PRODUCTS - SALES, MEASURED IN $","ANIMAL TOTALS, INCL PRODUCTS - SALES, MEASURED IN $",TOTAL,NOT SPECIFIED,$,3873000,3873000,FALSE,NASS Table 1,animal_totals_incl_products_sales_usd,NA
AG CENSUS AREA,AK,122,Kenai Peninsula Area,2002,25,"COMMODITY TOTALS - OPERATIONS WITH SALES | FARM SALES: (LESS THAN 2,500 $)",COMMODITY TOTALS - OPERATIONS WITH SALES,FARM SALES,"FARM SALES: (LESS THAN 2,500 $)",OPERATIONS,37,37,FALSE,NASS Table 1,commodity_totals_operations_with_sales_farm_sales_less_than_2_500_usd,NA
AG CENSUS AREA,AK,122,Kenai Peninsula Area,2007,25,"COMMODITY TOTALS - OPERATIONS WITH SALES | FARM SALES: (LESS THAN 2,500 $)",COMMODITY TOTALS - OPERATIONS WITH SALES,FARM SALES,"FARM SALES: (LESS THAN 2,500 $)",OPERATIONS,45,45,FALSE,NASS Table 1,commodity_totals_operations_with_sales_farm_sales_less_than_2_500_usd,NA
AG CENSUS AREA,AK,122,Kenai Peninsula Area,2012,25,"COMMODITY TOTALS - OPERATIONS WITH SALES | FARM SALES: (LESS THAN 2,500 $)",COMMODITY TOTALS - OPERATIONS WITH SALES,FARM SALES,"FARM SALES: (LESS THAN 2,500 $)",OPERATIONS,61,61,FALSE,NASS Table 1,commodity_totals_operations_with_sales_farm_sales_less_than_2_500_usd,NA
AG CENSUS AREA,AK,122,Kenai Peninsula Area,2017,25,"COMMODITY TOTALS - OPERATIONS WITH SALES | FARM SALES: (LESS THAN 2,500 $)",COMMODITY TOTALS - OPERATIONS WITH SALES,FARM SALES,"FARM SALES: (LESS THAN 2,500 $)",OPERATIONS,93,93,FALSE,NASS Table 1,commodity_totals_operations_with_sales_farm_sales_less_than_2_500_usd,NA
AG CENSUS AREA,AK,122,Kenai Peninsula Area,2022,25,"COMMODITY TOTALS - OPERATIONS WITH SALES | FARM SALES: (LESS THAN 2,500 $)",COMMODITY TOTALS - OPERATIONS WITH SALES,FARM SALES,"FARM SALES: (LESS THAN 2,500 $)",OPERATIONS,72,72,FALSE,NASS Table 1,commodity_totals_operations_with_sales_farm_sales_less_than_2_500_usd,NA
AG CENSUS AREA,AK,122,Kenai Peninsula Area,1997,26,"COMMODITY TOTALS - OPERATIONS WITH SALES | FARM SALES: (2,500 TO 4,999 $)",COMMODITY TOTALS - OPERATIONS WITH SALES,FARM SALES,"FARM SALES: (2,500 TO 4,999 $)",OPERATIONS,19,19,FALSE,NASS Table 1,commodity_totals_operations_with_sales_farm_sales_2_500_to_4_999_usd,NA
AG CENSUS AREA,AK,122,Kenai Peninsula Area,2002,26,"COMMODITY TOTALS - OPERATIONS WITH SALES | FARM SALES: (2,500 TO 4,999 $)",COMMODITY TOTALS - OPERATIONS WITH SALES,FARM SALES,"FARM SALES: (2,500 TO 4,999 $)",OPERATIONS,10,10,FALSE,NASS Table 1,commodity_totals_operations_with_sales_farm_sales_2_500_to_4_999_usd,NA
AG CENSUS AREA,AK,122,Kenai Peninsula Area,2007,26,"COMMODITY TOTALS - OPERATIONS WITH SALES | FARM SALES: (2,500 TO 4,999 $)",COMMODITY TOTALS - OPERATIONS WITH SALES,FARM SALES,"FARM SALES: (2,500 TO 4,999 $)",OPERATIONS,13,13,FALSE,NASS Table 1,commodity_totals_operations_with_sales_farm_sales_2_500_to_4_999_usd,NA
AG CENSUS AREA,AK,122,Kenai Peninsula Area,2012,26,"COMMODITY TOTALS - OPERATIONS WITH SALES | FARM SALES: (2,500 TO 4,999 $)",COMMODITY TOTALS - OPERATIONS WITH SALES,FARM SALES,"FARM SALES: (2,500 TO 4,999 $)",OPERATIONS,17,17,FALSE,NASS Table 1,commodity_totals_operations_with_sales_farm_sales_2_500_to_4_999_usd,NA
AG CENSUS AREA,AK,122,Kenai Peninsula Area,2017,26,"COMMODITY TOTALS - OPERATIONS WITH SALES | FARM SALES: (2,500 TO 4,999 $)",COMMODITY TOTALS - OPERATIONS WITH SALES,FARM SALES,"FARM SALES: (2,500 TO 4,999 $)",OPERATIONS,36,36,FALSE,NASS Table 1,commodity_totals_operations_with_sales_farm_sales_2_500_to_4_999_usd,NA
AG CENSUS AREA,AK,122,Kenai Peninsula Area,2022,26,"COMMODITY TOTALS - OPERATIONS WITH SALES | FARM SALES: (2,500 TO 4,999 $)",COMMODITY TOTALS - OPERATIONS WITH SALES,FARM SALES,"FARM SALES: (2,500 TO 4,999 $)",OPERATIONS,53,53,FALSE,NASS Table 1,commodity_totals_operations_with_sales_farm_sales_2_500_to_4_999_usd,NA
AG CENSUS AREA,AK,122,Kenai Peninsula Area,1997,27,"COMMODITY TOTALS - OPERATIONS WITH SALES | FARM SALES: (5,000 TO 9,999 $)",COMMODITY TOTALS - OPERATIONS WITH SALES,FARM SALES,"FARM SALES: (5,000 TO 9,999 $)",OPERATIONS,13,13,FALSE,NASS Table 1,commodity_totals_operations_with_sales_farm_sales_5_000_to_9_999_usd,NA
AG CENSUS AREA,AK,122,Kenai Peninsula Area,2002,27,"COMMODITY TOTALS - OPERATIONS WITH SALES | FARM SALES: (5,000 TO 9,999 $)",COMMODITY TOTALS - OPERATIONS WITH SALES,FARM SALES,"FARM SALES: (5,000 TO 9,999 $)",OPERATIONS,22,22,FALSE,NASS Table 1,commodity_totals_operations_with_sales_farm_sales_5_000_to_9_999_usd,NA
AG CENSUS AREA,AK,122,Kenai Peninsula Area,2007,27,"COMMODITY TOTALS - OPERATIONS WITH SALES | FARM SALES: (5,000 TO 9,999 $)",COMMODITY TOTALS - OPERATIONS WITH SALES,FARM SALES,"FARM SALES: (5,000 TO 9,999 $)",OPERATIONS,24,24,FALSE,NASS Table 1,commodity_totals_operations_with_sales_farm_sales_5_000_to_9_999_usd,NA
AG CENSUS AREA,AK,122,Kenai Peninsula Area,2012,27,"COMMODITY TOTALS - OPERATIONS WITH SALES | FARM SALES: (5,000 TO 9,999 $)",COMMODITY TOTALS - OPERATIONS WITH SALES,FARM SALES,"FARM SALES: (5,000 TO 9,999 $)",OPERATIONS,34,34,FALSE,NASS Table 1,commodity_totals_operations_with_sales_farm_sales_5_000_to_9_999_usd,NA
AG CENSUS AREA,AK,122,Kenai Peninsula Area,2017,27,"COMMODITY TOTALS - OPERATIONS WITH SALES | FARM SALES: (5,000 TO 9,999 $)",COMMODITY TOTALS - OPERATIONS WITH SALES,FARM SALES,"FARM SALES: (5,000 TO 9,999 $)",OPERATIONS,42,42,FALSE,NASS Table 1,commodity_totals_operations_with_sales_farm_sales_5_000_to_9_999_usd,NA
AG CENSUS AREA,AK,122,Kenai Peninsula Area,2022,27,"COMMODITY TOTALS - OPERATIONS WITH SALES | FARM SALES: (5,000 TO 9,999 $)",COMMODITY TOTALS - OPERATIONS WITH SALES,FARM SALES,"FARM SALES: (5,000 TO 9,999 $)",OPERATIONS,64,64,FALSE,NASS Table 1,commodity_totals_operations_with_sales_farm_sales_5_000_to_9_999_usd,NA
AG CENSUS AREA,AK,122,Kenai Peninsula Area,2002,28,"COMMODITY TOTALS - OPERATIONS WITH SALES | FARM SALES: (10,000 TO 24,999 $)",COMMODITY TOTALS - OPERATIONS WITH SALES,FARM SALES,"FARM SALES: (10,000 TO 24,999 $)",OPERATIONS,13,13,FALSE,NASS Table 1,commodity_totals_operations_with_sales_farm_sales_10_000_to_24_999_usd,NA
AG CENSUS AREA,AK,122,Kenai Peninsula Area,2007,28,"COMMODITY TOTALS - OPERATIONS WITH SALES | FARM SALES: (10,000 TO 24,999 $)",COMMODITY TOTALS - OPERATIONS WITH SALES,FARM SALES,"FARM SALES: (10,000 TO 24,999 $)",OPERATIONS,22,22,FALSE,NASS Table 1,commodity_totals_operations_with_sales_farm_sales_10_000_to_24_999_usd,NA
AG CENSUS AREA,AK,122,Kenai Peninsula Area,2012,28,"COMMODITY TOTALS - OPERATIONS WITH SALES | FARM SALES: (10,000 TO 24,999 $)",COMMODITY TOTALS - OPERATIONS WITH SALES,FARM SALES,"FARM SALES: (10,000 TO 24,999 $)",OPERATIONS,26,26,FALSE,NASS Table 1,commodity_totals_operations_with_sales_farm_sales_10_000_to_24_999_usd,NA
AG CENSUS AREA,AK,122,Kenai Peninsula Area,2017,28,"COMMODITY TOTALS - OPERATIONS WITH SALES | FARM SALES: (10,000 TO 24,999 $)",COMMODITY TOTALS - OPERATIONS WITH SALES,FARM SALES,"FARM SALES: (10,000 TO 24,999 $)",OPERATIONS,47,47,FALSE,NASS Table 1,commodity_totals_operations_with_sales_farm_sales_10_000_to_24_999_usd,NA
AG CENSUS AREA,AK,122,Kenai Peninsula Area,2022,28,"COMMODITY TOTALS - OPERATIONS WITH SALES | FARM SALES: (10,000 TO 24,999 $)",COMMODITY TOTALS - OPERATIONS WITH SALES,FARM SALES,"FARM SALES: (10,000 TO 24,999 $)",OPERATIONS,66,66,FALSE,NASS Table 1,commodity_totals_operations_with_sales_farm_sales_10_000_to_24_999_usd,NA
AG CENSUS AREA,AK,122,Kenai Peninsula Area,2002,29,"COMMODITY TOTALS - OPERATIONS WITH SALES | FARM SALES: (25,000 TO 49,999 $)",COMMODITY TOTALS - OPERATIONS WITH SALES,FARM SALES,"FARM SALES: (25,000 TO 49,999 $)",OPERATIONS,6,6,FALSE,NASS Table 1,commodity_totals_operations_with_sales_farm_sales_25_000_to_49_999_usd,NA
AG CENSUS AREA,AK,122,Kenai Peninsula Area,2007,29,"COMMODITY TOTALS - OPERATIONS WITH SALES | FARM SALES: (25,000 TO 49,999 $)",COMMODITY TOTALS - OPERATIONS WITH SALES,FARM SALES,"FARM SALES: (25,000 TO 49,999 $)",OPERATIONS,10,10,FALSE,NASS Table 1,commodity_totals_operations_with_sales_farm_sales_25_000_to_49_999_usd,NA
AG CENSUS AREA,AK,122,Kenai Peninsula Area,2012,29,"COMMODITY TOTALS - OPERATIONS WITH SALES | FARM SALES: (25,000 TO 49,999 $)",COMMODITY TOTALS - OPERATIONS WITH SALES,FARM SALES,"FARM SALES: (25,000 TO 49,999 $)",OPERATIONS,14,14,FALSE,NASS Table 1,commodity_totals_operations_with_sales_farm_sales_25_000_to_49_999_usd,NA
AG CENSUS AREA,AK,122,Kenai Peninsula Area,2017,29,"COMMODITY TOTALS - OPERATIONS WITH SALES | FARM SALES: (25,000 TO 49,999 $)",COMMODITY TOTALS - OPERATIONS WITH SALES,FARM SALES,"FARM SALES: (25,000 TO 49,999 $)",OPERATIONS,22,22,FALSE,NASS Table 1,commodity_totals_operations_with_sales_farm_sales_25_000_to_49_999_usd,NA
AG CENSUS AREA,AK,122,Kenai Peninsula Area,2022,29,"COMMODITY TOTALS - OPERATIONS WITH SALES | FARM SALES: (25,000 TO 49,999 $)",COMMODITY TOTALS - OPERATIONS WITH SALES,FARM SALES,"FARM SALES: (25,000 TO 49,999 $)",OPERATIONS,33,33,FALSE,NASS Table 1,commodity_totals_operations_with_sales_farm_sales_25_000_to_49_999_usd,NA
AG CENSUS AREA,AK,122,Kenai Peninsula Area,1997,30,"COMMODITY TOTALS - OPERATIONS WITH SALES | FARM SALES: (50,000 TO 99,999 $)",COMMODITY TOTALS - OPERATIONS WITH SALES,FARM SALES,"FARM SALES: (50,000 TO 99,999 $)",OPERATIONS,4,4,FALSE,NASS Table 1,commodity_totals_operations_with_sales_farm_sales_50_000_to_99_999_usd,NA
AG CENSUS AREA,AK,122,Kenai Peninsula Area,2002,30,"COMMODITY TOTALS - OPERATIONS WITH SALES | FARM SALES: (50,000 TO 99,999 $)",COMMODITY TOTALS - OPERATIONS WITH SALES,FARM SALES,"FARM SALES: (50,000 TO 99,999 $)",OPERATIONS,5,5,FALSE,NASS Table 1,commodity_totals_operations_with_sales_farm_sales_50_000_to_99_999_usd,NA
AG CENSUS AREA,AK,122,Kenai Peninsula Area,2007,30,"COMMODITY TOTALS - OPERATIONS WITH SALES | FARM SALES: (50,000 TO 99,999 $)",COMMODITY TOTALS - OPERATIONS WITH SALES,FARM SALES,"FARM SALES: (50,000 TO 99,999 $)",OPERATIONS,5,5,FALSE,NASS Table 1,commodity_totals_operations_with_sales_farm_sales_50_000_to_99_999_usd,NA
AG CENSUS AREA,AK,122,Kenai Peninsula Area,2012,30,"COMMODITY TOTALS - OPERATIONS WITH SALES | FARM SALES: (50,000 TO 99,999 $)",COMMODITY TOTALS - OPERATIONS WITH SALES,FARM SALES,"FARM SALES: (50,000 TO 99,999 $)",OPERATIONS,4,4,FALSE,NASS Table 1,commodity_totals_operations_with_sales_farm_sales_50_000_to_99_999_usd,NA
AG CENSUS AREA,AK,122,Kenai Peninsula Area,2017,30,"COMMODITY TOTALS - OPERATIONS WITH SALES | FARM SALES: (50,000 TO 99,999 $)",COMMODITY TOTALS - OPERATIONS WITH SALES,FARM SALES,"FARM SALES: (50,000 TO 99,999 $)",OPERATIONS,11,11,FALSE,NASS Table 1,commodity_totals_operations_with_sales_farm_sales_50_000_to_99_999_usd,NA
AG CENSUS AREA,AK,122,Kenai Peninsula Area,2022,30,"COMMODITY TOTALS - OPERATIONS WITH SALES | FARM SALES: (50,000 TO 99,999 $)",COMMODITY TOTALS - OPERATIONS WITH SALES,FARM SALES,"FARM SALES: (50,000 TO 99,999 $)",OPERATIONS,18,18,FALSE,NASS Table 1,commodity_totals_operations_with_sales_farm_sales_50_000_to_99_999_usd,NA
AG CENSUS AREA,AK,122,Kenai Peninsula Area,2002,31,"COMMODITY TOTALS - OPERATIONS WITH SALES | FARM SALES: (100,000 OR MORE $)",COMMODITY TOTALS - OPERATIONS WITH SALES,FARM SALES,"FARM SALES: (100,000 OR MORE $)",OPERATIONS,5,5,FALSE,NASS Table 1,commodity_totals_operations_with_sales_farm_sales_100_000_or_more_usd,NA
AG CENSUS AREA,AK,122,Kenai Peninsula Area,2007,31,"COMMODITY TOTALS - OPERATIONS WITH SALES | FARM SALES: (100,000 OR MORE $)",COMMODITY TOTALS - OPERATIONS WITH SALES,FARM SALES,"FARM SALES: (100,000 OR MORE $)",OPERATIONS,5,5,FALSE,NASS Table 1,commodity_totals_operations_with_sales_farm_sales_100_000_or_more_usd,NA
AG CENSUS AREA,AK,122,Kenai Peninsula Area,2012,31,"COMMODITY TOTALS - OPERATIONS WITH SALES | FARM SALES: (100,000 OR MORE $)",COMMODITY TOTALS - OPERATIONS WITH SALES,FARM SALES,"FARM SALES: (100,000 OR MORE $)",OPERATIONS,6,6,FALSE,NASS Table 1,commodity_totals_operations_with_sales_farm_sales_100_000_or_more_usd,NA
AG CENSUS AREA,AK,122,Kenai Peninsula Area,2017,31,"COMMODITY TOTALS - OPERATIONS WITH SALES | FARM SALES: (100,000 OR MORE $)",COMMODITY TOTALS - OPERATIONS WITH SALES,FARM SALES,"FARM SALES: (100,000 OR MORE $)",OPERATIONS,9,9,FALSE,NASS Table 1,commodity_totals_operations_with_sales_farm_sales_100_000_or_more_usd,NA
AG CENSUS AREA,AK,122,Kenai Peninsula Area,2022,31,"COMMODITY TOTALS - OPERATIONS WITH SALES | FARM SALES: (100,000 OR MORE $)",COMMODITY TOTALS - OPERATIONS WITH SALES,FARM SALES,"FARM SALES: (100,000 OR MORE $)",OPERATIONS,11,11,FALSE,NASS Table 1,commodity_totals_operations_with_sales_farm_sales_100_000_or_more_usd,NA
AG CENSUS AREA,AK,122,Kenai Peninsula Area,1997,32,"GOVT PROGRAMS, FEDERAL - OPERATIONS WITH RECEIPTS","GOVT PROGRAMS, FEDERAL - OPERATIONS WITH RECEIPTS",TOTAL,NOT SPECIFIED,OPERATIONS,12,12,FALSE,NASS Table 1,govt_programs_federal_operations_with_receipts,NA
AG CENSUS AREA,AK,122,Kenai Peninsula Area,2002,32,"GOVT PROGRAMS, FEDERAL - OPERATIONS WITH RECEIPTS","GOVT PROGRAMS, FEDERAL - OPERATIONS WITH RECEIPTS",TOTAL,NOT SPECIFIED,OPERATIONS,5,5,FALSE,NASS Table 1,govt_programs_federal_operations_with_receipts,NA
AG CENSUS AREA,AK,122,Kenai Peninsula Area,2007,32,"GOVT PROGRAMS, FEDERAL - OPERATIONS WITH RECEIPTS","GOVT PROGRAMS, FEDERAL - OPERATIONS WITH RECEIPTS",TOTAL,NOT SPECIFIED,OPERATIONS,8,8,FALSE,NASS Table 1,govt_programs_federal_operations_with_receipts,NA
AG CENSUS AREA,AK,122,Kenai Peninsula Area,2012,32,"GOVT PROGRAMS, FEDERAL - OPERATIONS WITH RECEIPTS","GOVT PROGRAMS, FEDERAL - OPERATIONS WITH RECEIPTS",TOTAL,NOT SPECIFIED,OPERATIONS,54,54,FALSE,NASS Table 1,govt_programs_federal_operations_with_receipts,NA
AG CENSUS AREA,AK,122,Kenai Peninsula Area,2017,32,"GOVT PROGRAMS, FEDERAL - OPERATIONS WITH RECEIPTS","GOVT PROGRAMS, FEDERAL - OPERATIONS WITH RECEIPTS",TOTAL,NOT SPECIFIED,OPERATIONS,73,73,FALSE,NASS Table 1,govt_programs_federal_operations_with_receipts,NA
AG CENSUS AREA,AK,122,Kenai Peninsula Area,2022,32,"GOVT PROGRAMS, FEDERAL - OPERATIONS WITH RECEIPTS","GOVT PROGRAMS, FEDERAL - OPERATIONS WITH RECEIPTS",TOTAL,NOT SPECIFIED,OPERATIONS,64,64,FALSE,NASS Table 1,govt_programs_federal_operations_with_receipts,NA
AG CENSUS AREA,AK,122,Kenai Peninsula Area,1997,33,"GOVT PROGRAMS, FEDERAL - RECEIPTS, MEASURED IN $","GOVT PROGRAMS, FEDERAL - RECEIPTS, MEASURED IN $",TOTAL,NOT SPECIFIED,$,21000,21000,FALSE,NASS Table 1,govt_programs_federal_receipts_usd,NA
AG CENSUS AREA,AK,122,Kenai Peninsula Area,2002,33,"GOVT PROGRAMS, FEDERAL - RECEIPTS, MEASURED IN $","GOVT PROGRAMS, FEDERAL - RECEIPTS, MEASURED IN $",TOTAL,NOT SPECIFIED,$,NA,NA,FALSE,NASS Table 1,govt_programs_federal_receipts_usd,NA
AG CENSUS AREA,AK,122,Kenai Peninsula Area,2007,33,"GOVT PROGRAMS, FEDERAL - RECEIPTS, MEASURED IN $","GOVT PROGRAMS, FEDERAL - RECEIPTS, MEASURED IN $",TOTAL,NOT SPECIFIED,$,38000,38000,FALSE,NASS Table 1,govt_programs_federal_receipts_usd,NA
AG CENSUS AREA,AK,122,Kenai Peninsula Area,2012,33,"GOVT PROGRAMS, FEDERAL - RECEIPTS, MEASURED IN $","GOVT PROGRAMS, FEDERAL - RECEIPTS, MEASURED IN $",TOTAL,NOT SPECIFIED,$,353000,353000,FALSE,NASS Table 1,govt_programs_federal_receipts_usd,NA
AG CENSUS AREA,AK,122,Kenai Peninsula Area,2017,33,"GOVT PROGRAMS, FEDERAL - RECEIPTS, MEASURED IN $","GOVT PROGRAMS, FEDERAL - RECEIPTS, MEASURED IN $",TOTAL,NOT SPECIFIED,$,502000,502000,FALSE,NASS Table 1,govt_programs_federal_receipts_usd,NA
AG CENSUS AREA,AK,122,Kenai Peninsula Area,2022,33,"GOVT PROGRAMS, FEDERAL - RECEIPTS, MEASURED IN $","GOVT PROGRAMS, FEDERAL - RECEIPTS, MEASURED IN $",TOTAL,NOT SPECIFIED,$,228000,228000,FALSE,NASS Table 1,govt_programs_federal_receipts_usd,NA
AG CENSUS AREA,AK,122,Kenai Peninsula Area,1997,34,"INCOME, FARM-RELATED - OPERATIONS WITH RECEIPTS","INCOME, FARM-RELATED - OPERATIONS WITH RECEIPTS",TOTAL,NOT SPECIFIED,OPERATIONS,13,13,FALSE,NASS Table 1,income_farm_related_operations_with_receipts,NA
AG CENSUS AREA,AK,122,Kenai Peninsula Area,2002,34,"INCOME, FARM-RELATED - OPERATIONS WITH RECEIPTS","INCOME, FARM-RELATED - OPERATIONS WITH RECEIPTS",TOTAL,NOT SPECIFIED,OPERATIONS,13,13,FALSE,NASS Table 1,income_farm_related_operations_with_receipts,NA
AG CENSUS AREA,AK,122,Kenai Peninsula Area,2007,34,"INCOME, FARM-RELATED - OPERATIONS WITH RECEIPTS","INCOME, FARM-RELATED - OPERATIONS WITH RECEIPTS",TOTAL,NOT SPECIFIED,OPERATIONS,14,14,FALSE,NASS Table 1,income_farm_related_operations_with_receipts,NA
AG CENSUS AREA,AK,122,Kenai Peninsula Area,2012,34,"INCOME, FARM-RELATED - OPERATIONS WITH RECEIPTS","INCOME, FARM-RELATED - OPERATIONS WITH RECEIPTS",TOTAL,NOT SPECIFIED,OPERATIONS,30,30,FALSE,NASS Table 1,income_farm_related_operations_with_receipts,NA
AG CENSUS AREA,AK,122,Kenai Peninsula Area,2017,34,"INCOME, FARM-RELATED - OPERATIONS WITH RECEIPTS","INCOME, FARM-RELATED - OPERATIONS WITH RECEIPTS",TOTAL,NOT SPECIFIED,OPERATIONS,45,45,FALSE,NASS Table 1,income_farm_related_operations_with_receipts,NA
AG CENSUS AREA,AK,122,Kenai Peninsula Area,2022,34,"INCOME, FARM-RELATED - OPERATIONS WITH RECEIPTS","INCOME, FARM-RELATED - OPERATIONS WITH RECEIPTS",TOTAL,NOT SPECIFIED,OPERATIONS,39,39,FALSE,NASS Table 1,income_farm_related_operations_with_receipts,NA
AG CENSUS AREA,AK,122,Kenai Peninsula Area,1997,35,"INCOME, FARM-RELATED - RECEIPTS, MEASURED IN $","INCOME, FARM-RELATED - RECEIPTS, MEASURED IN $",TOTAL,NOT SPECIFIED,$,91000,91000,FALSE,NASS Table 1,income_farm_related_receipts_usd,NA
AG CENSUS AREA,AK,122,Kenai Peninsula Area,2002,35,"INCOME, FARM-RELATED - RECEIPTS, MEASURED IN $","INCOME, FARM-RELATED - RECEIPTS, MEASURED IN $",TOTAL,NOT SPECIFIED,$,80000,80000,FALSE,NASS Table 1,income_farm_related_receipts_usd,NA
AG CENSUS AREA,AK,122,Kenai Peninsula Area,2007,35,"INCOME, FARM-RELATED - RECEIPTS, MEASURED IN $","INCOME, FARM-RELATED - RECEIPTS, MEASURED IN $",TOTAL,NOT SPECIFIED,$,139000,139000,FALSE,NASS Table 1,income_farm_related_receipts_usd,NA
AG CENSUS AREA,AK,122,Kenai Peninsula Area,2012,35,"INCOME, FARM-RELATED - RECEIPTS, MEASURED IN $","INCOME, FARM-RELATED - RECEIPTS, MEASURED IN $",TOTAL,NOT SPECIFIED,$,NA,NA,FALSE,NASS Table 1,income_farm_related_receipts_usd,NA
AG CENSUS AREA,AK,122,Kenai Peninsula Area,2017,35,"INCOME, FARM-RELATED - RECEIPTS, MEASURED IN $","INCOME, FARM-RELATED - RECEIPTS, MEASURED IN $",TOTAL,NOT SPECIFIED,$,439000,439000,FALSE,NASS Table 1,income_farm_related_receipts_usd,NA
AG CENSUS AREA,AK,122,Kenai Peninsula Area,2022,35,"INCOME, FARM-RELATED - RECEIPTS, MEASURED IN $","INCOME, FARM-RELATED - RECEIPTS, MEASURED IN $",TOTAL,NOT SPECIFIED,$,474000,474000,FALSE,NASS Table 1,income_farm_related_receipts_usd,NA
AG CENSUS AREA,AK,122,Kenai Peninsula Area,1997,36,"EXPENSE TOTALS, OPERATING - EXPENSE, MEASURED IN $","EXPENSE TOTALS, OPERATING - EXPENSE, MEASURED IN $",TOTAL,NOT SPECIFIED,$,1387000,1387000,FALSE,NASS Table 1,expense_totals_operating_expense_usd,NA
AG CENSUS AREA,AK,122,Kenai Peninsula Area,2002,36,"EXPENSE TOTALS, OPERATING - EXPENSE, MEASURED IN $","EXPENSE TOTALS, OPERATING - EXPENSE, MEASURED IN $",TOTAL,NOT SPECIFIED,$,2394000,2394000,FALSE,NASS Table 1,expense_totals_operating_expense_usd,NA
AG CENSUS AREA,AK,122,Kenai Peninsula Area,2007,36,"EXPENSE TOTALS, OPERATING - EXPENSE, MEASURED IN $","EXPENSE TOTALS, OPERATING - EXPENSE, MEASURED IN $",TOTAL,NOT SPECIFIED,$,4742000,4742000,FALSE,NASS Table 1,expense_totals_operating_expense_usd,NA
AG CENSUS AREA,AK,122,Kenai Peninsula Area,2012,36,"EXPENSE TOTALS, OPERATING - EXPENSE, MEASURED IN $","EXPENSE TOTALS, OPERATING - EXPENSE, MEASURED IN $",TOTAL,NOT SPECIFIED,$,5191000,5191000,FALSE,NASS Table 1,expense_totals_operating_expense_usd,NA
AG CENSUS AREA,AK,122,Kenai Peninsula Area,2017,36,"EXPENSE TOTALS, OPERATING - EXPENSE, MEASURED IN $","EXPENSE TOTALS, OPERATING - EXPENSE, MEASURED IN $",TOTAL,NOT SPECIFIED,$,6392000,6392000,FALSE,NASS Table 1,expense_totals_operating_expense_usd,NA
AG CENSUS AREA,AK,122,Kenai Peninsula Area,2022,36,"EXPENSE TOTALS, OPERATING - EXPENSE, MEASURED IN $","EXPENSE TOTALS, OPERATING - EXPENSE, MEASURED IN $",TOTAL,NOT SPECIFIED,$,9983000,9983000,FALSE,NASS Table 1,expense_totals_operating_expense_usd,NA
AG CENSUS AREA,AK,122,Kenai Peninsula Area,1997,37,"EXPENSE TOTALS, OPERATING - EXPENSE, MEASURED IN $ / OPERATION","EXPENSE TOTALS, OPERATING - EXPENSE, MEASURED IN $ / OPERATION",TOTAL,NOT SPECIFIED,$ / OPERATION,15589,15589,FALSE,NASS Table 1,expense_totals_operating_expense_usd_per_operation,NA
AG CENSUS AREA,AK,122,Kenai Peninsula Area,2002,37,"EXPENSE TOTALS, OPERATING - EXPENSE, MEASURED IN $ / OPERATION","EXPENSE TOTALS, OPERATING - EXPENSE, MEASURED IN $ / OPERATION",TOTAL,NOT SPECIFIED,$ / OPERATION,24424,24424,FALSE,NASS Table 1,expense_totals_operating_expense_usd_per_operation,NA
AG CENSUS AREA,AK,122,Kenai Peninsula Area,2007,37,"EXPENSE TOTALS, OPERATING - EXPENSE, MEASURED IN $ / OPERATION","EXPENSE TOTALS, OPERATING - EXPENSE, MEASURED IN $ / OPERATION",TOTAL,NOT SPECIFIED,$ / OPERATION,38244,38244,FALSE,NASS Table 1,expense_totals_operating_expense_usd_per_operation,NA
AG CENSUS AREA,AK,122,Kenai Peninsula Area,2012,37,"EXPENSE TOTALS, OPERATING - EXPENSE, MEASURED IN $ / OPERATION","EXPENSE TOTALS, OPERATING - EXPENSE, MEASURED IN $ / OPERATION",TOTAL,NOT SPECIFIED,$ / OPERATION,32046,32046,FALSE,NASS Table 1,expense_totals_operating_expense_usd_per_operation,NA
AG CENSUS AREA,AK,122,Kenai Peninsula Area,2017,37,"EXPENSE TOTALS, OPERATING - EXPENSE, MEASURED IN $ / OPERATION","EXPENSE TOTALS, OPERATING - EXPENSE, MEASURED IN $ / OPERATION",TOTAL,NOT SPECIFIED,$ / OPERATION,24585,24585,FALSE,NASS Table 1,expense_totals_operating_expense_usd_per_operation,NA
AG CENSUS AREA,AK,122,Kenai Peninsula Area,2022,37,"EXPENSE TOTALS, OPERATING - EXPENSE, MEASURED IN $ / OPERATION","EXPENSE TOTALS, OPERATING - EXPENSE, MEASURED IN $ / OPERATION",TOTAL,NOT SPECIFIED,$ / OPERATION,31491,31491,FALSE,NASS Table 1,expense_totals_operating_expense_usd_per_operation,NA
AG CENSUS AREA,AK,122,Kenai Peninsula Area,2002,38,"INCOME, NET CASH FARM, OF OPERATIONS - OPERATIONS WITH NET INCOME","INCOME, NET CASH FARM, OF OPERATIONS - OPERATIONS WITH NET INCOME",TOTAL,NOT SPECIFIED,OPERATIONS,98,98,FALSE,NASS Table 1,income_net_cash_farm_of_operations_operations_with_net_income,NA
AG CENSUS AREA,AK,122,Kenai Peninsula Area,2007,38,"INCOME, NET CASH FARM, OF OPERATIONS - OPERATIONS WITH NET INCOME","INCOME, NET CASH FARM, OF OPERATIONS - OPERATIONS WITH NET INCOME",TOTAL,NOT SPECIFIED,OPERATIONS,124,124,FALSE,NASS Table 1,income_net_cash_farm_of_operations_operations_with_net_income,NA
AG CENSUS AREA,AK,122,Kenai Peninsula Area,2012,38,"INCOME, NET CASH FARM, OF OPERATIONS - OPERATIONS WITH NET INCOME","INCOME, NET CASH FARM, OF OPERATIONS - OPERATIONS WITH NET INCOME",TOTAL,NOT SPECIFIED,OPERATIONS,162,162,FALSE,NASS Table 1,income_net_cash_farm_of_operations_operations_with_net_income,NA
AG CENSUS AREA,AK,122,Kenai Peninsula Area,2017,38,"INCOME, NET CASH FARM, OF OPERATIONS - OPERATIONS WITH NET INCOME","INCOME, NET CASH FARM, OF OPERATIONS - OPERATIONS WITH NET INCOME",TOTAL,NOT SPECIFIED,OPERATIONS,260,260,FALSE,NASS Table 1,income_net_cash_farm_of_operations_operations_with_net_income,NA
AG CENSUS AREA,AK,122,Kenai Peninsula Area,2022,38,"INCOME, NET CASH FARM, OF OPERATIONS - OPERATIONS WITH NET INCOME","INCOME, NET CASH FARM, OF OPERATIONS - OPERATIONS WITH NET INCOME",TOTAL,NOT SPECIFIED,OPERATIONS,317,317,FALSE,NASS Table 1,income_net_cash_farm_of_operations_operations_with_net_income,NA
AG CENSUS AREA,AK,122,Kenai Peninsula Area,2002,39,"INCOME, NET CASH FARM, OF OPERATIONS - NET INCOME, MEASURED IN $","INCOME, NET CASH FARM, OF OPERATIONS - NET INCOME, MEASURED IN $",TOTAL,NOT SPECIFIED,$,-202000,-202000,FALSE,NASS Table 1,income_net_cash_farm_of_operations_net_income_usd,NA
AG CENSUS AREA,AK,122,Kenai Peninsula Area,2007,39,"INCOME, NET CASH FARM, OF OPERATIONS - NET INCOME, MEASURED IN $","INCOME, NET CASH FARM, OF OPERATIONS - NET INCOME, MEASURED IN $",TOTAL,NOT SPECIFIED,$,-1580000,-1580000,FALSE,NASS Table 1,income_net_cash_farm_of_operations_net_income_usd,NA
AG CENSUS AREA,AK,122,Kenai Peninsula Area,2012,39,"INCOME, NET CASH FARM, OF OPERATIONS - NET INCOME, MEASURED IN $","INCOME, NET CASH FARM, OF OPERATIONS - NET INCOME, MEASURED IN $",TOTAL,NOT SPECIFIED,$,-909000,-909000,FALSE,NASS Table 1,income_net_cash_farm_of_operations_net_income_usd,NA
AG CENSUS AREA,AK,122,Kenai Peninsula Area,2017,39,"INCOME, NET CASH FARM, OF OPERATIONS - NET INCOME, MEASURED IN $","INCOME, NET CASH FARM, OF OPERATIONS - NET INCOME, MEASURED IN $",TOTAL,NOT SPECIFIED,$,-29000,-29000,FALSE,NASS Table 1,income_net_cash_farm_of_operations_net_income_usd,NA
AG CENSUS AREA,AK,122,Kenai Peninsula Area,2022,39,"INCOME, NET CASH FARM, OF OPERATIONS - NET INCOME, MEASURED IN $","INCOME, NET CASH FARM, OF OPERATIONS - NET INCOME, MEASURED IN $",TOTAL,NOT SPECIFIED,$,-1170000,-1170000,FALSE,NASS Table 1,income_net_cash_farm_of_operations_net_income_usd,NA
AG CENSUS AREA,AK,122,Kenai Peninsula Area,2002,40,"INCOME, NET CASH FARM, OF OPERATIONS - NET INCOME, MEASURED IN $ / OPERATION","INCOME, NET CASH FARM, OF OPERATIONS - NET INCOME, MEASURED IN $ / OPERATION",TOTAL,NOT SPECIFIED,$ / OPERATION,-2057,-2057,FALSE,NASS Table 1,income_net_cash_farm_of_operations_net_income_usd_per_operation,NA
AG CENSUS AREA,AK,122,Kenai Peninsula Area,2007,40,"INCOME, NET CASH FARM, OF OPERATIONS - NET INCOME, MEASURED IN $ / OPERATION","INCOME, NET CASH FARM, OF OPERATIONS - NET INCOME, MEASURED IN $ / OPERATION",TOTAL,NOT SPECIFIED,$ / OPERATION,-12743,-12743,FALSE,NASS Table 1,income_net_cash_farm_of_operations_net_income_usd_per_operation,NA
AG CENSUS AREA,AK,122,Kenai Peninsula Area,2012,40,"INCOME, NET CASH FARM, OF OPERATIONS - NET INCOME, MEASURED IN $ / OPERATION","INCOME, NET CASH FARM, OF OPERATIONS - NET INCOME, MEASURED IN $ / OPERATION",TOTAL,NOT SPECIFIED,$ / OPERATION,-5612,-5612,FALSE,NASS Table 1,income_net_cash_farm_of_operations_net_income_usd_per_operation,NA
AG CENSUS AREA,AK,122,Kenai Peninsula Area,2017,40,"INCOME, NET CASH FARM, OF OPERATIONS - NET INCOME, MEASURED IN $ / OPERATION","INCOME, NET CASH FARM, OF OPERATIONS - NET INCOME, MEASURED IN $ / OPERATION",TOTAL,NOT SPECIFIED,$ / OPERATION,-112,-112,FALSE,NASS Table 1,income_net_cash_farm_of_operations_net_income_usd_per_operation,NA
AG CENSUS AREA,AK,122,Kenai Peninsula Area,2022,40,"INCOME, NET CASH FARM, OF OPERATIONS - NET INCOME, MEASURED IN $ / OPERATION","INCOME, NET CASH FARM, OF OPERATIONS - NET INCOME, MEASURED IN $ / OPERATION",TOTAL,NOT SPECIFIED,$ / OPERATION,-3690,-3690,FALSE,NASS Table 1,income_net_cash_farm_of_operations_net_income_usd_per_operation,NA
AG CENSUS AREA,AK,122,Kenai Peninsula Area,1997,41,"CATTLE, INCL CALVES - OPERATIONS WITH INVENTORY","CATTLE, INCL CALVES - OPERATIONS WITH INVENTORY",TOTAL,NOT SPECIFIED,OPERATIONS,23,23,FALSE,NASS Table 1,cattle_incl_calves_operations_with_inventory,NA
AG CENSUS AREA,AK,122,Kenai Peninsula Area,2002,41,"CATTLE, INCL CALVES - OPERATIONS WITH INVENTORY","CATTLE, INCL CALVES - OPERATIONS WITH INVENTORY",TOTAL,NOT SPECIFIED,OPERATIONS,24,24,FALSE,NASS Table 1,cattle_incl_calves_operations_with_inventory,NA
AG CENSUS AREA,AK,122,Kenai Peninsula Area,2007,41,"CATTLE, INCL CALVES - OPERATIONS WITH INVENTORY","CATTLE, INCL CALVES - OPERATIONS WITH INVENTORY",TOTAL,NOT SPECIFIED,OPERATIONS,31,31,FALSE,NASS Table 1,cattle_incl_calves_operations_with_inventory,NA
AG CENSUS AREA,AK,122,Kenai Peninsula Area,2012,41,"CATTLE, INCL CALVES - OPERATIONS WITH INVENTORY","CATTLE, INCL CALVES - OPERATIONS WITH INVENTORY",TOTAL,NOT SPECIFIED,OPERATIONS,36,36,FALSE,NASS Table 1,cattle_incl_calves_operations_with_inventory,NA
AG CENSUS AREA,AK,122,Kenai Peninsula Area,2017,41,"CATTLE, INCL CALVES - OPERATIONS WITH INVENTORY","CATTLE, INCL CALVES - OPERATIONS WITH INVENTORY",TOTAL,NOT SPECIFIED,OPERATIONS,27,27,FALSE,NASS Table 1,cattle_incl_calves_operations_with_inventory,NA
AG CENSUS AREA,AK,122,Kenai Peninsula Area,2022,41,"CATTLE, INCL CALVES - OPERATIONS WITH INVENTORY","CATTLE, INCL CALVES - OPERATIONS WITH INVENTORY",TOTAL,NOT SPECIFIED,OPERATIONS,37,37,FALSE,NASS Table 1,cattle_incl_calves_operations_with_inventory,NA
AG CENSUS AREA,AK,122,Kenai Peninsula Area,1997,42,"CATTLE, INCL CALVES - INVENTORY","CATTLE, INCL CALVES - INVENTORY",TOTAL,NOT SPECIFIED,HEAD,NA,NA,FALSE,NASS Table 1,cattle_incl_calves_inventory,NA
AG CENSUS AREA,AK,122,Kenai Peninsula Area,2002,42,"CATTLE, INCL CALVES - INVENTORY","CATTLE, INCL CALVES - INVENTORY",TOTAL,NOT SPECIFIED,HEAD,583,583,FALSE,NASS Table 1,cattle_incl_calves_inventory,NA
AG CENSUS AREA,AK,122,Kenai Peninsula Area,2007,42,"CATTLE, INCL CALVES - INVENTORY","CATTLE, INCL CALVES - INVENTORY",TOTAL,NOT SPECIFIED,HEAD,NA,NA,FALSE,NASS Table 1,cattle_incl_calves_inventory,NA
AG CENSUS AREA,AK,122,Kenai Peninsula Area,2012,42,"CATTLE, INCL CALVES - INVENTORY","CATTLE, INCL CALVES - INVENTORY",TOTAL,NOT SPECIFIED,HEAD,NA,NA,FALSE,NASS Table 1,cattle_incl_calves_inventory,NA
AG CENSUS AREA,AK,122,Kenai Peninsula Area,2017,42,"CATTLE, INCL CALVES - INVENTORY","CATTLE, INCL CALVES - INVENTORY",TOTAL,NOT SPECIFIED,HEAD,NA,NA,FALSE,NASS Table 1,cattle_incl_calves_inventory,NA
AG CENSUS AREA,AK,122,Kenai Peninsula Area,2022,42,"CATTLE, INCL CALVES - INVENTORY","CATTLE, INCL CALVES - INVENTORY",TOTAL,NOT SPECIFIED,HEAD,634,634,FALSE,NASS Table 1,cattle_incl_calves_inventory,NA
AG CENSUS AREA,AK,122,Kenai Peninsula Area,1997,43,"CATTLE, COWS, BEEF - OPERATIONS WITH INVENTORY","CATTLE, COWS, BEEF - OPERATIONS WITH INVENTORY",TOTAL,NOT SPECIFIED,OPERATIONS,19,19,FALSE,NASS Table 1,cattle_cows_beef_operations_with_inventory,NA
AG CENSUS AREA,AK,122,Kenai Peninsula Area,2002,43,"CATTLE, COWS, BEEF - OPERATIONS WITH INVENTORY","CATTLE, COWS, BEEF - OPERATIONS WITH INVENTORY",TOTAL,NOT SPECIFIED,OPERATIONS,21,21,FALSE,NASS Table 1,cattle_cows_beef_operations_with_inventory,NA
AG CENSUS AREA,AK,122,Kenai Peninsula Area,2007,43,"CATTLE, COWS, BEEF - OPERATIONS WITH INVENTORY","CATTLE, COWS, BEEF - OPERATIONS WITH INVENTORY",TOTAL,NOT SPECIFIED,OPERATIONS,24,24,FALSE,NASS Table 1,cattle_cows_beef_operations_with_inventory,NA
AG CENSUS AREA,AK,122,Kenai Peninsula Area,2012,43,"CATTLE, COWS, BEEF - OPERATIONS WITH INVENTORY","CATTLE, COWS, BEEF - OPERATIONS WITH INVENTORY",TOTAL,NOT SPECIFIED,OPERATIONS,28,28,FALSE,NASS Table 1,cattle_cows_beef_operations_with_inventory,NA
AG CENSUS AREA,AK,122,Kenai Peninsula Area,2017,43,"CATTLE, COWS, BEEF - OPERATIONS WITH INVENTORY","CATTLE, COWS, BEEF - OPERATIONS WITH INVENTORY",TOTAL,NOT SPECIFIED,OPERATIONS,21,21,FALSE,NASS Table 1,cattle_cows_beef_operations_with_inventory,NA
AG CENSUS AREA,AK,122,Kenai Peninsula Area,2022,43,"CATTLE, COWS, BEEF - OPERATIONS WITH INVENTORY","CATTLE, COWS, BEEF - OPERATIONS WITH INVENTORY",TOTAL,NOT SPECIFIED,OPERATIONS,27,27,FALSE,NASS Table 1,cattle_cows_beef_operations_with_inventory,NA
AG CENSUS AREA,AK,122,Kenai Peninsula Area,1997,44,"CATTLE, COWS, BEEF - INVENTORY","CATTLE, COWS, BEEF - INVENTORY",TOTAL,NOT SPECIFIED,HEAD,NA,NA,FALSE,NASS Table 1,cattle_cows_beef_inventory,NA
AG CENSUS AREA,AK,122,Kenai Peninsula Area,2002,44,"CATTLE, COWS, BEEF - INVENTORY","CATTLE, COWS, BEEF - INVENTORY",TOTAL,NOT SPECIFIED,HEAD,NA,NA,FALSE,NASS Table 1,cattle_cows_beef_inventory,NA
AG CENSUS AREA,AK,122,Kenai Peninsula Area,2007,44,"CATTLE, COWS, BEEF - INVENTORY","CATTLE, COWS, BEEF - INVENTORY",TOTAL,NOT SPECIFIED,HEAD,NA,NA,FALSE,NASS Table 1,cattle_cows_beef_inventory,NA
AG CENSUS AREA,AK,122,Kenai Peninsula Area,2012,44,"CATTLE, COWS, BEEF - INVENTORY","CATTLE, COWS, BEEF - INVENTORY",TOTAL,NOT SPECIFIED,HEAD,NA,NA,FALSE,NASS Table 1,cattle_cows_beef_inventory,NA
AG CENSUS AREA,AK,122,Kenai Peninsula Area,2017,44,"CATTLE, COWS, BEEF - INVENTORY","CATTLE, COWS, BEEF - INVENTORY",TOTAL,NOT SPECIFIED,HEAD,238,238,FALSE,NASS Table 1,cattle_cows_beef_inventory,NA
AG CENSUS AREA,AK,122,Kenai Peninsula Area,2022,44,"CATTLE, COWS, BEEF - INVENTORY","CATTLE, COWS, BEEF - INVENTORY",TOTAL,NOT SPECIFIED,HEAD,333,333,FALSE,NASS Table 1,cattle_cows_beef_inventory,NA
AG CENSUS AREA,AK,122,Kenai Peninsula Area,1997,45,"CATTLE, COWS, MILK - OPERATIONS WITH INVENTORY","CATTLE, COWS, MILK - OPERATIONS WITH INVENTORY",TOTAL,NOT SPECIFIED,OPERATIONS,7,7,FALSE,NASS Table 1,cattle_cows_milk_operations_with_inventory,NA
AG CENSUS AREA,AK,122,Kenai Peninsula Area,2002,45,"CATTLE, COWS, MILK - OPERATIONS WITH INVENTORY","CATTLE, COWS, MILK - OPERATIONS WITH INVENTORY",TOTAL,NOT SPECIFIED,OPERATIONS,4,4,FALSE,NASS Table 1,cattle_cows_milk_operations_with_inventory,NA
AG CENSUS AREA,AK,122,Kenai Peninsula Area,2007,45,"CATTLE, COWS, MILK - OPERATIONS WITH INVENTORY","CATTLE, COWS, MILK - OPERATIONS WITH INVENTORY",TOTAL,NOT SPECIFIED,OPERATIONS,5,5,FALSE,NASS Table 1,cattle_cows_milk_operations_with_inventory,NA
AG CENSUS AREA,AK,122,Kenai Peninsula Area,2012,45,"CATTLE, COWS, MILK - OPERATIONS WITH INVENTORY","CATTLE, COWS, MILK - OPERATIONS WITH INVENTORY",TOTAL,NOT SPECIFIED,OPERATIONS,3,3,FALSE,NASS Table 1,cattle_cows_milk_operations_with_inventory,NA
AG CENSUS AREA,AK,122,Kenai Peninsula Area,2017,45,"CATTLE, COWS, MILK - OPERATIONS WITH INVENTORY","CATTLE, COWS, MILK - OPERATIONS WITH INVENTORY",TOTAL,NOT SPECIFIED,OPERATIONS,6,6,FALSE,NASS Table 1,cattle_cows_milk_operations_with_inventory,NA
AG CENSUS AREA,AK,122,Kenai Peninsula Area,2022,45,"CATTLE, COWS, MILK - OPERATIONS WITH INVENTORY","CATTLE, COWS, MILK - OPERATIONS WITH INVENTORY",TOTAL,NOT SPECIFIED,OPERATIONS,6,6,FALSE,NASS Table 1,cattle_cows_milk_operations_with_inventory,NA
AG CENSUS AREA,AK,122,Kenai Peninsula Area,1997,46,"CATTLE, COWS, MILK - INVENTORY","CATTLE, COWS, MILK - INVENTORY",TOTAL,NOT SPECIFIED,HEAD,NA,NA,FALSE,NASS Table 1,cattle_cows_milk_inventory,NA
AG CENSUS AREA,AK,122,Kenai Peninsula Area,2002,46,"CATTLE, COWS, MILK - INVENTORY","CATTLE, COWS, MILK - INVENTORY",TOTAL,NOT SPECIFIED,HEAD,9,9,FALSE,NASS Table 1,cattle_cows_milk_inventory,NA
AG CENSUS AREA,AK,122,Kenai Peninsula Area,2007,46,"CATTLE, COWS, MILK - INVENTORY","CATTLE, COWS, MILK - INVENTORY",TOTAL,NOT SPECIFIED,HEAD,NA,NA,FALSE,NASS Table 1,cattle_cows_milk_inventory,NA
AG CENSUS AREA,AK,122,Kenai Peninsula Area,2012,46,"CATTLE, COWS, MILK - INVENTORY","CATTLE, COWS, MILK - INVENTORY",TOTAL,NOT SPECIFIED,HEAD,NA,NA,FALSE,NASS Table 1,cattle_cows_milk_inventory,NA
AG CENSUS AREA,AK,122,Kenai Peninsula Area,2017,46,"CATTLE, COWS, MILK - INVENTORY","CATTLE, COWS, MILK - INVENTORY",TOTAL,NOT SPECIFIED,HEAD,NA,NA,FALSE,NASS Table 1,cattle_cows_milk_inventory,NA
AG CENSUS AREA,AK,122,Kenai Peninsula Area,2022,46,"CATTLE, COWS, MILK - INVENTORY","CATTLE, COWS, MILK - INVENTORY",TOTAL,NOT SPECIFIED,HEAD,7,7,FALSE,NASS Table 1,cattle_cows_milk_inventory,NA
AG CENSUS AREA,AK,122,Kenai Peninsula Area,1997,47,"CATTLE, INCL CALVES - OPERATIONS WITH SALES","CATTLE, INCL CALVES - OPERATIONS WITH SALES",TOTAL,NOT SPECIFIED,OPERATIONS,13,13,FALSE,NASS Table 1,cattle_incl_calves_operations_with_sales,NA
AG CENSUS AREA,AK,122,Kenai Peninsula Area,2002,47,"CATTLE, INCL CALVES - OPERATIONS WITH SALES","CATTLE, INCL CALVES - OPERATIONS WITH SALES",TOTAL,NOT SPECIFIED,OPERATIONS,17,17,FALSE,NASS Table 1,cattle_incl_calves_operations_with_sales,NA
AG CENSUS AREA,AK,122,Kenai Peninsula Area,2007,47,"CATTLE, INCL CALVES - OPERATIONS WITH SALES","CATTLE, INCL CALVES - OPERATIONS WITH SALES",TOTAL,NOT SPECIFIED,OPERATIONS,17,17,FALSE,NASS Table 1,cattle_incl_calves_operations_with_sales,NA
AG CENSUS AREA,AK,122,Kenai Peninsula Area,2012,47,"CATTLE, INCL CALVES - OPERATIONS WITH SALES","CATTLE, INCL CALVES - OPERATIONS WITH SALES",TOTAL,NOT SPECIFIED,OPERATIONS,18,18,FALSE,NASS Table 1,cattle_incl_calves_operations_with_sales,NA
AG CENSUS AREA,AK,122,Kenai Peninsula Area,2017,47,"CATTLE, INCL CALVES - OPERATIONS WITH SALES","CATTLE, INCL CALVES - OPERATIONS WITH SALES",TOTAL,NOT SPECIFIED,OPERATIONS,16,16,FALSE,NASS Table 1,cattle_incl_calves_operations_with_sales,NA
AG CENSUS AREA,AK,122,Kenai Peninsula Area,2022,47,"CATTLE, INCL CALVES - OPERATIONS WITH SALES","CATTLE, INCL CALVES - OPERATIONS WITH SALES",TOTAL,NOT SPECIFIED,OPERATIONS,20,20,FALSE,NASS Table 1,cattle_incl_calves_operations_with_sales,NA
AG CENSUS AREA,AK,122,Kenai Peninsula Area,1997,48,"CATTLE, INCL CALVES - SALES, MEASURED IN HEAD","CATTLE, INCL CALVES - SALES, MEASURED IN HEAD",TOTAL,NOT SPECIFIED,HEAD,148,148,FALSE,NASS Table 1,cattle_incl_calves_sales_head,NA
AG CENSUS AREA,AK,122,Kenai Peninsula Area,2002,48,"CATTLE, INCL CALVES - SALES, MEASURED IN HEAD","CATTLE, INCL CALVES - SALES, MEASURED IN HEAD",TOTAL,NOT SPECIFIED,HEAD,177,177,FALSE,NASS Table 1,cattle_incl_calves_sales_head,NA
AG CENSUS AREA,AK,122,Kenai Peninsula Area,2007,48,"CATTLE, INCL CALVES - SALES, MEASURED IN HEAD","CATTLE, INCL CALVES - SALES, MEASURED IN HEAD",TOTAL,NOT SPECIFIED,HEAD,192,192,FALSE,NASS Table 1,cattle_incl_calves_sales_head,NA
AG CENSUS AREA,AK,122,Kenai Peninsula Area,2012,48,"CATTLE, INCL CALVES - SALES, MEASURED IN HEAD","CATTLE, INCL CALVES - SALES, MEASURED IN HEAD",TOTAL,NOT SPECIFIED,HEAD,162,162,FALSE,NASS Table 1,cattle_incl_calves_sales_head,NA
AG CENSUS AREA,AK,122,Kenai Peninsula Area,2017,48,"CATTLE, INCL CALVES - SALES, MEASURED IN HEAD","CATTLE, INCL CALVES - SALES, MEASURED IN HEAD",TOTAL,NOT SPECIFIED,HEAD,125,125,FALSE,NASS Table 1,cattle_incl_calves_sales_head,NA
AG CENSUS AREA,AK,122,Kenai Peninsula Area,2022,48,"CATTLE, INCL CALVES - SALES, MEASURED IN HEAD","CATTLE, INCL CALVES - SALES, MEASURED IN HEAD",TOTAL,NOT SPECIFIED,HEAD,189,189,FALSE,NASS Table 1,cattle_incl_calves_sales_head,NA
AG CENSUS AREA,AK,122,Kenai Peninsula Area,1997,49,HOGS - OPERATIONS WITH INVENTORY,HOGS - OPERATIONS WITH INVENTORY,TOTAL,NOT SPECIFIED,OPERATIONS,10,10,FALSE,NASS Table 1,hogs_operations_with_inventory,NA
AG CENSUS AREA,AK,122,Kenai Peninsula Area,2002,49,HOGS - OPERATIONS WITH INVENTORY,HOGS - OPERATIONS WITH INVENTORY,TOTAL,NOT SPECIFIED,OPERATIONS,7,7,FALSE,NASS Table 1,hogs_operations_with_inventory,NA
AG CENSUS AREA,AK,122,Kenai Peninsula Area,2007,49,HOGS - OPERATIONS WITH INVENTORY,HOGS - OPERATIONS WITH INVENTORY,TOTAL,NOT SPECIFIED,OPERATIONS,9,9,FALSE,NASS Table 1,hogs_operations_with_inventory,NA
AG CENSUS AREA,AK,122,Kenai Peninsula Area,2012,49,HOGS - OPERATIONS WITH INVENTORY,HOGS - OPERATIONS WITH INVENTORY,TOTAL,NOT SPECIFIED,OPERATIONS,5,5,FALSE,NASS Table 1,hogs_operations_with_inventory,NA
AG CENSUS AREA,AK,122,Kenai Peninsula Area,2017,49,HOGS - OPERATIONS WITH INVENTORY,HOGS - OPERATIONS WITH INVENTORY,TOTAL,NOT SPECIFIED,OPERATIONS,11,11,FALSE,NASS Table 1,hogs_operations_with_inventory,NA
AG CENSUS AREA,AK,122,Kenai Peninsula Area,2022,49,HOGS - OPERATIONS WITH INVENTORY,HOGS - OPERATIONS WITH INVENTORY,TOTAL,NOT SPECIFIED,OPERATIONS,18,18,FALSE,NASS Table 1,hogs_operations_with_inventory,NA
AG CENSUS AREA,AK,122,Kenai Peninsula Area,1997,50,HOGS - INVENTORY,HOGS - INVENTORY,TOTAL,NOT SPECIFIED,HEAD,NA,NA,FALSE,NASS Table 1,hogs_inventory,NA
AG CENSUS AREA,AK,122,Kenai Peninsula Area,2002,50,HOGS - INVENTORY,HOGS - INVENTORY,TOTAL,NOT SPECIFIED,HEAD,87,87,FALSE,NASS Table 1,hogs_inventory,NA
AG CENSUS AREA,AK,122,Kenai Peninsula Area,2007,50,HOGS - INVENTORY,HOGS - INVENTORY,TOTAL,NOT SPECIFIED,HEAD,NA,NA,FALSE,NASS Table 1,hogs_inventory,NA
AG CENSUS AREA,AK,122,Kenai Peninsula Area,2012,50,HOGS - INVENTORY,HOGS - INVENTORY,TOTAL,NOT SPECIFIED,HEAD,16,16,FALSE,NASS Table 1,hogs_inventory,NA
AG CENSUS AREA,AK,122,Kenai Peninsula Area,2017,50,HOGS - INVENTORY,HOGS - INVENTORY,TOTAL,NOT SPECIFIED,HEAD,83,83,FALSE,NASS Table 1,hogs_inventory,NA
AG CENSUS AREA,AK,122,Kenai Peninsula Area,2022,50,HOGS - INVENTORY,HOGS - INVENTORY,TOTAL,NOT SPECIFIED,HEAD,NA,NA,FALSE,NASS Table 1,hogs_inventory,NA
AG CENSUS AREA,AK,122,Kenai Peninsula Area,1997,51,HOGS - OPERATIONS WITH SALES,HOGS - OPERATIONS WITH SALES,TOTAL,NOT SPECIFIED,OPERATIONS,6,6,FALSE,NASS Table 1,hogs_operations_with_sales,NA
AG CENSUS AREA,AK,122,Kenai Peninsula Area,2002,51,HOGS - OPERATIONS WITH SALES,HOGS - OPERATIONS WITH SALES,TOTAL,NOT SPECIFIED,OPERATIONS,7,7,FALSE,NASS Table 1,hogs_operations_with_sales,NA
AG CENSUS AREA,AK,122,Kenai Peninsula Area,2007,51,HOGS - OPERATIONS WITH SALES,HOGS - OPERATIONS WITH SALES,TOTAL,NOT SPECIFIED,OPERATIONS,13,13,FALSE,NASS Table 1,hogs_operations_with_sales,NA
AG CENSUS AREA,AK,122,Kenai Peninsula Area,2012,51,HOGS - OPERATIONS WITH SALES,HOGS - OPERATIONS WITH SALES,TOTAL,NOT SPECIFIED,OPERATIONS,8,8,FALSE,NASS Table 1,hogs_operations_with_sales,NA
AG CENSUS AREA,AK,122,Kenai Peninsula Area,2017,51,HOGS - OPERATIONS WITH SALES,HOGS - OPERATIONS WITH SALES,TOTAL,NOT SPECIFIED,OPERATIONS,12,12,FALSE,NASS Table 1,hogs_operations_with_sales,NA
AG CENSUS AREA,AK,122,Kenai Peninsula Area,2022,51,HOGS - OPERATIONS WITH SALES,HOGS - OPERATIONS WITH SALES,TOTAL,NOT SPECIFIED,OPERATIONS,14,14,FALSE,NASS Table 1,hogs_operations_with_sales,NA
AG CENSUS AREA,AK,122,Kenai Peninsula Area,1997,52,"HOGS - SALES, MEASURED IN HEAD","HOGS - SALES, MEASURED IN HEAD",TOTAL,NOT SPECIFIED,HEAD,41,41,FALSE,NASS Table 1,hogs_sales_head,NA
AG CENSUS AREA,AK,122,Kenai Peninsula Area,2002,52,"HOGS - SALES, MEASURED IN HEAD","HOGS - SALES, MEASURED IN HEAD",TOTAL,NOT SPECIFIED,HEAD,NA,NA,FALSE,NASS Table 1,hogs_sales_head,NA
AG CENSUS AREA,AK,122,Kenai Peninsula Area,2007,52,"HOGS - SALES, MEASURED IN HEAD","HOGS - SALES, MEASURED IN HEAD",TOTAL,NOT SPECIFIED,HEAD,NA,NA,FALSE,NASS Table 1,hogs_sales_head,NA
AG CENSUS AREA,AK,122,Kenai Peninsula Area,2012,52,"HOGS - SALES, MEASURED IN HEAD","HOGS - SALES, MEASURED IN HEAD",TOTAL,NOT SPECIFIED,HEAD,38,38,FALSE,NASS Table 1,hogs_sales_head,NA
AG CENSUS AREA,AK,122,Kenai Peninsula Area,2017,52,"HOGS - SALES, MEASURED IN HEAD","HOGS - SALES, MEASURED IN HEAD",TOTAL,NOT SPECIFIED,HEAD,NA,NA,FALSE,NASS Table 1,hogs_sales_head,NA
AG CENSUS AREA,AK,122,Kenai Peninsula Area,2022,52,"HOGS - SALES, MEASURED IN HEAD","HOGS - SALES, MEASURED IN HEAD",TOTAL,NOT SPECIFIED,HEAD,NA,NA,FALSE,NASS Table 1,hogs_sales_head,NA
AG CENSUS AREA,AK,122,Kenai Peninsula Area,1997,53,"SHEEP, INCL LAMBS - OPERATIONS WITH INVENTORY","SHEEP, INCL LAMBS - OPERATIONS WITH INVENTORY",TOTAL,NOT SPECIFIED,OPERATIONS,7,7,FALSE,NASS Table 1,sheep_incl_lambs_operations_with_inventory,NA
AG CENSUS AREA,AK,122,Kenai Peninsula Area,2002,53,"SHEEP, INCL LAMBS - OPERATIONS WITH INVENTORY","SHEEP, INCL LAMBS - OPERATIONS WITH INVENTORY",TOTAL,NOT SPECIFIED,OPERATIONS,11,11,FALSE,NASS Table 1,sheep_incl_lambs_operations_with_inventory,NA
AG CENSUS AREA,AK,122,Kenai Peninsula Area,2007,53,"SHEEP, INCL LAMBS - OPERATIONS WITH INVENTORY","SHEEP, INCL LAMBS - OPERATIONS WITH INVENTORY",TOTAL,NOT SPECIFIED,OPERATIONS,10,10,FALSE,NASS Table 1,sheep_incl_lambs_operations_with_inventory,NA
AG CENSUS AREA,AK,122,Kenai Peninsula Area,2012,53,"SHEEP, INCL LAMBS - OPERATIONS WITH INVENTORY","SHEEP, INCL LAMBS - OPERATIONS WITH INVENTORY",TOTAL,NOT SPECIFIED,OPERATIONS,7,7,FALSE,NASS Table 1,sheep_incl_lambs_operations_with_inventory,NA
AG CENSUS AREA,AK,122,Kenai Peninsula Area,2017,53,"SHEEP, INCL LAMBS - OPERATIONS WITH INVENTORY","SHEEP, INCL LAMBS - OPERATIONS WITH INVENTORY",TOTAL,NOT SPECIFIED,OPERATIONS,6,6,FALSE,NASS Table 1,sheep_incl_lambs_operations_with_inventory,NA
AG CENSUS AREA,AK,122,Kenai Peninsula Area,2022,53,"SHEEP, INCL LAMBS - OPERATIONS WITH INVENTORY","SHEEP, INCL LAMBS - OPERATIONS WITH INVENTORY",TOTAL,NOT SPECIFIED,OPERATIONS,10,10,FALSE,NASS Table 1,sheep_incl_lambs_operations_with_inventory,NA
AG CENSUS AREA,AK,122,Kenai Peninsula Area,1997,54,"SHEEP, INCL LAMBS - INVENTORY","SHEEP, INCL LAMBS - INVENTORY",TOTAL,NOT SPECIFIED,HEAD,63,63,FALSE,NASS Table 1,sheep_incl_lambs_inventory,NA
AG CENSUS AREA,AK,122,Kenai Peninsula Area,2002,54,"SHEEP, INCL LAMBS - INVENTORY","SHEEP, INCL LAMBS - INVENTORY",TOTAL,NOT SPECIFIED,HEAD,112,112,FALSE,NASS Table 1,sheep_incl_lambs_inventory,NA
AG CENSUS AREA,AK,122,Kenai Peninsula Area,2007,54,"SHEEP, INCL LAMBS - INVENTORY","SHEEP, INCL LAMBS - INVENTORY",TOTAL,NOT SPECIFIED,HEAD,53,53,FALSE,NASS Table 1,sheep_incl_lambs_inventory,NA
AG CENSUS AREA,AK,122,Kenai Peninsula Area,2012,54,"SHEEP, INCL LAMBS - INVENTORY","SHEEP, INCL LAMBS - INVENTORY",TOTAL,NOT SPECIFIED,HEAD,NA,NA,FALSE,NASS Table 1,sheep_incl_lambs_inventory,NA
AG CENSUS AREA,AK,122,Kenai Peninsula Area,2017,54,"SHEEP, INCL LAMBS - INVENTORY","SHEEP, INCL LAMBS - INVENTORY",TOTAL,NOT SPECIFIED,HEAD,NA,NA,FALSE,NASS Table 1,sheep_incl_lambs_inventory,NA
AG CENSUS AREA,AK,122,Kenai Peninsula Area,2022,54,"SHEEP, INCL LAMBS - INVENTORY","SHEEP, INCL LAMBS - INVENTORY",TOTAL,NOT SPECIFIED,HEAD,NA,NA,FALSE,NASS Table 1,sheep_incl_lambs_inventory,NA
AG CENSUS AREA,AK,122,Kenai Peninsula Area,1997,55,"CHICKENS, LAYERS - OPERATIONS WITH INVENTORY","CHICKENS, LAYERS - OPERATIONS WITH INVENTORY",TOTAL,NOT SPECIFIED,OPERATIONS,20,20,FALSE,NASS Table 1,chickens_layers_operations_with_inventory,NA
AG CENSUS AREA,AK,122,Kenai Peninsula Area,2002,55,"CHICKENS, LAYERS - OPERATIONS WITH INVENTORY","CHICKENS, LAYERS - OPERATIONS WITH INVENTORY",TOTAL,NOT SPECIFIED,OPERATIONS,17,17,FALSE,NASS Table 1,chickens_layers_operations_with_inventory,NA
AG CENSUS AREA,AK,122,Kenai Peninsula Area,2007,55,"CHICKENS, LAYERS - OPERATIONS WITH INVENTORY","CHICKENS, LAYERS - OPERATIONS WITH INVENTORY",TOTAL,NOT SPECIFIED,OPERATIONS,19,19,FALSE,NASS Table 1,chickens_layers_operations_with_inventory,NA
AG CENSUS AREA,AK,122,Kenai Peninsula Area,2012,55,"CHICKENS, LAYERS - OPERATIONS WITH INVENTORY","CHICKENS, LAYERS - OPERATIONS WITH INVENTORY",TOTAL,NOT SPECIFIED,OPERATIONS,31,31,FALSE,NASS Table 1,chickens_layers_operations_with_inventory,NA
AG CENSUS AREA,AK,122,Kenai Peninsula Area,2017,55,"CHICKENS, LAYERS - OPERATIONS WITH INVENTORY","CHICKENS, LAYERS - OPERATIONS WITH INVENTORY",TOTAL,NOT SPECIFIED,OPERATIONS,64,64,FALSE,NASS Table 1,chickens_layers_operations_with_inventory,NA
AG CENSUS AREA,AK,122,Kenai Peninsula Area,2022,55,"CHICKENS, LAYERS - OPERATIONS WITH INVENTORY","CHICKENS, LAYERS - OPERATIONS WITH INVENTORY",TOTAL,NOT SPECIFIED,OPERATIONS,101,101,FALSE,NASS Table 1,chickens_layers_operations_with_inventory,NA
AG CENSUS AREA,AK,122,Kenai Peninsula Area,1997,56,"CHICKENS, LAYERS - INVENTORY","CHICKENS, LAYERS - INVENTORY",TOTAL,NOT SPECIFIED,HEAD,440,440,FALSE,NASS Table 1,chickens_layers_inventory,NA
AG CENSUS AREA,AK,122,Kenai Peninsula Area,2002,56,"CHICKENS, LAYERS - INVENTORY","CHICKENS, LAYERS - INVENTORY",TOTAL,NOT SPECIFIED,HEAD,337,337,FALSE,NASS Table 1,chickens_layers_inventory,NA
AG CENSUS AREA,AK,122,Kenai Peninsula Area,2007,56,"CHICKENS, LAYERS - INVENTORY","CHICKENS, LAYERS - INVENTORY",TOTAL,NOT SPECIFIED,HEAD,378,378,FALSE,NASS Table 1,chickens_layers_inventory,NA
AG CENSUS AREA,AK,122,Kenai Peninsula Area,2012,56,"CHICKENS, LAYERS - INVENTORY","CHICKENS, LAYERS - INVENTORY",TOTAL,NOT SPECIFIED,HEAD,678,678,FALSE,NASS Table 1,chickens_layers_inventory,NA
AG CENSUS AREA,AK,122,Kenai Peninsula Area,2017,56,"CHICKENS, LAYERS - INVENTORY","CHICKENS, LAYERS - INVENTORY",TOTAL,NOT SPECIFIED,HEAD,1546,1546,FALSE,NASS Table 1,chickens_layers_inventory,NA
AG CENSUS AREA,AK,122,Kenai Peninsula Area,2022,56,"CHICKENS, LAYERS - INVENTORY","CHICKENS, LAYERS - INVENTORY",TOTAL,NOT SPECIFIED,HEAD,3506,3506,FALSE,NASS Table 1,chickens_layers_inventory,NA
AG CENSUS AREA,AK,122,Kenai Peninsula Area,1997,57,"CHICKENS, BROILERS - OPERATIONS WITH SALES","CHICKENS, BROILERS - OPERATIONS WITH SALES",TOTAL,NOT SPECIFIED,OPERATIONS,3,3,FALSE,NASS Table 1,chickens_broilers_operations_with_sales,NA
AG CENSUS AREA,AK,122,Kenai Peninsula Area,2002,57,"CHICKENS, BROILERS - OPERATIONS WITH SALES","CHICKENS, BROILERS - OPERATIONS WITH SALES",TOTAL,NOT SPECIFIED,OPERATIONS,1,1,FALSE,NASS Table 1,chickens_broilers_operations_with_sales,NA
AG CENSUS AREA,AK,122,Kenai Peninsula Area,2007,57,"CHICKENS, BROILERS - OPERATIONS WITH SALES","CHICKENS, BROILERS - OPERATIONS WITH SALES",TOTAL,NOT SPECIFIED,OPERATIONS,3,3,FALSE,NASS Table 1,chickens_broilers_operations_with_sales,NA
AG CENSUS AREA,AK,122,Kenai Peninsula Area,2012,57,"CHICKENS, BROILERS - OPERATIONS WITH SALES","CHICKENS, BROILERS - OPERATIONS WITH SALES",TOTAL,NOT SPECIFIED,OPERATIONS,4,4,FALSE,NASS Table 1,chickens_broilers_operations_with_sales,NA
AG CENSUS AREA,AK,122,Kenai Peninsula Area,2017,57,"CHICKENS, BROILERS - OPERATIONS WITH SALES","CHICKENS, BROILERS - OPERATIONS WITH SALES",TOTAL,NOT SPECIFIED,OPERATIONS,9,9,FALSE,NASS Table 1,chickens_broilers_operations_with_sales,NA
AG CENSUS AREA,AK,122,Kenai Peninsula Area,2022,57,"CHICKENS, BROILERS - OPERATIONS WITH SALES","CHICKENS, BROILERS - OPERATIONS WITH SALES",TOTAL,NOT SPECIFIED,OPERATIONS,15,15,FALSE,NASS Table 1,chickens_broilers_operations_with_sales,NA
AG CENSUS AREA,AK,122,Kenai Peninsula Area,1997,58,"CHICKENS, BROILERS - SALES, MEASURED IN HEAD","CHICKENS, BROILERS - SALES, MEASURED IN HEAD",TOTAL,NOT SPECIFIED,HEAD,NA,NA,FALSE,NASS Table 1,chickens_broilers_sales_head,NA
AG CENSUS AREA,AK,122,Kenai Peninsula Area,2002,58,"CHICKENS, BROILERS - SALES, MEASURED IN HEAD","CHICKENS, BROILERS - SALES, MEASURED IN HEAD",TOTAL,NOT SPECIFIED,HEAD,NA,NA,FALSE,NASS Table 1,chickens_broilers_sales_head,NA
AG CENSUS AREA,AK,122,Kenai Peninsula Area,2007,58,"CHICKENS, BROILERS - SALES, MEASURED IN HEAD","CHICKENS, BROILERS - SALES, MEASURED IN HEAD",TOTAL,NOT SPECIFIED,HEAD,115,115,FALSE,NASS Table 1,chickens_broilers_sales_head,NA
AG CENSUS AREA,AK,122,Kenai Peninsula Area,2012,58,"CHICKENS, BROILERS - SALES, MEASURED IN HEAD","CHICKENS, BROILERS - SALES, MEASURED IN HEAD",TOTAL,NOT SPECIFIED,HEAD,NA,NA,FALSE,NASS Table 1,chickens_broilers_sales_head,NA
AG CENSUS AREA,AK,122,Kenai Peninsula Area,2017,58,"CHICKENS, BROILERS - SALES, MEASURED IN HEAD","CHICKENS, BROILERS - SALES, MEASURED IN HEAD",TOTAL,NOT SPECIFIED,HEAD,875,875,FALSE,NASS Table 1,chickens_broilers_sales_head,NA
AG CENSUS AREA,AK,122,Kenai Peninsula Area,2022,58,"CHICKENS, BROILERS - SALES, MEASURED IN HEAD","CHICKENS, BROILERS - SALES, MEASURED IN HEAD",TOTAL,NOT SPECIFIED,HEAD,2935,2935,FALSE,NASS Table 1,chickens_broilers_sales_head,NA
AG CENSUS AREA,AK,122,Kenai Peninsula Area,2022,77,OATS - OPERATIONS WITH AREA HARVESTED,OATS - OPERATIONS WITH AREA HARVESTED,TOTAL,NOT SPECIFIED,OPERATIONS,1,1,FALSE,NASS Table 1,oats_operations_with_area_harvested,NA
AG CENSUS AREA,AK,122,Kenai Peninsula Area,2022,78,OATS - ACRES HARVESTED,OATS - ACRES HARVESTED,TOTAL,NOT SPECIFIED,ACRES,NA,NA,FALSE,NASS Table 1,oats_acres_harvested,NA
AG CENSUS AREA,AK,122,Kenai Peninsula Area,2022,79,"OATS - PRODUCTION, MEASURED IN BU","OATS - PRODUCTION, MEASURED IN BU",TOTAL,NOT SPECIFIED,BU,NA,NA,FALSE,NASS Table 1,oats_production_bu,NA
AG CENSUS AREA,AK,122,Kenai Peninsula Area,2022,80,BARLEY - OPERATIONS WITH AREA HARVESTED,BARLEY - OPERATIONS WITH AREA HARVESTED,TOTAL,NOT SPECIFIED,OPERATIONS,2,2,FALSE,NASS Table 1,barley_operations_with_area_harvested,NA
AG CENSUS AREA,AK,122,Kenai Peninsula Area,2022,81,BARLEY - ACRES HARVESTED,BARLEY - ACRES HARVESTED,TOTAL,NOT SPECIFIED,ACRES,NA,NA,FALSE,NASS Table 1,barley_acres_harvested,NA
AG CENSUS AREA,AK,122,Kenai Peninsula Area,2022,82,"BARLEY - PRODUCTION, MEASURED IN BU","BARLEY - PRODUCTION, MEASURED IN BU",TOTAL,NOT SPECIFIED,BU,NA,NA,FALSE,NASS Table 1,barley_production_bu,NA
AG CENSUS AREA,AK,122,Kenai Peninsula Area,2002,107,HAY & HAYLAGE - OPERATIONS WITH AREA HARVESTED,HAY & HAYLAGE - OPERATIONS WITH AREA HARVESTED,TOTAL,NOT SPECIFIED,OPERATIONS,53,53,FALSE,NASS Table 1,hay_and_haylage_operations_with_area_harvested,NA
AG CENSUS AREA,AK,122,Kenai Peninsula Area,2007,107,HAY & HAYLAGE - OPERATIONS WITH AREA HARVESTED,HAY & HAYLAGE - OPERATIONS WITH AREA HARVESTED,TOTAL,NOT SPECIFIED,OPERATIONS,52,52,FALSE,NASS Table 1,hay_and_haylage_operations_with_area_harvested,NA
AG CENSUS AREA,AK,122,Kenai Peninsula Area,2012,107,HAY & HAYLAGE - OPERATIONS WITH AREA HARVESTED,HAY & HAYLAGE - OPERATIONS WITH AREA HARVESTED,TOTAL,NOT SPECIFIED,OPERATIONS,49,49,FALSE,NASS Table 1,hay_and_haylage_operations_with_area_harvested,NA
AG CENSUS AREA,AK,122,Kenai Peninsula Area,2017,107,HAY & HAYLAGE - OPERATIONS WITH AREA HARVESTED,HAY & HAYLAGE - OPERATIONS WITH AREA HARVESTED,TOTAL,NOT SPECIFIED,OPERATIONS,46,46,FALSE,NASS Table 1,hay_and_haylage_operations_with_area_harvested,NA
AG CENSUS AREA,AK,122,Kenai Peninsula Area,2022,107,HAY & HAYLAGE - OPERATIONS WITH AREA HARVESTED,HAY & HAYLAGE - OPERATIONS WITH AREA HARVESTED,TOTAL,NOT SPECIFIED,OPERATIONS,61,61,FALSE,NASS Table 1,hay_and_haylage_operations_with_area_harvested,NA
AG CENSUS AREA,AK,122,Kenai Peninsula Area,2002,108,HAY & HAYLAGE - ACRES HARVESTED,HAY & HAYLAGE - ACRES HARVESTED,TOTAL,NOT SPECIFIED,ACRES,2653,2653,FALSE,NASS Table 1,hay_and_haylage_acres_harvested,NA
AG CENSUS AREA,AK,122,Kenai Peninsula Area,2007,108,HAY & HAYLAGE - ACRES HARVESTED,HAY & HAYLAGE - ACRES HARVESTED,TOTAL,NOT SPECIFIED,ACRES,NA,NA,FALSE,NASS Table 1,hay_and_haylage_acres_harvested,NA
AG CENSUS AREA,AK,122,Kenai Peninsula Area,2012,108,HAY & HAYLAGE - ACRES HARVESTED,HAY & HAYLAGE - ACRES HARVESTED,TOTAL,NOT SPECIFIED,ACRES,NA,NA,FALSE,NASS Table 1,hay_and_haylage_acres_harvested,NA
AG CENSUS AREA,AK,122,Kenai Peninsula Area,2017,108,HAY & HAYLAGE - ACRES HARVESTED,HAY & HAYLAGE - ACRES HARVESTED,TOTAL,NOT SPECIFIED,ACRES,1746,1746,FALSE,NASS Table 1,hay_and_haylage_acres_harvested,NA
AG CENSUS AREA,AK,122,Kenai Peninsula Area,2022,108,HAY & HAYLAGE - ACRES HARVESTED,HAY & HAYLAGE - ACRES HARVESTED,TOTAL,NOT SPECIFIED,ACRES,NA,NA,FALSE,NASS Table 1,hay_and_haylage_acres_harvested,NA
AG CENSUS AREA,AK,122,Kenai Peninsula Area,2002,109,"HAY & HAYLAGE - PRODUCTION, MEASURED IN TONS, DRY BASIS","HAY & HAYLAGE - PRODUCTION, MEASURED IN TONS, DRY BASIS",TOTAL,NOT SPECIFIED,"TONS, DRY BASIS",3162,3162,FALSE,NASS Table 1,hay_and_haylage_production_tons_dry_basis,NA
AG CENSUS AREA,AK,122,Kenai Peninsula Area,2007,109,"HAY & HAYLAGE - PRODUCTION, MEASURED IN TONS, DRY BASIS","HAY & HAYLAGE - PRODUCTION, MEASURED IN TONS, DRY BASIS",TOTAL,NOT SPECIFIED,"TONS, DRY BASIS",NA,NA,FALSE,NASS Table 1,hay_and_haylage_production_tons_dry_basis,NA
AG CENSUS AREA,AK,122,Kenai Peninsula Area,2012,109,"HAY & HAYLAGE - PRODUCTION, MEASURED IN TONS, DRY BASIS","HAY & HAYLAGE - PRODUCTION, MEASURED IN TONS, DRY BASIS",TOTAL,NOT SPECIFIED,"TONS, DRY BASIS",NA,NA,FALSE,NASS Table 1,hay_and_haylage_production_tons_dry_basis,NA
AG CENSUS AREA,AK,122,Kenai Peninsula Area,2017,109,"HAY & HAYLAGE - PRODUCTION, MEASURED IN TONS, DRY BASIS","HAY & HAYLAGE - PRODUCTION, MEASURED IN TONS, DRY BASIS",TOTAL,NOT SPECIFIED,"TONS, DRY BASIS",2328,2328,FALSE,NASS Table 1,hay_and_haylage_production_tons_dry_basis,NA
AG CENSUS AREA,AK,122,Kenai Peninsula Area,2022,109,"HAY & HAYLAGE - PRODUCTION, MEASURED IN TONS, DRY BASIS","HAY & HAYLAGE - PRODUCTION, MEASURED IN TONS, DRY BASIS",TOTAL,NOT SPECIFIED,"TONS, DRY BASIS",NA,NA,FALSE,NASS Table 1,hay_and_haylage_production_tons_dry_basis,NA
AG CENSUS AREA,AK,122,Kenai Peninsula Area,1997,125,"VEGETABLE TOTALS, IN THE OPEN - OPERATIONS WITH AREA HARVESTED","VEGETABLE TOTALS, IN THE OPEN - OPERATIONS WITH AREA HARVESTED",TOTAL,NOT SPECIFIED,OPERATIONS,4,4,FALSE,NASS Table 1,vegetable_totals_in_the_open_operations_with_area_harvested,NA
AG CENSUS AREA,AK,122,Kenai Peninsula Area,2002,125,"VEGETABLE TOTALS, IN THE OPEN - OPERATIONS WITH AREA HARVESTED","VEGETABLE TOTALS, IN THE OPEN - OPERATIONS WITH AREA HARVESTED",TOTAL,NOT SPECIFIED,OPERATIONS,4,4,FALSE,NASS Table 1,vegetable_totals_in_the_open_operations_with_area_harvested,NA
AG CENSUS AREA,AK,122,Kenai Peninsula Area,2007,125,"VEGETABLE TOTALS, IN THE OPEN - OPERATIONS WITH AREA HARVESTED","VEGETABLE TOTALS, IN THE OPEN - OPERATIONS WITH AREA HARVESTED",TOTAL,NOT SPECIFIED,OPERATIONS,7,7,FALSE,NASS Table 1,vegetable_totals_in_the_open_operations_with_area_harvested,NA
AG CENSUS AREA,AK,122,Kenai Peninsula Area,2012,125,"VEGETABLE TOTALS, IN THE OPEN - OPERATIONS WITH AREA HARVESTED","VEGETABLE TOTALS, IN THE OPEN - OPERATIONS WITH AREA HARVESTED",TOTAL,NOT SPECIFIED,OPERATIONS,32,32,FALSE,NASS Table 1,vegetable_totals_in_the_open_operations_with_area_harvested,NA
AG CENSUS AREA,AK,122,Kenai Peninsula Area,2017,125,"VEGETABLE TOTALS, IN THE OPEN - OPERATIONS WITH AREA HARVESTED","VEGETABLE TOTALS, IN THE OPEN - OPERATIONS WITH AREA HARVESTED",TOTAL,NOT SPECIFIED,OPERATIONS,71,71,FALSE,NASS Table 1,vegetable_totals_in_the_open_operations_with_area_harvested,NA
AG CENSUS AREA,AK,122,Kenai Peninsula Area,2022,125,"VEGETABLE TOTALS, IN THE OPEN - OPERATIONS WITH AREA HARVESTED","VEGETABLE TOTALS, IN THE OPEN - OPERATIONS WITH AREA HARVESTED",TOTAL,NOT SPECIFIED,OPERATIONS,86,86,FALSE,NASS Table 1,vegetable_totals_in_the_open_operations_with_area_harvested,NA
AG CENSUS AREA,AK,122,Kenai Peninsula Area,1997,126,"VEGETABLE TOTALS, IN THE OPEN - ACRES HARVESTED","VEGETABLE TOTALS, IN THE OPEN - ACRES HARVESTED",TOTAL,NOT SPECIFIED,ACRES,5,5,FALSE,NASS Table 1,vegetable_totals_in_the_open_acres_harvested,NA
AG CENSUS AREA,AK,122,Kenai Peninsula Area,2002,126,"VEGETABLE TOTALS, IN THE OPEN - ACRES HARVESTED","VEGETABLE TOTALS, IN THE OPEN - ACRES HARVESTED",TOTAL,NOT SPECIFIED,ACRES,1,1,FALSE,NASS Table 1,vegetable_totals_in_the_open_acres_harvested,NA
AG CENSUS AREA,AK,122,Kenai Peninsula Area,2007,126,"VEGETABLE TOTALS, IN THE OPEN - ACRES HARVESTED","VEGETABLE TOTALS, IN THE OPEN - ACRES HARVESTED",TOTAL,NOT SPECIFIED,ACRES,NA,NA,FALSE,NASS Table 1,vegetable_totals_in_the_open_acres_harvested,NA
AG CENSUS AREA,AK,122,Kenai Peninsula Area,2012,126,"VEGETABLE TOTALS, IN THE OPEN - ACRES HARVESTED","VEGETABLE TOTALS, IN THE OPEN - ACRES HARVESTED",TOTAL,NOT SPECIFIED,ACRES,36,36,FALSE,NASS Table 1,vegetable_totals_in_the_open_acres_harvested,NA
AG CENSUS AREA,AK,122,Kenai Peninsula Area,2017,126,"VEGETABLE TOTALS, IN THE OPEN - ACRES HARVESTED","VEGETABLE TOTALS, IN THE OPEN - ACRES HARVESTED",TOTAL,NOT SPECIFIED,ACRES,67,67,FALSE,NASS Table 1,vegetable_totals_in_the_open_acres_harvested,NA
AG CENSUS AREA,AK,122,Kenai Peninsula Area,2022,126,"VEGETABLE TOTALS, IN THE OPEN - ACRES HARVESTED","VEGETABLE TOTALS, IN THE OPEN - ACRES HARVESTED",TOTAL,NOT SPECIFIED,ACRES,103,103,FALSE,NASS Table 1,vegetable_totals_in_the_open_acres_harvested,NA
AG CENSUS AREA,AK,122,Kenai Peninsula Area,1997,127,POTATOES - OPERATIONS WITH AREA HARVESTED,POTATOES - OPERATIONS WITH AREA HARVESTED,TOTAL,NOT SPECIFIED,OPERATIONS,4,4,FALSE,NASS Table 1,potatoes_operations_with_area_harvested,NA
AG CENSUS AREA,AK,122,Kenai Peninsula Area,2002,127,POTATOES - OPERATIONS WITH AREA HARVESTED,POTATOES - OPERATIONS WITH AREA HARVESTED,TOTAL,NOT SPECIFIED,OPERATIONS,4,4,FALSE,NASS Table 1,potatoes_operations_with_area_harvested,NA
AG CENSUS AREA,AK,122,Kenai Peninsula Area,2007,127,POTATOES - OPERATIONS WITH AREA HARVESTED,POTATOES - OPERATIONS WITH AREA HARVESTED,TOTAL,NOT SPECIFIED,OPERATIONS,4,4,FALSE,NASS Table 1,potatoes_operations_with_area_harvested,NA
AG CENSUS AREA,AK,122,Kenai Peninsula Area,2012,127,POTATOES - OPERATIONS WITH AREA HARVESTED,POTATOES - OPERATIONS WITH AREA HARVESTED,TOTAL,NOT SPECIFIED,OPERATIONS,21,21,FALSE,NASS Table 1,potatoes_operations_with_area_harvested,NA
AG CENSUS AREA,AK,122,Kenai Peninsula Area,2017,127,POTATOES - OPERATIONS WITH AREA HARVESTED,POTATOES - OPERATIONS WITH AREA HARVESTED,TOTAL,NOT SPECIFIED,OPERATIONS,33,33,FALSE,NASS Table 1,potatoes_operations_with_area_harvested,NA
AG CENSUS AREA,AK,122,Kenai Peninsula Area,2022,127,POTATOES - OPERATIONS WITH AREA HARVESTED,POTATOES - OPERATIONS WITH AREA HARVESTED,TOTAL,NOT SPECIFIED,OPERATIONS,48,48,FALSE,NASS Table 1,potatoes_operations_with_area_harvested,NA
AG CENSUS AREA,AK,122,Kenai Peninsula Area,1997,128,POTATOES - ACRES HARVESTED,POTATOES - ACRES HARVESTED,TOTAL,NOT SPECIFIED,ACRES,2,2,FALSE,NASS Table 1,potatoes_acres_harvested,NA
AG CENSUS AREA,AK,122,Kenai Peninsula Area,2002,128,POTATOES - ACRES HARVESTED,POTATOES - ACRES HARVESTED,TOTAL,NOT SPECIFIED,ACRES,4,4,FALSE,NASS Table 1,potatoes_acres_harvested,NA
AG CENSUS AREA,AK,122,Kenai Peninsula Area,2007,128,POTATOES - ACRES HARVESTED,POTATOES - ACRES HARVESTED,TOTAL,NOT SPECIFIED,ACRES,NA,NA,FALSE,NASS Table 1,potatoes_acres_harvested,NA
AG CENSUS AREA,AK,122,Kenai Peninsula Area,2012,128,POTATOES - ACRES HARVESTED,POTATOES - ACRES HARVESTED,TOTAL,NOT SPECIFIED,ACRES,9,9,FALSE,NASS Table 1,potatoes_acres_harvested,NA
AG CENSUS AREA,AK,122,Kenai Peninsula Area,2017,128,POTATOES - ACRES HARVESTED,POTATOES - ACRES HARVESTED,TOTAL,NOT SPECIFIED,ACRES,17,17,FALSE,NASS Table 1,potatoes_acres_harvested,NA
AG CENSUS AREA,AK,122,Kenai Peninsula Area,2022,128,POTATOES - ACRES HARVESTED,POTATOES - ACRES HARVESTED,TOTAL,NOT SPECIFIED,ACRES,22,22,FALSE,NASS Table 1,potatoes_acres_harvested,NA
AG CENSUS AREA,AK,122,Kenai Peninsula Area,2002,131,ORCHARDS - OPERATIONS WITH AREA BEARING & NON-BEARING,ORCHARDS - OPERATIONS WITH AREA BEARING & NON-BEARING,TOTAL,NOT SPECIFIED,OPERATIONS,1,1,FALSE,NASS Table 1,orchards_operations_with_area_bearing_and_non_bearing,NA
AG CENSUS AREA,AK,122,Kenai Peninsula Area,2007,131,ORCHARDS - OPERATIONS WITH AREA BEARING & NON-BEARING,ORCHARDS - OPERATIONS WITH AREA BEARING & NON-BEARING,TOTAL,NOT SPECIFIED,OPERATIONS,1,1,FALSE,NASS Table 1,orchards_operations_with_area_bearing_and_non_bearing,NA
AG CENSUS AREA,AK,122,Kenai Peninsula Area,2012,131,ORCHARDS - OPERATIONS WITH AREA BEARING & NON-BEARING,ORCHARDS - OPERATIONS WITH AREA BEARING & NON-BEARING,TOTAL,NOT SPECIFIED,OPERATIONS,3,3,FALSE,NASS Table 1,orchards_operations_with_area_bearing_and_non_bearing,NA
AG CENSUS AREA,AK,122,Kenai Peninsula Area,2017,131,ORCHARDS - OPERATIONS WITH AREA BEARING & NON-BEARING,ORCHARDS - OPERATIONS WITH AREA BEARING & NON-BEARING,TOTAL,NOT SPECIFIED,OPERATIONS,20,20,FALSE,NASS Table 1,orchards_operations_with_area_bearing_and_non_bearing,NA
AG CENSUS AREA,AK,122,Kenai Peninsula Area,2022,131,ORCHARDS - OPERATIONS WITH AREA BEARING & NON-BEARING,ORCHARDS - OPERATIONS WITH AREA BEARING & NON-BEARING,TOTAL,NOT SPECIFIED,OPERATIONS,27,27,FALSE,NASS Table 1,orchards_operations_with_area_bearing_and_non_bearing,NA
AG CENSUS AREA,AK,122,Kenai Peninsula Area,2002,132,ORCHARDS - ACRES BEARING & NON-BEARING,ORCHARDS - ACRES BEARING & NON-BEARING,TOTAL,NOT SPECIFIED,ACRES,NA,NA,FALSE,NASS Table 1,orchards_acres_bearing_and_non_bearing,NA
AG CENSUS AREA,AK,122,Kenai Peninsula Area,2007,132,ORCHARDS - ACRES BEARING & NON-BEARING,ORCHARDS - ACRES BEARING & NON-BEARING,TOTAL,NOT SPECIFIED,ACRES,NA,NA,FALSE,NASS Table 1,orchards_acres_bearing_and_non_bearing,NA
AG CENSUS AREA,AK,122,Kenai Peninsula Area,2012,132,ORCHARDS - ACRES BEARING & NON-BEARING,ORCHARDS - ACRES BEARING & NON-BEARING,TOTAL,NOT SPECIFIED,ACRES,NA,NA,FALSE,NASS Table 1,orchards_acres_bearing_and_non_bearing,NA
AG CENSUS AREA,AK,122,Kenai Peninsula Area,2017,132,ORCHARDS - ACRES BEARING & NON-BEARING,ORCHARDS - ACRES BEARING & NON-BEARING,TOTAL,NOT SPECIFIED,ACRES,9,9,FALSE,NASS Table 1,orchards_acres_bearing_and_non_bearing,NA
AG CENSUS AREA,AK,122,Kenai Peninsula Area,2022,132,ORCHARDS - ACRES BEARING & NON-BEARING,ORCHARDS - ACRES BEARING & NON-BEARING,TOTAL,NOT SPECIFIED,ACRES,16,16,FALSE,NASS Table 1,orchards_acres_bearing_and_non_bearing,NA
AG CENSUS AREA,AK,010,Aleutian Islands Area,1997,133,"FOOD FISH (HATCHERY), EXCL CATFISH & TROUT - SALES & DISTRIBUTION, MEASURED IN $","FOOD FISH, (EXCL CATFISH & TROUT) - SALES & DISTRIBUTION, MEASURED IN $",TOTAL,NOT SPECIFIED,$,0,0,FALSE,Added context: Ch 2 Table 22,food_fish_sales_usd,"Food fish (excl. catfish & trout) sales and distribution; in Alaska mostly salmon hatcheries; no food fish reported here, counted as 0"
AG CENSUS AREA,AK,010,Aleutian Islands Area,2002,133,"FOOD FISH (HATCHERY), EXCL CATFISH & TROUT - SALES & DISTRIBUTION, MEASURED IN $","FOOD FISH, (EXCL CATFISH & TROUT) - SALES & DISTRIBUTION, MEASURED IN $",TOTAL,NOT SPECIFIED,$,0,0,FALSE,Added context: Ch 2 Table 22,food_fish_sales_usd,"Food fish (excl. catfish & trout) sales and distribution; in Alaska mostly salmon hatcheries; no food fish reported here, counted as 0"
AG CENSUS AREA,AK,010,Aleutian Islands Area,1997,134,"FOOD FISH (HATCHERY), EXCL CATFISH & TROUT - OPERATIONS WITH SALES & DISTRIBUTION","FOOD FISH, (EXCL CATFISH & TROUT) - OPERATIONS WITH SALES & DISTRIBUTION",TOTAL,NOT SPECIFIED,OPERATIONS,0,0,FALSE,Added context: Ch 2 Table 22,food_fish_operations,"Operations reporting food fish (excl. catfish & trout) sales and distribution; no food fish reported here, counted as 0"
AG CENSUS AREA,AK,010,Aleutian Islands Area,2002,134,"FOOD FISH (HATCHERY), EXCL CATFISH & TROUT - OPERATIONS WITH SALES & DISTRIBUTION","FOOD FISH, (EXCL CATFISH & TROUT) - OPERATIONS WITH SALES & DISTRIBUTION",TOTAL,NOT SPECIFIED,OPERATIONS,0,0,FALSE,Added context: Ch 2 Table 22,food_fish_operations,"Operations reporting food fish (excl. catfish & trout) sales and distribution; no food fish reported here, counted as 0"
AG CENSUS AREA,AK,010,Aleutian Islands Area,2017,134,"FOOD FISH (HATCHERY), EXCL CATFISH & TROUT - OPERATIONS WITH SALES & DISTRIBUTION","FOOD FISH, (EXCL CATFISH & TROUT) - OPERATIONS WITH SALES & DISTRIBUTION",TOTAL,NOT SPECIFIED,OPERATIONS,2,2,FALSE,Added context: Ch 2 Table 22,food_fish_operations,Operations reporting food fish (excl. catfish & trout) sales and distribution
AG CENSUS AREA,AK,010,Aleutian Islands Area,2022,134,"FOOD FISH (HATCHERY), EXCL CATFISH & TROUT - OPERATIONS WITH SALES & DISTRIBUTION","FOOD FISH, (EXCL CATFISH & TROUT) - OPERATIONS WITH SALES & DISTRIBUTION",TOTAL,NOT SPECIFIED,OPERATIONS,3,3,FALSE,Added context: Ch 2 Table 22,food_fish_operations,Operations reporting food fish (excl. catfish & trout) sales and distribution
AG CENSUS AREA,AK,010,Aleutian Islands Area,1997,135,"AG SALES EXCL FOOD FISH - SALES, MEASURED IN $",NA,TOTAL,NOT SPECIFIED,$,"1,352,000",1352000,FALSE,Derived,ag_sales_excl_food_fish_usd,"commodity_totals_sales_usd minus food_fish_sales_usd; no food fish reported here, counted as 0"
AG CENSUS AREA,AK,010,Aleutian Islands Area,2002,135,"AG SALES EXCL FOOD FISH - SALES, MEASURED IN $",NA,TOTAL,NOT SPECIFIED,$,"329,000",329000,FALSE,Derived,ag_sales_excl_food_fish_usd,"commodity_totals_sales_usd minus food_fish_sales_usd; no food fish reported here, counted as 0"
AG CENSUS AREA,AK,010,Aleutian Islands Area,1997,137,"FOOD FISH - SHARE OF TOTAL AG SALES, MEASURED IN PCT",NA,TOTAL,NOT SPECIFIED,PCT,0.0,0,FALSE,Derived,food_fish_pct_of_ag_sales,"food_fish_sales_usd / commodity_totals_sales_usd x 100; no food fish reported here, counted as 0"
AG CENSUS AREA,AK,010,Aleutian Islands Area,2002,137,"FOOD FISH - SHARE OF TOTAL AG SALES, MEASURED IN PCT",NA,TOTAL,NOT SPECIFIED,PCT,0.0,0,FALSE,Derived,food_fish_pct_of_ag_sales,"food_fish_sales_usd / commodity_totals_sales_usd x 100; no food fish reported here, counted as 0"
AG CENSUS AREA,AK,010,Aleutian Islands Area,1997,138,"AG SALES EXCL FOOD FISH - SALES, MEASURED IN $ / OPERATION",NA,TOTAL,NOT SPECIFIED,$ / OPERATION,"37,556",37555.555555555555,FALSE,Derived,ag_sales_excl_food_fish_per_farm_usd,"ag_sales_excl_food_fish_usd / (farm_operations_number_of_operations minus food_fish_operations); no food fish reported here, counted as 0"
AG CENSUS AREA,AK,010,Aleutian Islands Area,2002,138,"AG SALES EXCL FOOD FISH - SALES, MEASURED IN $ / OPERATION",NA,TOTAL,NOT SPECIFIED,$ / OPERATION,"9,139",9138.888888888889,FALSE,Derived,ag_sales_excl_food_fish_per_farm_usd,"ag_sales_excl_food_fish_usd / (farm_operations_number_of_operations minus food_fish_operations); no food fish reported here, counted as 0"
AG CENSUS AREA,AK,020,Anchorage Area,1997,133,"FOOD FISH (HATCHERY), EXCL CATFISH & TROUT - SALES & DISTRIBUTION, MEASURED IN $","FOOD FISH, (EXCL CATFISH & TROUT) - SALES & DISTRIBUTION, MEASURED IN $",TOTAL,NOT SPECIFIED,$,0,0,FALSE,Added context: Ch 2 Table 22,food_fish_sales_usd,"Food fish (excl. catfish & trout) sales and distribution; in Alaska mostly salmon hatcheries; no food fish reported here, counted as 0"
AG CENSUS AREA,AK,020,Anchorage Area,2002,133,"FOOD FISH (HATCHERY), EXCL CATFISH & TROUT - SALES & DISTRIBUTION, MEASURED IN $","FOOD FISH, (EXCL CATFISH & TROUT) - SALES & DISTRIBUTION, MEASURED IN $",TOTAL,NOT SPECIFIED,$,0,0,FALSE,Added context: Ch 2 Table 22,food_fish_sales_usd,"Food fish (excl. catfish & trout) sales and distribution; in Alaska mostly salmon hatcheries; no food fish reported here, counted as 0"
AG CENSUS AREA,AK,020,Anchorage Area,2007,133,"FOOD FISH (HATCHERY), EXCL CATFISH & TROUT - SALES & DISTRIBUTION, MEASURED IN $","FOOD FISH, (EXCL CATFISH & TROUT) - SALES & DISTRIBUTION, MEASURED IN $",TOTAL,NOT SPECIFIED,$,"13,996,000",13996000,FALSE,Added context: Ch 2 Table 22,food_fish_sales_usd,Food fish (excl. catfish & trout) sales and distribution; in Alaska mostly salmon hatcheries
AG CENSUS AREA,AK,020,Anchorage Area,2012,133,"FOOD FISH (HATCHERY), EXCL CATFISH & TROUT - SALES & DISTRIBUTION, MEASURED IN $","FOOD FISH, (EXCL CATFISH & TROUT) - SALES & DISTRIBUTION, MEASURED IN $",TOTAL,NOT SPECIFIED,$,"13,539,000",13539000,FALSE,Added context: Ch 2 Table 22,food_fish_sales_usd,Food fish (excl. catfish & trout) sales and distribution; in Alaska mostly salmon hatcheries
AG CENSUS AREA,AK,020,Anchorage Area,2017,133,"FOOD FISH (HATCHERY), EXCL CATFISH & TROUT - SALES & DISTRIBUTION, MEASURED IN $","FOOD FISH, (EXCL CATFISH & TROUT) - SALES & DISTRIBUTION, MEASURED IN $",TOTAL,NOT SPECIFIED,$,"16,976,000",16976000,FALSE,Added context: Ch 2 Table 22,food_fish_sales_usd,Food fish (excl. catfish & trout) sales and distribution; in Alaska mostly salmon hatcheries
AG CENSUS AREA,AK,020,Anchorage Area,2022,133,"FOOD FISH (HATCHERY), EXCL CATFISH & TROUT - SALES & DISTRIBUTION, MEASURED IN $","FOOD FISH, (EXCL CATFISH & TROUT) - SALES & DISTRIBUTION, MEASURED IN $",TOTAL,NOT SPECIFIED,$,"18,617,000",18617000,FALSE,Added context: Ch 2 Table 22,food_fish_sales_usd,Food fish (excl. catfish & trout) sales and distribution; in Alaska mostly salmon hatcheries
AG CENSUS AREA,AK,020,Anchorage Area,1997,134,"FOOD FISH (HATCHERY), EXCL CATFISH & TROUT - OPERATIONS WITH SALES & DISTRIBUTION","FOOD FISH, (EXCL CATFISH & TROUT) - OPERATIONS WITH SALES & DISTRIBUTION",TOTAL,NOT SPECIFIED,OPERATIONS,0,0,FALSE,Added context: Ch 2 Table 22,food_fish_operations,"Operations reporting food fish (excl. catfish & trout) sales and distribution; no food fish reported here, counted as 0"
AG CENSUS AREA,AK,020,Anchorage Area,2002,134,"FOOD FISH (HATCHERY), EXCL CATFISH & TROUT - OPERATIONS WITH SALES & DISTRIBUTION","FOOD FISH, (EXCL CATFISH & TROUT) - OPERATIONS WITH SALES & DISTRIBUTION",TOTAL,NOT SPECIFIED,OPERATIONS,5,5,FALSE,Added context: Ch 2 Table 22,food_fish_operations,"Operations reporting food fish (excl. catfish & trout) sales and distribution; no food fish reported here, counted as 0"
AG CENSUS AREA,AK,020,Anchorage Area,2007,134,"FOOD FISH (HATCHERY), EXCL CATFISH & TROUT - OPERATIONS WITH SALES & DISTRIBUTION","FOOD FISH, (EXCL CATFISH & TROUT) - OPERATIONS WITH SALES & DISTRIBUTION",TOTAL,NOT SPECIFIED,OPERATIONS,8,8,FALSE,Added context: Ch 2 Table 22,food_fish_operations,Operations reporting food fish (excl. catfish & trout) sales and distribution
AG CENSUS AREA,AK,020,Anchorage Area,2012,134,"FOOD FISH (HATCHERY), EXCL CATFISH & TROUT - OPERATIONS WITH SALES & DISTRIBUTION","FOOD FISH, (EXCL CATFISH & TROUT) - OPERATIONS WITH SALES & DISTRIBUTION",TOTAL,NOT SPECIFIED,OPERATIONS,7,7,FALSE,Added context: Ch 2 Table 22,food_fish_operations,Operations reporting food fish (excl. catfish & trout) sales and distribution
AG CENSUS AREA,AK,020,Anchorage Area,2017,134,"FOOD FISH (HATCHERY), EXCL CATFISH & TROUT - OPERATIONS WITH SALES & DISTRIBUTION","FOOD FISH, (EXCL CATFISH & TROUT) - OPERATIONS WITH SALES & DISTRIBUTION",TOTAL,NOT SPECIFIED,OPERATIONS,7,7,FALSE,Added context: Ch 2 Table 22,food_fish_operations,Operations reporting food fish (excl. catfish & trout) sales and distribution
AG CENSUS AREA,AK,020,Anchorage Area,2022,134,"FOOD FISH (HATCHERY), EXCL CATFISH & TROUT - OPERATIONS WITH SALES & DISTRIBUTION","FOOD FISH, (EXCL CATFISH & TROUT) - OPERATIONS WITH SALES & DISTRIBUTION",TOTAL,NOT SPECIFIED,OPERATIONS,7,7,FALSE,Added context: Ch 2 Table 22,food_fish_operations,Operations reporting food fish (excl. catfish & trout) sales and distribution
AG CENSUS AREA,AK,020,Anchorage Area,1997,135,"AG SALES EXCL FOOD FISH - SALES, MEASURED IN $",NA,TOTAL,NOT SPECIFIED,$,"15,851,000",15851000,FALSE,Derived,ag_sales_excl_food_fish_usd,"commodity_totals_sales_usd minus food_fish_sales_usd; no food fish reported here, counted as 0"
AG CENSUS AREA,AK,020,Anchorage Area,2002,135,"AG SALES EXCL FOOD FISH - SALES, MEASURED IN $",NA,TOTAL,NOT SPECIFIED,$,"27,512,000",27512000,FALSE,Derived,ag_sales_excl_food_fish_usd,"commodity_totals_sales_usd minus food_fish_sales_usd; no food fish reported here, counted as 0"
AG CENSUS AREA,AK,020,Anchorage Area,2007,135,"AG SALES EXCL FOOD FISH - SALES, MEASURED IN $",NA,TOTAL,NOT SPECIFIED,$,"17,756,000",17756000,FALSE,Derived,ag_sales_excl_food_fish_usd,commodity_totals_sales_usd minus food_fish_sales_usd
AG CENSUS AREA,AK,020,Anchorage Area,2012,135,"AG SALES EXCL FOOD FISH - SALES, MEASURED IN $",NA,TOTAL,NOT SPECIFIED,$,"16,480,000",16480000,FALSE,Derived,ag_sales_excl_food_fish_usd,commodity_totals_sales_usd minus food_fish_sales_usd
AG CENSUS AREA,AK,020,Anchorage Area,2017,135,"AG SALES EXCL FOOD FISH - SALES, MEASURED IN $",NA,TOTAL,NOT SPECIFIED,$,"20,560,000",20560000,FALSE,Derived,ag_sales_excl_food_fish_usd,commodity_totals_sales_usd minus food_fish_sales_usd
AG CENSUS AREA,AK,020,Anchorage Area,2022,135,"AG SALES EXCL FOOD FISH - SALES, MEASURED IN $",NA,TOTAL,NOT SPECIFIED,$,"25,414,000",25414000,FALSE,Derived,ag_sales_excl_food_fish_usd,commodity_totals_sales_usd minus food_fish_sales_usd
AG CENSUS AREA,AK,020,Anchorage Area,1997,136,"ANIMAL SALES EXCL FOOD FISH - SALES, MEASURED IN $",NA,TOTAL,NOT SPECIFIED,$,"5,309,000",5309000,FALSE,Derived,animal_sales_excl_food_fish_usd,"animal_totals_incl_products_sales_usd minus food_fish_sales_usd (keeps livestock, poultry, products and other aquaculture); no food fish reported here, counted as 0"
AG CENSUS AREA,AK,020,Anchorage Area,2002,136,"ANIMAL SALES EXCL FOOD FISH - SALES, MEASURED IN $",NA,TOTAL,NOT SPECIFIED,$,"13,323,000",13323000,FALSE,Derived,animal_sales_excl_food_fish_usd,"animal_totals_incl_products_sales_usd minus food_fish_sales_usd (keeps livestock, poultry, products and other aquaculture); no food fish reported here, counted as 0"
AG CENSUS AREA,AK,020,Anchorage Area,2007,136,"ANIMAL SALES EXCL FOOD FISH - SALES, MEASURED IN $",NA,TOTAL,NOT SPECIFIED,$,"2,021,000",2021000,FALSE,Derived,animal_sales_excl_food_fish_usd,"animal_totals_incl_products_sales_usd minus food_fish_sales_usd (keeps livestock, poultry, products and other aquaculture)"
AG CENSUS AREA,AK,020,Anchorage Area,2012,136,"ANIMAL SALES EXCL FOOD FISH - SALES, MEASURED IN $",NA,TOTAL,NOT SPECIFIED,$,"2,275,000",2275000,FALSE,Derived,animal_sales_excl_food_fish_usd,"animal_totals_incl_products_sales_usd minus food_fish_sales_usd (keeps livestock, poultry, products and other aquaculture)"
AG CENSUS AREA,AK,020,Anchorage Area,2017,136,"ANIMAL SALES EXCL FOOD FISH - SALES, MEASURED IN $",NA,TOTAL,NOT SPECIFIED,$,"3,427,000",3427000,FALSE,Derived,animal_sales_excl_food_fish_usd,"animal_totals_incl_products_sales_usd minus food_fish_sales_usd (keeps livestock, poultry, products and other aquaculture)"
AG CENSUS AREA,AK,020,Anchorage Area,2022,136,"ANIMAL SALES EXCL FOOD FISH - SALES, MEASURED IN $",NA,TOTAL,NOT SPECIFIED,$,"2,919,000",2919000,FALSE,Derived,animal_sales_excl_food_fish_usd,"animal_totals_incl_products_sales_usd minus food_fish_sales_usd (keeps livestock, poultry, products and other aquaculture)"
AG CENSUS AREA,AK,020,Anchorage Area,1997,137,"FOOD FISH - SHARE OF TOTAL AG SALES, MEASURED IN PCT",NA,TOTAL,NOT SPECIFIED,PCT,0.0,0,FALSE,Derived,food_fish_pct_of_ag_sales,"food_fish_sales_usd / commodity_totals_sales_usd x 100; no food fish reported here, counted as 0"
AG CENSUS AREA,AK,020,Anchorage Area,2002,137,"FOOD FISH - SHARE OF TOTAL AG SALES, MEASURED IN PCT",NA,TOTAL,NOT SPECIFIED,PCT,0.0,0,FALSE,Derived,food_fish_pct_of_ag_sales,"food_fish_sales_usd / commodity_totals_sales_usd x 100; no food fish reported here, counted as 0"
AG CENSUS AREA,AK,020,Anchorage Area,2007,137,"FOOD FISH - SHARE OF TOTAL AG SALES, MEASURED IN PCT",NA,TOTAL,NOT SPECIFIED,PCT,44.1,44.079113126732175,FALSE,Derived,food_fish_pct_of_ag_sales,food_fish_sales_usd / commodity_totals_sales_usd x 100
AG CENSUS AREA,AK,020,Anchorage Area,2012,137,"FOOD FISH - SHARE OF TOTAL AG SALES, MEASURED IN PCT",NA,TOTAL,NOT SPECIFIED,PCT,45.1,45.10143575735368,FALSE,Derived,food_fish_pct_of_ag_sales,food_fish_sales_usd / commodity_totals_sales_usd x 100
AG CENSUS AREA,AK,020,Anchorage Area,2017,137,"FOOD FISH - SHARE OF TOTAL AG SALES, MEASURED IN PCT",NA,TOTAL,NOT SPECIFIED,PCT,45.2,45.225916453537934,FALSE,Derived,food_fish_pct_of_ag_sales,food_fish_sales_usd / commodity_totals_sales_usd x 100
AG CENSUS AREA,AK,020,Anchorage Area,2022,137,"FOOD FISH - SHARE OF TOTAL AG SALES, MEASURED IN PCT",NA,TOTAL,NOT SPECIFIED,PCT,42.3,42.28157434534759,FALSE,Derived,food_fish_pct_of_ag_sales,food_fish_sales_usd / commodity_totals_sales_usd x 100
AG CENSUS AREA,AK,020,Anchorage Area,1997,138,"AG SALES EXCL FOOD FISH - SALES, MEASURED IN $ / OPERATION",NA,TOTAL,NOT SPECIFIED,$ / OPERATION,"71,401",71400.9009009009,FALSE,Derived,ag_sales_excl_food_fish_per_farm_usd,"ag_sales_excl_food_fish_usd / (farm_operations_number_of_operations minus food_fish_operations); no food fish reported here, counted as 0"
AG CENSUS AREA,AK,020,Anchorage Area,2002,138,"AG SALES EXCL FOOD FISH - SALES, MEASURED IN $ / OPERATION",NA,TOTAL,NOT SPECIFIED,$ / OPERATION,"111,837",111837.39837398374,FALSE,Derived,ag_sales_excl_food_fish_per_farm_usd,"ag_sales_excl_food_fish_usd / (farm_operations_number_of_operations minus food_fish_operations); no food fish reported here, counted as 0"
AG CENSUS AREA,AK,020,Anchorage Area,2007,138,"AG SALES EXCL FOOD FISH - SALES, MEASURED IN $ / OPERATION",NA,TOTAL,NOT SPECIFIED,$ / OPERATION,"65,763",65762.96296296296,FALSE,Derived,ag_sales_excl_food_fish_per_farm_usd,ag_sales_excl_food_fish_usd / (farm_operations_number_of_operations minus food_fish_operations)
AG CENSUS AREA,AK,020,Anchorage Area,2012,138,"AG SALES EXCL FOOD FISH - SALES, MEASURED IN $ / OPERATION",NA,TOTAL,NOT SPECIFIED,$ / OPERATION,"58,028",58028.16901408451,FALSE,Derived,ag_sales_excl_food_fish_per_farm_usd,ag_sales_excl_food_fish_usd / (farm_operations_number_of_operations minus food_fish_operations)
AG CENSUS AREA,AK,020,Anchorage Area,2017,138,"AG SALES EXCL FOOD FISH - SALES, MEASURED IN $ / OPERATION",NA,TOTAL,NOT SPECIFIED,$ / OPERATION,"59,942",59941.69096209913,FALSE,Derived,ag_sales_excl_food_fish_per_farm_usd,ag_sales_excl_food_fish_usd / (farm_operations_number_of_operations minus food_fish_operations)
AG CENSUS AREA,AK,020,Anchorage Area,2022,138,"AG SALES EXCL FOOD FISH - SALES, MEASURED IN $ / OPERATION",NA,TOTAL,NOT SPECIFIED,$ / OPERATION,"64,503",64502.53807106599,FALSE,Derived,ag_sales_excl_food_fish_per_farm_usd,ag_sales_excl_food_fish_usd / (farm_operations_number_of_operations minus food_fish_operations)
AG CENSUS AREA,AK,090,Fairbanks North Star Area,1997,133,"FOOD FISH (HATCHERY), EXCL CATFISH & TROUT - SALES & DISTRIBUTION, MEASURED IN $","FOOD FISH, (EXCL CATFISH & TROUT) - SALES & DISTRIBUTION, MEASURED IN $",TOTAL,NOT SPECIFIED,$,0,0,FALSE,Added context: Ch 2 Table 22,food_fish_sales_usd,"Food fish (excl. catfish & trout) sales and distribution; in Alaska mostly salmon hatcheries; no food fish reported here, counted as 0"
AG CENSUS AREA,AK,090,Fairbanks North Star Area,2002,133,"FOOD FISH (HATCHERY), EXCL CATFISH & TROUT - SALES & DISTRIBUTION, MEASURED IN $","FOOD FISH, (EXCL CATFISH & TROUT) - SALES & DISTRIBUTION, MEASURED IN $",TOTAL,NOT SPECIFIED,$,0,0,FALSE,Added context: Ch 2 Table 22,food_fish_sales_usd,"Food fish (excl. catfish & trout) sales and distribution; in Alaska mostly salmon hatcheries; no food fish reported here, counted as 0"
AG CENSUS AREA,AK,090,Fairbanks North Star Area,2007,133,"FOOD FISH (HATCHERY), EXCL CATFISH & TROUT - SALES & DISTRIBUTION, MEASURED IN $","FOOD FISH, (EXCL CATFISH & TROUT) - SALES & DISTRIBUTION, MEASURED IN $",TOTAL,NOT SPECIFIED,$,0,0,FALSE,Added context: Ch 2 Table 22,food_fish_sales_usd,"Food fish (excl. catfish & trout) sales and distribution; in Alaska mostly salmon hatcheries; no food fish reported here, counted as 0"
AG CENSUS AREA,AK,090,Fairbanks North Star Area,1997,134,"FOOD FISH (HATCHERY), EXCL CATFISH & TROUT - OPERATIONS WITH SALES & DISTRIBUTION","FOOD FISH, (EXCL CATFISH & TROUT) - OPERATIONS WITH SALES & DISTRIBUTION",TOTAL,NOT SPECIFIED,OPERATIONS,0,0,FALSE,Added context: Ch 2 Table 22,food_fish_operations,"Operations reporting food fish (excl. catfish & trout) sales and distribution; no food fish reported here, counted as 0"
AG CENSUS AREA,AK,090,Fairbanks North Star Area,2002,134,"FOOD FISH (HATCHERY), EXCL CATFISH & TROUT - OPERATIONS WITH SALES & DISTRIBUTION","FOOD FISH, (EXCL CATFISH & TROUT) - OPERATIONS WITH SALES & DISTRIBUTION",TOTAL,NOT SPECIFIED,OPERATIONS,0,0,FALSE,Added context: Ch 2 Table 22,food_fish_operations,"Operations reporting food fish (excl. catfish & trout) sales and distribution; no food fish reported here, counted as 0"
AG CENSUS AREA,AK,090,Fairbanks North Star Area,2007,134,"FOOD FISH (HATCHERY), EXCL CATFISH & TROUT - OPERATIONS WITH SALES & DISTRIBUTION","FOOD FISH, (EXCL CATFISH & TROUT) - OPERATIONS WITH SALES & DISTRIBUTION",TOTAL,NOT SPECIFIED,OPERATIONS,0,0,FALSE,Added context: Ch 2 Table 22,food_fish_operations,"Operations reporting food fish (excl. catfish & trout) sales and distribution; no food fish reported here, counted as 0"
AG CENSUS AREA,AK,090,Fairbanks North Star Area,2012,134,"FOOD FISH (HATCHERY), EXCL CATFISH & TROUT - OPERATIONS WITH SALES & DISTRIBUTION","FOOD FISH, (EXCL CATFISH & TROUT) - OPERATIONS WITH SALES & DISTRIBUTION",TOTAL,NOT SPECIFIED,OPERATIONS,1,1,FALSE,Added context: Ch 2 Table 22,food_fish_operations,Operations reporting food fish (excl. catfish & trout) sales and distribution
AG CENSUS AREA,AK,090,Fairbanks North Star Area,2017,134,"FOOD FISH (HATCHERY), EXCL CATFISH & TROUT - OPERATIONS WITH SALES & DISTRIBUTION","FOOD FISH, (EXCL CATFISH & TROUT) - OPERATIONS WITH SALES & DISTRIBUTION",TOTAL,NOT SPECIFIED,OPERATIONS,1,1,FALSE,Added context: Ch 2 Table 22,food_fish_operations,Operations reporting food fish (excl. catfish & trout) sales and distribution
AG CENSUS AREA,AK,090,Fairbanks North Star Area,2022,134,"FOOD FISH (HATCHERY), EXCL CATFISH & TROUT - OPERATIONS WITH SALES & DISTRIBUTION","FOOD FISH, (EXCL CATFISH & TROUT) - OPERATIONS WITH SALES & DISTRIBUTION",TOTAL,NOT SPECIFIED,OPERATIONS,1,1,FALSE,Added context: Ch 2 Table 22,food_fish_operations,Operations reporting food fish (excl. catfish & trout) sales and distribution
AG CENSUS AREA,AK,090,Fairbanks North Star Area,1997,135,"AG SALES EXCL FOOD FISH - SALES, MEASURED IN $",NA,TOTAL,NOT SPECIFIED,$,"5,822,000",5822000,FALSE,Derived,ag_sales_excl_food_fish_usd,"commodity_totals_sales_usd minus food_fish_sales_usd; no food fish reported here, counted as 0"
AG CENSUS AREA,AK,090,Fairbanks North Star Area,2002,135,"AG SALES EXCL FOOD FISH - SALES, MEASURED IN $",NA,TOTAL,NOT SPECIFIED,$,"5,285,000",5285000,FALSE,Derived,ag_sales_excl_food_fish_usd,"commodity_totals_sales_usd minus food_fish_sales_usd; no food fish reported here, counted as 0"
AG CENSUS AREA,AK,090,Fairbanks North Star Area,2007,135,"AG SALES EXCL FOOD FISH - SALES, MEASURED IN $",NA,TOTAL,NOT SPECIFIED,$,"7,075,000",7075000,FALSE,Derived,ag_sales_excl_food_fish_usd,"commodity_totals_sales_usd minus food_fish_sales_usd; no food fish reported here, counted as 0"
AG CENSUS AREA,AK,090,Fairbanks North Star Area,1997,136,"ANIMAL SALES EXCL FOOD FISH - SALES, MEASURED IN $",NA,TOTAL,NOT SPECIFIED,$,"1,589,000",1589000,FALSE,Derived,animal_sales_excl_food_fish_usd,"animal_totals_incl_products_sales_usd minus food_fish_sales_usd (keeps livestock, poultry, products and other aquaculture); no food fish reported here, counted as 0"
AG CENSUS AREA,AK,090,Fairbanks North Star Area,2002,136,"ANIMAL SALES EXCL FOOD FISH - SALES, MEASURED IN $",NA,TOTAL,NOT SPECIFIED,$,"936,000",936000,FALSE,Derived,animal_sales_excl_food_fish_usd,"animal_totals_incl_products_sales_usd minus food_fish_sales_usd (keeps livestock, poultry, products and other aquaculture); no food fish reported here, counted as 0"
AG CENSUS AREA,AK,090,Fairbanks North Star Area,2007,136,"ANIMAL SALES EXCL FOOD FISH - SALES, MEASURED IN $",NA,TOTAL,NOT SPECIFIED,$,"1,187,000",1187000,FALSE,Derived,animal_sales_excl_food_fish_usd,"animal_totals_incl_products_sales_usd minus food_fish_sales_usd (keeps livestock, poultry, products and other aquaculture); no food fish reported here, counted as 0"
AG CENSUS AREA,AK,090,Fairbanks North Star Area,1997,137,"FOOD FISH - SHARE OF TOTAL AG SALES, MEASURED IN PCT",NA,TOTAL,NOT SPECIFIED,PCT,0.0,0,FALSE,Derived,food_fish_pct_of_ag_sales,"food_fish_sales_usd / commodity_totals_sales_usd x 100; no food fish reported here, counted as 0"
AG CENSUS AREA,AK,090,Fairbanks North Star Area,2002,137,"FOOD FISH - SHARE OF TOTAL AG SALES, MEASURED IN PCT",NA,TOTAL,NOT SPECIFIED,PCT,0.0,0,FALSE,Derived,food_fish_pct_of_ag_sales,"food_fish_sales_usd / commodity_totals_sales_usd x 100; no food fish reported here, counted as 0"
AG CENSUS AREA,AK,090,Fairbanks North Star Area,2007,137,"FOOD FISH - SHARE OF TOTAL AG SALES, MEASURED IN PCT",NA,TOTAL,NOT SPECIFIED,PCT,0.0,0,FALSE,Derived,food_fish_pct_of_ag_sales,"food_fish_sales_usd / commodity_totals_sales_usd x 100; no food fish reported here, counted as 0"
AG CENSUS AREA,AK,090,Fairbanks North Star Area,1997,138,"AG SALES EXCL FOOD FISH - SALES, MEASURED IN $ / OPERATION",NA,TOTAL,NOT SPECIFIED,$ / OPERATION,"32,525",32525.13966480447,FALSE,Derived,ag_sales_excl_food_fish_per_farm_usd,"ag_sales_excl_food_fish_usd / (farm_operations_number_of_operations minus food_fish_operations); no food fish reported here, counted as 0"
AG CENSUS AREA,AK,090,Fairbanks North Star Area,2002,138,"AG SALES EXCL FOOD FISH - SALES, MEASURED IN $ / OPERATION",NA,TOTAL,NOT SPECIFIED,$ / OPERATION,"28,262",28262.0320855615,FALSE,Derived,ag_sales_excl_food_fish_per_farm_usd,"ag_sales_excl_food_fish_usd / (farm_operations_number_of_operations minus food_fish_operations); no food fish reported here, counted as 0"
AG CENSUS AREA,AK,090,Fairbanks North Star Area,2007,138,"AG SALES EXCL FOOD FISH - SALES, MEASURED IN $ / OPERATION",NA,TOTAL,NOT SPECIFIED,$ / OPERATION,"33,373",33372.64150943396,FALSE,Derived,ag_sales_excl_food_fish_per_farm_usd,"ag_sales_excl_food_fish_usd / (farm_operations_number_of_operations minus food_fish_operations); no food fish reported here, counted as 0"
AG CENSUS AREA,AK,110,Juneau Area,1997,133,"FOOD FISH (HATCHERY), EXCL CATFISH & TROUT - SALES & DISTRIBUTION, MEASURED IN $","FOOD FISH, (EXCL CATFISH & TROUT) - SALES & DISTRIBUTION, MEASURED IN $",TOTAL,NOT SPECIFIED,$,0,0,FALSE,Added context: Ch 2 Table 22,food_fish_sales_usd,"Food fish (excl. catfish & trout) sales and distribution; in Alaska mostly salmon hatcheries; no food fish reported here, counted as 0"
AG CENSUS AREA,AK,110,Juneau Area,2002,133,"FOOD FISH (HATCHERY), EXCL CATFISH & TROUT - SALES & DISTRIBUTION, MEASURED IN $","FOOD FISH, (EXCL CATFISH & TROUT) - SALES & DISTRIBUTION, MEASURED IN $",TOTAL,NOT SPECIFIED,$,0,0,FALSE,Added context: Ch 2 Table 22,food_fish_sales_usd,"Food fish (excl. catfish & trout) sales and distribution; in Alaska mostly salmon hatcheries; no food fish reported here, counted as 0"
AG CENSUS AREA,AK,110,Juneau Area,2007,133,"FOOD FISH (HATCHERY), EXCL CATFISH & TROUT - SALES & DISTRIBUTION, MEASURED IN $","FOOD FISH, (EXCL CATFISH & TROUT) - SALES & DISTRIBUTION, MEASURED IN $",TOTAL,NOT SPECIFIED,$,"10,468,000",10468000,FALSE,Added context: Ch 2 Table 22,food_fish_sales_usd,Food fish (excl. catfish & trout) sales and distribution; in Alaska mostly salmon hatcheries
AG CENSUS AREA,AK,110,Juneau Area,2017,133,"FOOD FISH (HATCHERY), EXCL CATFISH & TROUT - SALES & DISTRIBUTION, MEASURED IN $","FOOD FISH, (EXCL CATFISH & TROUT) - SALES & DISTRIBUTION, MEASURED IN $",TOTAL,NOT SPECIFIED,$,"12,603,000",12603000,FALSE,Added context: Ch 2 Table 22,food_fish_sales_usd,Food fish (excl. catfish & trout) sales and distribution; in Alaska mostly salmon hatcheries
AG CENSUS AREA,AK,110,Juneau Area,2022,133,"FOOD FISH (HATCHERY), EXCL CATFISH & TROUT - SALES & DISTRIBUTION, MEASURED IN $","FOOD FISH, (EXCL CATFISH & TROUT) - SALES & DISTRIBUTION, MEASURED IN $",TOTAL,NOT SPECIFIED,$,"16,026,000",16026000,FALSE,Added context: Ch 2 Table 22,food_fish_sales_usd,Food fish (excl. catfish & trout) sales and distribution; in Alaska mostly salmon hatcheries
AG CENSUS AREA,AK,110,Juneau Area,1997,134,"FOOD FISH (HATCHERY), EXCL CATFISH & TROUT - OPERATIONS WITH SALES & DISTRIBUTION","FOOD FISH, (EXCL CATFISH & TROUT) - OPERATIONS WITH SALES & DISTRIBUTION",TOTAL,NOT SPECIFIED,OPERATIONS,0,0,FALSE,Added context: Ch 2 Table 22,food_fish_operations,"Operations reporting food fish (excl. catfish & trout) sales and distribution; no food fish reported here, counted as 0"
AG CENSUS AREA,AK,110,Juneau Area,2002,134,"FOOD FISH (HATCHERY), EXCL CATFISH & TROUT - OPERATIONS WITH SALES & DISTRIBUTION","FOOD FISH, (EXCL CATFISH & TROUT) - OPERATIONS WITH SALES & DISTRIBUTION",TOTAL,NOT SPECIFIED,OPERATIONS,11,11,FALSE,Added context: Ch 2 Table 22,food_fish_operations,"Operations reporting food fish (excl. catfish & trout) sales and distribution; no food fish reported here, counted as 0"
AG CENSUS AREA,AK,110,Juneau Area,2007,134,"FOOD FISH (HATCHERY), EXCL CATFISH & TROUT - OPERATIONS WITH SALES & DISTRIBUTION","FOOD FISH, (EXCL CATFISH & TROUT) - OPERATIONS WITH SALES & DISTRIBUTION",TOTAL,NOT SPECIFIED,OPERATIONS,14,14,FALSE,Added context: Ch 2 Table 22,food_fish_operations,Operations reporting food fish (excl. catfish & trout) sales and distribution
AG CENSUS AREA,AK,110,Juneau Area,2012,134,"FOOD FISH (HATCHERY), EXCL CATFISH & TROUT - OPERATIONS WITH SALES & DISTRIBUTION","FOOD FISH, (EXCL CATFISH & TROUT) - OPERATIONS WITH SALES & DISTRIBUTION",TOTAL,NOT SPECIFIED,OPERATIONS,14,14,FALSE,Added context: Ch 2 Table 22,food_fish_operations,Operations reporting food fish (excl. catfish & trout) sales and distribution
AG CENSUS AREA,AK,110,Juneau Area,2017,134,"FOOD FISH (HATCHERY), EXCL CATFISH & TROUT - OPERATIONS WITH SALES & DISTRIBUTION","FOOD FISH, (EXCL CATFISH & TROUT) - OPERATIONS WITH SALES & DISTRIBUTION",TOTAL,NOT SPECIFIED,OPERATIONS,12,12,FALSE,Added context: Ch 2 Table 22,food_fish_operations,Operations reporting food fish (excl. catfish & trout) sales and distribution
AG CENSUS AREA,AK,110,Juneau Area,2022,134,"FOOD FISH (HATCHERY), EXCL CATFISH & TROUT - OPERATIONS WITH SALES & DISTRIBUTION","FOOD FISH, (EXCL CATFISH & TROUT) - OPERATIONS WITH SALES & DISTRIBUTION",TOTAL,NOT SPECIFIED,OPERATIONS,13,13,FALSE,Added context: Ch 2 Table 22,food_fish_operations,Operations reporting food fish (excl. catfish & trout) sales and distribution
AG CENSUS AREA,AK,110,Juneau Area,1997,135,"AG SALES EXCL FOOD FISH - SALES, MEASURED IN $",NA,TOTAL,NOT SPECIFIED,$,"366,000",366000,FALSE,Derived,ag_sales_excl_food_fish_usd,"commodity_totals_sales_usd minus food_fish_sales_usd; no food fish reported here, counted as 0"
AG CENSUS AREA,AK,110,Juneau Area,2002,135,"AG SALES EXCL FOOD FISH - SALES, MEASURED IN $",NA,TOTAL,NOT SPECIFIED,$,"10,962,000",10962000,FALSE,Derived,ag_sales_excl_food_fish_usd,"commodity_totals_sales_usd minus food_fish_sales_usd; no food fish reported here, counted as 0"
AG CENSUS AREA,AK,110,Juneau Area,2007,135,"AG SALES EXCL FOOD FISH - SALES, MEASURED IN $",NA,TOTAL,NOT SPECIFIED,$,"1,302,000",1302000,FALSE,Derived,ag_sales_excl_food_fish_usd,commodity_totals_sales_usd minus food_fish_sales_usd
AG CENSUS AREA,AK,110,Juneau Area,2017,135,"AG SALES EXCL FOOD FISH - SALES, MEASURED IN $",NA,TOTAL,NOT SPECIFIED,$,"1,526,000",1526000,FALSE,Derived,ag_sales_excl_food_fish_usd,commodity_totals_sales_usd minus food_fish_sales_usd
AG CENSUS AREA,AK,110,Juneau Area,2022,135,"AG SALES EXCL FOOD FISH - SALES, MEASURED IN $",NA,TOTAL,NOT SPECIFIED,$,"2,679,000",2679000,FALSE,Derived,ag_sales_excl_food_fish_usd,commodity_totals_sales_usd minus food_fish_sales_usd
AG CENSUS AREA,AK,110,Juneau Area,2002,136,"ANIMAL SALES EXCL FOOD FISH - SALES, MEASURED IN $",NA,TOTAL,NOT SPECIFIED,$,"10,374,000",10374000,FALSE,Derived,animal_sales_excl_food_fish_usd,"animal_totals_incl_products_sales_usd minus food_fish_sales_usd (keeps livestock, poultry, products and other aquaculture); no food fish reported here, counted as 0"
AG CENSUS AREA,AK,110,Juneau Area,2007,136,"ANIMAL SALES EXCL FOOD FISH - SALES, MEASURED IN $",NA,TOTAL,NOT SPECIFIED,$,"395,000",395000,FALSE,Derived,animal_sales_excl_food_fish_usd,"animal_totals_incl_products_sales_usd minus food_fish_sales_usd (keeps livestock, poultry, products and other aquaculture)"
AG CENSUS AREA,AK,110,Juneau Area,2017,136,"ANIMAL SALES EXCL FOOD FISH - SALES, MEASURED IN $",NA,TOTAL,NOT SPECIFIED,$,"603,000",603000,FALSE,Derived,animal_sales_excl_food_fish_usd,"animal_totals_incl_products_sales_usd minus food_fish_sales_usd (keeps livestock, poultry, products and other aquaculture)"
AG CENSUS AREA,AK,110,Juneau Area,2022,136,"ANIMAL SALES EXCL FOOD FISH - SALES, MEASURED IN $",NA,TOTAL,NOT SPECIFIED,$,"1,534,000",1534000,FALSE,Derived,animal_sales_excl_food_fish_usd,"animal_totals_incl_products_sales_usd minus food_fish_sales_usd (keeps livestock, poultry, products and other aquaculture)"
AG CENSUS AREA,AK,110,Juneau Area,1997,137,"FOOD FISH - SHARE OF TOTAL AG SALES, MEASURED IN PCT",NA,TOTAL,NOT SPECIFIED,PCT,0.0,0,FALSE,Derived,food_fish_pct_of_ag_sales,"food_fish_sales_usd / commodity_totals_sales_usd x 100; no food fish reported here, counted as 0"
AG CENSUS AREA,AK,110,Juneau Area,2002,137,"FOOD FISH - SHARE OF TOTAL AG SALES, MEASURED IN PCT",NA,TOTAL,NOT SPECIFIED,PCT,0.0,0,FALSE,Derived,food_fish_pct_of_ag_sales,"food_fish_sales_usd / commodity_totals_sales_usd x 100; no food fish reported here, counted as 0"
AG CENSUS AREA,AK,110,Juneau Area,2007,137,"FOOD FISH - SHARE OF TOTAL AG SALES, MEASURED IN PCT",NA,TOTAL,NOT SPECIFIED,PCT,88.9,88.93797790994053,FALSE,Derived,food_fish_pct_of_ag_sales,food_fish_sales_usd / commodity_totals_sales_usd x 100
AG CENSUS AREA,AK,110,Juneau Area,2017,137,"FOOD FISH - SHARE OF TOTAL AG SALES, MEASURED IN PCT",NA,TOTAL,NOT SPECIFIED,PCT,89.2,89.19951872036238,FALSE,Derived,food_fish_pct_of_ag_sales,food_fish_sales_usd / commodity_totals_sales_usd x 100
AG CENSUS AREA,AK,110,Juneau Area,2022,137,"FOOD FISH - SHARE OF TOTAL AG SALES, MEASURED IN PCT",NA,TOTAL,NOT SPECIFIED,PCT,85.7,85.67762630312751,FALSE,Derived,food_fish_pct_of_ag_sales,food_fish_sales_usd / commodity_totals_sales_usd x 100
AG CENSUS AREA,AK,110,Juneau Area,1997,138,"AG SALES EXCL FOOD FISH - SALES, MEASURED IN $ / OPERATION",NA,TOTAL,NOT SPECIFIED,$ / OPERATION,"16,636",16636.363636363636,FALSE,Derived,ag_sales_excl_food_fish_per_farm_usd,"ag_sales_excl_food_fish_usd / (farm_operations_number_of_operations minus food_fish_operations); no food fish reported here, counted as 0"
AG CENSUS AREA,AK,110,Juneau Area,2002,138,"AG SALES EXCL FOOD FISH - SALES, MEASURED IN $ / OPERATION",NA,TOTAL,NOT SPECIFIED,$ / OPERATION,"421,615",421615.3846153846,FALSE,Derived,ag_sales_excl_food_fish_per_farm_usd,"ag_sales_excl_food_fish_usd / (farm_operations_number_of_operations minus food_fish_operations); no food fish reported here, counted as 0"
AG CENSUS AREA,AK,110,Juneau Area,2007,138,"AG SALES EXCL FOOD FISH - SALES, MEASURED IN $ / OPERATION",NA,TOTAL,NOT SPECIFIED,$ / OPERATION,"56,609",56608.69565217391,FALSE,Derived,ag_sales_excl_food_fish_per_farm_usd,ag_sales_excl_food_fish_usd / (farm_operations_number_of_operations minus food_fish_operations)
AG CENSUS AREA,AK,110,Juneau Area,2017,138,"AG SALES EXCL FOOD FISH - SALES, MEASURED IN $ / OPERATION",NA,TOTAL,NOT SPECIFIED,$ / OPERATION,"31,792",31791.666666666668,FALSE,Derived,ag_sales_excl_food_fish_per_farm_usd,ag_sales_excl_food_fish_usd / (farm_operations_number_of_operations minus food_fish_operations)
AG CENSUS AREA,AK,110,Juneau Area,2022,138,"AG SALES EXCL FOOD FISH - SALES, MEASURED IN $ / OPERATION",NA,TOTAL,NOT SPECIFIED,$ / OPERATION,"33,074",33074.07407407407,FALSE,Derived,ag_sales_excl_food_fish_per_farm_usd,ag_sales_excl_food_fish_usd / (farm_operations_number_of_operations minus food_fish_operations)
AG CENSUS AREA,AK,122,Kenai Peninsula Area,1997,133,"FOOD FISH (HATCHERY), EXCL CATFISH & TROUT - SALES & DISTRIBUTION, MEASURED IN $","FOOD FISH, (EXCL CATFISH & TROUT) - SALES & DISTRIBUTION, MEASURED IN $",TOTAL,NOT SPECIFIED,$,0,0,FALSE,Added context: Ch 2 Table 22,food_fish_sales_usd,"Food fish (excl. catfish & trout) sales and distribution; in Alaska mostly salmon hatcheries; no food fish reported here, counted as 0"
AG CENSUS AREA,AK,122,Kenai Peninsula Area,2002,133,"FOOD FISH (HATCHERY), EXCL CATFISH & TROUT - SALES & DISTRIBUTION, MEASURED IN $","FOOD FISH, (EXCL CATFISH & TROUT) - SALES & DISTRIBUTION, MEASURED IN $",TOTAL,NOT SPECIFIED,$,0,0,FALSE,Added context: Ch 2 Table 22,food_fish_sales_usd,"Food fish (excl. catfish & trout) sales and distribution; in Alaska mostly salmon hatcheries; no food fish reported here, counted as 0"
AG CENSUS AREA,AK,122,Kenai Peninsula Area,1997,134,"FOOD FISH (HATCHERY), EXCL CATFISH & TROUT - OPERATIONS WITH SALES & DISTRIBUTION","FOOD FISH, (EXCL CATFISH & TROUT) - OPERATIONS WITH SALES & DISTRIBUTION",TOTAL,NOT SPECIFIED,OPERATIONS,0,0,FALSE,Added context: Ch 2 Table 22,food_fish_operations,"Operations reporting food fish (excl. catfish & trout) sales and distribution; no food fish reported here, counted as 0"
AG CENSUS AREA,AK,122,Kenai Peninsula Area,2002,134,"FOOD FISH (HATCHERY), EXCL CATFISH & TROUT - OPERATIONS WITH SALES & DISTRIBUTION","FOOD FISH, (EXCL CATFISH & TROUT) - OPERATIONS WITH SALES & DISTRIBUTION",TOTAL,NOT SPECIFIED,OPERATIONS,3,3,FALSE,Added context: Ch 2 Table 22,food_fish_operations,"Operations reporting food fish (excl. catfish & trout) sales and distribution; no food fish reported here, counted as 0"
AG CENSUS AREA,AK,122,Kenai Peninsula Area,2017,134,"FOOD FISH (HATCHERY), EXCL CATFISH & TROUT - OPERATIONS WITH SALES & DISTRIBUTION","FOOD FISH, (EXCL CATFISH & TROUT) - OPERATIONS WITH SALES & DISTRIBUTION",TOTAL,NOT SPECIFIED,OPERATIONS,1,1,FALSE,Added context: Ch 2 Table 22,food_fish_operations,Operations reporting food fish (excl. catfish & trout) sales and distribution
AG CENSUS AREA,AK,122,Kenai Peninsula Area,2022,134,"FOOD FISH (HATCHERY), EXCL CATFISH & TROUT - OPERATIONS WITH SALES & DISTRIBUTION","FOOD FISH, (EXCL CATFISH & TROUT) - OPERATIONS WITH SALES & DISTRIBUTION",TOTAL,NOT SPECIFIED,OPERATIONS,1,1,FALSE,Added context: Ch 2 Table 22,food_fish_operations,Operations reporting food fish (excl. catfish & trout) sales and distribution
AG CENSUS AREA,AK,122,Kenai Peninsula Area,1997,135,"AG SALES EXCL FOOD FISH - SALES, MEASURED IN $",NA,TOTAL,NOT SPECIFIED,$,"1,259,000",1259000,FALSE,Derived,ag_sales_excl_food_fish_usd,"commodity_totals_sales_usd minus food_fish_sales_usd; no food fish reported here, counted as 0"
AG CENSUS AREA,AK,122,Kenai Peninsula Area,2002,135,"AG SALES EXCL FOOD FISH - SALES, MEASURED IN $",NA,TOTAL,NOT SPECIFIED,$,"2,056,000",2056000,FALSE,Derived,ag_sales_excl_food_fish_usd,"commodity_totals_sales_usd minus food_fish_sales_usd; no food fish reported here, counted as 0"
AG CENSUS AREA,AK,122,Kenai Peninsula Area,1997,136,"ANIMAL SALES EXCL FOOD FISH - SALES, MEASURED IN $",NA,TOTAL,NOT SPECIFIED,$,"355,000",355000,FALSE,Derived,animal_sales_excl_food_fish_usd,"animal_totals_incl_products_sales_usd minus food_fish_sales_usd (keeps livestock, poultry, products and other aquaculture); no food fish reported here, counted as 0"
AG CENSUS AREA,AK,122,Kenai Peninsula Area,1997,137,"FOOD FISH - SHARE OF TOTAL AG SALES, MEASURED IN PCT",NA,TOTAL,NOT SPECIFIED,PCT,0.0,0,FALSE,Derived,food_fish_pct_of_ag_sales,"food_fish_sales_usd / commodity_totals_sales_usd x 100; no food fish reported here, counted as 0"
AG CENSUS AREA,AK,122,Kenai Peninsula Area,2002,137,"FOOD FISH - SHARE OF TOTAL AG SALES, MEASURED IN PCT",NA,TOTAL,NOT SPECIFIED,PCT,0.0,0,FALSE,Derived,food_fish_pct_of_ag_sales,"food_fish_sales_usd / commodity_totals_sales_usd x 100; no food fish reported here, counted as 0"
AG CENSUS AREA,AK,122,Kenai Peninsula Area,1997,138,"AG SALES EXCL FOOD FISH - SALES, MEASURED IN $ / OPERATION",NA,TOTAL,NOT SPECIFIED,$ / OPERATION,"14,146",14146.067415730337,FALSE,Derived,ag_sales_excl_food_fish_per_farm_usd,"ag_sales_excl_food_fish_usd / (farm_operations_number_of_operations minus food_fish_operations); no food fish reported here, counted as 0"
AG CENSUS AREA,AK,122,Kenai Peninsula Area,2002,138,"AG SALES EXCL FOOD FISH - SALES, MEASURED IN $ / OPERATION",NA,TOTAL,NOT SPECIFIED,$ / OPERATION,"21,642",21642.105263157893,FALSE,Derived,ag_sales_excl_food_fish_per_farm_usd,"ag_sales_excl_food_fish_usd / (farm_operations_number_of_operations minus food_fish_operations); no food fish reported here, counted as 0"
